campaign_name,city,coupon_code,currency,customer_id,customer_segment,delivered_timestamp,delivery_days,device_type,discount_amount,discount_rate,gross_amount,is_late_delivery,net_amount,order_id,order_status,order_timestamp,payment_method,product_category,product_id,product_name,quantity,review_score,sales_channel,shipping_fee,shipping_type,state,unit_price,warehouse_code,delivery_status
Weekend Flash,Los Angeles,DATA20,USD,CUST-2017,new,2025-09-15T07:57:34.000Z,1,mobile,81.38,0.2,406.92,false,325.54,ORD-10001,shipped,2025-09-14T07:57:34.000Z,credit_card,Electronics,PRD-3120,Bluetooth Speaker,2,2,mobile_app,0,same_day,CA,203.46,WH-TX-03,on_time
Summer Deals,Dallas,SUMMER15,USD,CUST-2053,new,2025-09-16T21:21:17.000Z,2,mobile,0,0,1094.64,false,1099.63,ORD-10002,completed,2025-09-14T21:21:17.000Z,bank_transfer,Books,PRD-3184,SQL Fundamentals,3,5,web,4.99,standard,TX,364.88,WH-TX-03,on_time
AI Promo,Los Angeles,FREESHIP,USD,CUST-2041,new,2025-08-20T06:04:02.000Z,6,desktop,111.53,0.05,2230.55,true,2134.01,ORD-10003,completed,2025-08-14T06:04:02.000Z,bank_transfer,Books,PRD-3143,Python for Data,5,5,mobile_app,14.99,standard,CA,446.11,WH-CA-02,late
Summer Deals,Houston,WELCOME10,USD,CUST-2286,new,null,null,desktop,147.36,0.15,982.42,null,840.05,ORD-10004,cancelled,2025-08-11T22:24:17.000Z,credit_card,Fashion,PRD-3029,Sneakers,2,null,marketplace,4.99,express,TX,491.21,WH-CA-02,on_time
UNKNOWN,Los Angeles,SUMMER15,USD,CUST-2383,vip,2025-08-16T16:08:15.000Z,6,tablet,71.19,0.1,711.88,true,650.68,ORD-10005,shipped,2025-08-10T16:08:15.000Z,debit_card,Home,PRD-3205,LED Lamp,4,5,web,9.99,standard,CA,177.97,WH-CA-02,late
AI Promo,Los Angeles,DATA20,USD,CUST-2498,vip,2025-09-13T10:24:24.000Z,5,tablet,52.3,0.2,261.48,true,219.17,ORD-10006,completed,2025-09-08T10:24:24.000Z,bank_transfer,Electronics,PRD-3059,Wireless Earbuds,2,5,mobile_app,9.99,same_day,CA,130.74,WH-NY-01,late
UNKNOWN,Phoenix,SUMMER15,USD,CUST-2328,vip,2025-09-05T11:55:40.000Z,3,mobile,165.8,0.15,1105.32,false,944.51,ORD-10007,returned,2025-09-02T11:55:40.000Z,debit_card,Books,PRD-3079,SQL Fundamentals,3,null,marketplace,4.99,same_day,AZ,368.44,WH-NY-01,on_time
UNKNOWN,Boston,FREESHIP,USD,CUST-2418,new,2025-08-05T15:56:36.000Z,1,mobile,3.81,0.05,76.17,false,77.35,ORD-10008,completed,2025-08-04T15:56:36.000Z,debit_card,Fashion,PRD-3066,T-Shirt,3,1,marketplace,4.99,express,MA,25.39,WH-TX-03,on_time
Back to School,Seattle,DATA20,USD,CUST-2174,new,2025-09-01T00:28:07.000Z,2,tablet,458.58,0.2,2292.92,false,1842.33,ORD-10009,completed,2025-08-30T00:28:07.000Z,debit_card,Home,PRD-3118,Vacuum Cleaner,4,4,marketplace,7.99,standard,WA,573.23,WH-TX-03,on_time
Back to School,New York,FREESHIP,USD,CUST-2371,vip,2025-08-18T16:42:31.000Z,2,desktop,0,0,2175.84,false,2190.83,ORD-10010,shipped,2025-08-16T16:42:31.000Z,digital_wallet,Home,PRD-3125,Air Fryer,3,4,marketplace,14.99,standard,NY,725.28,WH-NY-01,on_time
Weekend Flash,Seattle,FREESHIP,USD,CUST-2056,new,2025-08-11T20:46:21.000Z,7,mobile,66.95,0.2,334.77,true,267.82,ORD-10011,returned,2025-08-04T20:46:21.000Z,debit_card,Fashion,PRD-3275,T-Shirt,1,null,mobile_app,0,express,WA,334.77,WH-CA-02,late
Back to School,Miami,FREESHIP,USD,CUST-2435,new,2025-09-13T01:53:00.000Z,1,desktop,0,0,1800.35,false,1800.35,ORD-10012,returned,2025-09-12T01:53:00.000Z,debit_card,Home,PRD-3249,Air Fryer,5,null,mobile_app,0,express,FL,360.07,WH-NY-01,on_time
AI Promo,Seattle,NO_COUPON,USD,CUST-2250,new,null,null,desktop,43.9,0.05,878.04,null,844.13,ORD-10013,cancelled,2025-09-15T07:50:35.000Z,credit_card,Electronics,PRD-3112,Tablet Stand,4,null,mobile_app,9.99,same_day,WA,219.51,WH-NY-01,on_time
Back to School,New York,WELCOME10,USD,CUST-2346,new,2025-09-03T10:54:11.000Z,1,mobile,0,0,2036.25,false,2036.25,ORD-10014,shipped,2025-09-02T10:54:11.000Z,credit_card,Sports,PRD-3292,Resistance Bands,5,4,web,0,same_day,NY,407.25,WH-CA-02,on_time
UNKNOWN,Boston,FREESHIP,USD,CUST-2154,returning,null,null,mobile,299.37,0.2,1496.84,null,1205.46,ORD-10015,cancelled,2025-08-16T16:25:08.000Z,credit_card,Sports,PRD-3005,Cycling Helmet,2,null,web,7.99,standard,MA,748.42,WH-NY-01,on_time
Back to School,Dallas,DATA20,USD,CUST-2155,vip,null,null,tablet,0,0,747.27,null,755.26,ORD-10016,cancelled,2025-08-19T13:28:53.000Z,bank_transfer,Fashion,PRD-3005,Backpack,1,null,marketplace,7.99,same_day,TX,747.27,WH-NY-01,on_time
Summer Deals,Phoenix,NO_COUPON,USD,CUST-2325,returning,null,null,desktop,59.65,0.05,1193.02,null,1141.36,ORD-10017,cancelled,2025-09-08T14:45:21.000Z,credit_card,Electronics,PRD-3129,Wireless Earbuds,2,null,marketplace,7.99,same_day,AZ,596.51,WH-CA-02,on_time
Weekend Flash,New York,SUMMER15,USD,CUST-2484,vip,2025-09-07T06:27:35.000Z,1,tablet,0,0,1857.54,false,1867.53,ORD-10018,completed,2025-09-06T06:27:35.000Z,debit_card,Electronics,PRD-3019,Bluetooth Speaker,3,4,mobile_app,9.99,express,NY,619.18,WH-NY-01,on_time
Back to School,Phoenix,WELCOME10,USD,CUST-2209,vip,2025-09-17T11:22:49.000Z,5,mobile,288.06,0.2,1440.3,true,1157.23,ORD-10019,returned,2025-09-12T11:22:49.000Z,debit_card,Fashion,PRD-3122,Sneakers,2,null,marketplace,4.99,express,AZ,720.15,WH-NY-01,late
Back to School,San Francisco,FREESHIP,USD,CUST-2157,new,2025-10-01T23:14:12.000Z,7,mobile,22.08,0.1,220.78,true,198.7,ORD-10020,completed,2025-09-24T23:14:12.000Z,bank_transfer,Books,PRD-3099,SQL Fundamentals,1,5,mobile_app,0,express,CA,220.78,WH-CA-02,late
UNKNOWN,San Francisco,FREESHIP,USD,CUST-2306,returning,2025-08-11T16:11:37.000Z,3,tablet,136.71,0.05,2734.1,false,2597.39,ORD-10021,completed,2025-08-08T16:11:37.000Z,credit_card,Sports,PRD-3161,Resistance Bands,5,4,web,0,express,CA,546.82,WH-NY-01,on_time
Summer Deals,Phoenix,SUMMER15,USD,CUST-2340,new,2025-08-27T21:04:42.000Z,3,desktop,11.34,0.2,56.7,false,50.35,ORD-10022,shipped,2025-08-24T21:04:42.000Z,digital_wallet,Electronics,PRD-3260,Tablet Stand,5,5,marketplace,4.99,express,AZ,11.34,WH-TX-03,on_time
Summer Deals,Phoenix,DATA20,USD,CUST-2001,returning,2025-09-15T02:19:25.000Z,5,mobile,129.24,0.2,646.2,true,521.95,ORD-10023,returned,2025-09-10T02:19:25.000Z,bank_transfer,Sports,PRD-3221,Dumbbell Set,4,null,web,4.99,express,AZ,161.55,WH-CA-02,late
Back to School,Houston,WELCOME10,USD,CUST-2420,new,2025-08-25T00:42:40.000Z,5,desktop,254.82,0.2,1274.1,true,1019.28,ORD-10024,completed,2025-08-20T00:42:40.000Z,debit_card,Sports,PRD-3116,Resistance Bands,2,4,marketplace,0,standard,TX,637.05,WH-NY-01,late
UNKNOWN,Miami,DATA20,USD,CUST-2003,new,null,null,mobile,0,0,1848.9,null,1858.89,ORD-10025,cancelled,2025-09-01T20:15:09.000Z,digital_wallet,Sports,PRD-3091,Yoga Mat,5,null,web,9.99,standard,FL,369.78,WH-NY-01,on_time
AI Promo,Los Angeles,FREESHIP,USD,CUST-2426,vip,2025-08-27T22:39:52.000Z,6,mobile,482.34,0.15,3215.6,true,2748.25,ORD-10026,shipped,2025-08-21T22:39:52.000Z,bank_transfer,Books,PRD-3244,SQL Fundamentals,5,2,web,14.99,standard,CA,643.12,WH-TX-03,late
AI Promo,Miami,NO_COUPON,USD,CUST-2119,returning,2025-08-23T18:57:34.000Z,1,mobile,0,0,1072.5,false,1080.49,ORD-10027,completed,2025-08-22T18:57:34.000Z,digital_wallet,Home,PRD-3110,LED Lamp,3,4,marketplace,7.99,express,FL,357.5,WH-TX-03,on_time
Weekend Flash,Miami,FREESHIP,USD,CUST-2245,new,2025-10-08T06:01:54.000Z,7,desktop,69.36,0.1,693.6,true,639.23,ORD-10028,shipped,2025-10-01T06:01:54.000Z,debit_card,Books,PRD-3200,Python for Data,4,2,web,14.99,express,FL,173.4,WH-CA-02,late
Summer Deals,Seattle,NO_COUPON,USD,CUST-2465,returning,2025-09-28T22:58:08.000Z,5,tablet,253.76,0.2,1268.8,true,1020.03,ORD-10029,shipped,2025-09-23T22:58:08.000Z,digital_wallet,Books,PRD-3014,Python for Data,4,3,marketplace,4.99,standard,WA,317.2,WH-NY-01,late
Back to School,New York,NO_COUPON,USD,CUST-2428,new,2025-09-25T20:17:48.000Z,7,mobile,53.72,0.05,1074.44,true,1028.71,ORD-10030,completed,2025-09-18T20:17:48.000Z,bank_transfer,Fashion,PRD-3277,T-Shirt,4,5,web,7.99,standard,NY,268.61,WH-TX-03,late
AI Promo,New York,DATA20,USD,CUST-2239,vip,2025-08-17T12:30:42.000Z,1,desktop,25.12,0.15,167.49,false,147.36,ORD-10031,shipped,2025-08-16T12:30:42.000Z,credit_card,Electronics,PRD-3086,Smart Watch,1,5,web,4.99,standard,NY,167.49,WH-NY-01,on_time
UNKNOWN,Boston,DATA20,USD,CUST-2357,returning,2025-08-12T02:44:53.000Z,6,tablet,185.95,0.1,1859.52,true,1678.56,ORD-10032,completed,2025-08-06T02:44:53.000Z,credit_card,Electronics,PRD-3062,Bluetooth Speaker,4,4,marketplace,4.99,express,MA,464.88,WH-CA-02,late
Summer Deals,San Francisco,DATA20,USD,CUST-2223,new,2025-09-04T19:40:57.000Z,7,tablet,8,0.1,80,true,72,ORD-10033,completed,2025-08-28T19:40:57.000Z,digital_wallet,Electronics,PRD-3139,Bluetooth Speaker,4,4,marketplace,0,express,CA,20,WH-TX-03,late
AI Promo,Boston,WELCOME10,USD,CUST-2015,returning,2025-08-22T22:36:39.000Z,6,mobile,34.14,0.05,682.85,true,658.7,ORD-10034,completed,2025-08-16T22:36:39.000Z,bank_transfer,Fashion,PRD-3250,Jacket,1,5,web,9.99,express,MA,682.85,WH-CA-02,late
Summer Deals,Boston,NO_COUPON,USD,CUST-2331,vip,2025-09-23T21:31:35.000Z,7,desktop,0,0,836.28,true,841.27,ORD-10035,completed,2025-09-16T21:31:35.000Z,bank_transfer,Fashion,PRD-3009,Sneakers,2,1,web,4.99,standard,MA,418.14,WH-TX-03,late
UNKNOWN,Houston,SUMMER15,USD,CUST-2157,returning,2025-09-24T01:21:22.000Z,6,mobile,95.97,0.05,1919.4,true,1833.42,ORD-10036,completed,2025-09-18T01:21:22.000Z,credit_card,Fashion,PRD-3099,Jacket,5,5,mobile_app,9.99,same_day,TX,383.88,WH-TX-03,late
UNKNOWN,Chicago,SUMMER15,USD,CUST-2100,returning,2025-09-20T00:38:18.000Z,1,desktop,356.1,0.2,1780.5,false,1439.39,ORD-10037,returned,2025-09-19T00:38:18.000Z,credit_card,Home,PRD-3092,Vacuum Cleaner,3,null,mobile_app,14.99,same_day,IL,593.5,WH-NY-01,on_time
Summer Deals,Phoenix,NO_COUPON,USD,CUST-2175,new,2025-08-11T08:36:18.000Z,4,desktop,178.86,0.2,894.3,false,725.43,ORD-10038,completed,2025-08-07T08:36:18.000Z,credit_card,Electronics,PRD-3245,Wireless Earbuds,2,1,mobile_app,9.99,express,AZ,447.15,WH-NY-01,on_time
UNKNOWN,Boston,SUMMER15,USD,CUST-2398,vip,2025-08-20T11:35:48.000Z,4,desktop,31.97,0.05,639.35,false,607.38,ORD-10039,shipped,2025-08-16T11:35:48.000Z,digital_wallet,Electronics,PRD-3227,Smart Watch,5,5,web,0,express,MA,127.87,WH-TX-03,on_time
AI Promo,New York,SUMMER15,USD,CUST-2081,new,2025-08-20T05:05:10.000Z,2,desktop,303.44,0.2,1517.2,false,1218.75,ORD-10040,completed,2025-08-18T05:05:10.000Z,credit_card,Sports,PRD-3241,Yoga Mat,2,4,web,4.99,standard,NY,758.6,WH-TX-03,on_time
UNKNOWN,Phoenix,WELCOME10,USD,CUST-2466,returning,2025-09-17T14:27:07.000Z,5,mobile,331.82,0.2,1659.09,true,1342.26,ORD-10041,completed,2025-09-12T14:27:07.000Z,bank_transfer,Books,PRD-3031,Python for Data,3,4,mobile_app,14.99,same_day,AZ,553.03,WH-CA-02,late
UNKNOWN,Miami,NO_COUPON,USD,CUST-2377,returning,2025-09-09T23:28:05.000Z,5,desktop,110.81,0.05,2216.24,true,2120.42,ORD-10042,completed,2025-09-04T23:28:05.000Z,debit_card,Electronics,PRD-3014,Tablet Stand,4,2,marketplace,14.99,same_day,FL,554.06,WH-TX-03,late
Back to School,New York,FREESHIP,USD,CUST-2326,returning,2025-09-13T22:58:17.000Z,2,desktop,122.57,0.1,1225.72,false,1118.14,ORD-10043,shipped,2025-09-11T22:58:17.000Z,bank_transfer,Fashion,PRD-3179,Sneakers,2,2,mobile_app,14.99,express,NY,612.86,WH-NY-01,on_time
Weekend Flash,San Francisco,FREESHIP,USD,CUST-2443,vip,2025-09-02T10:20:16.000Z,3,tablet,142.61,0.15,950.76,false,808.15,ORD-10044,completed,2025-08-30T10:20:16.000Z,digital_wallet,Books,PRD-3278,Data Engineering Basics,4,2,mobile_app,0,standard,CA,237.69,WH-TX-03,on_time
Back to School,San Francisco,WELCOME10,USD,CUST-2249,new,null,null,tablet,0,0,504.07,null,512.06,ORD-10045,cancelled,2025-09-05T12:59:18.000Z,bank_transfer,Sports,PRD-3123,Resistance Bands,1,null,mobile_app,7.99,same_day,CA,504.07,WH-TX-03,on_time
Weekend Flash,Seattle,DATA20,USD,CUST-2213,returning,2025-09-17T12:31:59.000Z,6,mobile,79.39,0.1,793.88,true,714.49,ORD-10046,completed,2025-09-11T12:31:59.000Z,debit_card,Electronics,PRD-3234,Smart Watch,1,5,web,0,express,WA,793.88,WH-TX-03,late
AI Promo,Dallas,FREESHIP,USD,CUST-2301,vip,2025-08-21T08:18:46.000Z,3,desktop,45.65,0.05,912.96,false,882.3,ORD-10047,returned,2025-08-18T08:18:46.000Z,digital_wallet,Home,PRD-3077,Air Fryer,4,null,marketplace,14.99,express,TX,228.24,WH-TX-03,on_time
Back to School,Dallas,FREESHIP,USD,CUST-2163,vip,2025-09-13T20:14:54.000Z,7,tablet,298.78,0.2,1493.9,true,1200.11,ORD-10048,completed,2025-09-06T20:14:54.000Z,debit_card,Books,PRD-3196,Data Engineering Basics,2,3,web,4.99,express,TX,746.95,WH-NY-01,late
UNKNOWN,Dallas,NO_COUPON,USD,CUST-2039,returning,2025-09-30T22:00:46.000Z,2,desktop,0,0,2788.24,false,2803.23,ORD-10049,completed,2025-09-28T22:00:46.000Z,bank_transfer,Sports,PRD-3204,Cycling Helmet,4,4,web,14.99,same_day,TX,697.06,WH-CA-02,on_time
AI Promo,San Francisco,SUMMER15,USD,CUST-2325,vip,2025-08-17T07:05:27.000Z,1,desktop,199.12,0.2,995.58,false,804.45,ORD-10050,returned,2025-08-16T07:05:27.000Z,credit_card,Books,PRD-3086,Python for Data,2,null,mobile_app,7.99,standard,CA,497.79,WH-NY-01,on_time
Summer Deals,Phoenix,FREESHIP,USD,CUST-2313,returning,2025-09-09T05:50:11.000Z,2,tablet,105.07,0.15,700.48,false,605.4,ORD-10051,completed,2025-09-07T05:50:11.000Z,debit_card,Fashion,PRD-3124,Jacket,2,4,marketplace,9.99,standard,AZ,350.24,WH-TX-03,on_time
Weekend Flash,Phoenix,FREESHIP,USD,CUST-2354,returning,2025-08-16T10:28:22.000Z,5,desktop,107.36,0.05,2147.2,true,2054.83,ORD-10052,completed,2025-08-11T10:28:22.000Z,digital_wallet,Books,PRD-3102,AI for Everyone,4,2,web,14.99,standard,AZ,536.8,WH-CA-02,late
AI Promo,Boston,SUMMER15,USD,CUST-2382,new,2025-08-24T08:36:55.000Z,6,tablet,0,0,2382.69,true,2392.68,ORD-10053,returned,2025-08-18T08:36:55.000Z,debit_card,Fashion,PRD-3255,Jacket,3,null,marketplace,9.99,same_day,MA,794.23,WH-NY-01,late
Summer Deals,Houston,NO_COUPON,USD,CUST-2226,new,2025-10-01T04:41:02.000Z,3,desktop,218.17,0.2,1090.86,false,872.69,ORD-10054,returned,2025-09-28T04:41:02.000Z,bank_transfer,Sports,PRD-3068,Cycling Helmet,2,null,marketplace,0,express,TX,545.43,WH-NY-01,on_time
AI Promo,Houston,WELCOME10,USD,CUST-2174,new,2025-10-04T23:51:18.000Z,6,mobile,0,0,1288.11,true,1296.1,ORD-10055,returned,2025-09-28T23:51:18.000Z,digital_wallet,Home,PRD-3073,LED Lamp,3,null,web,7.99,same_day,TX,429.37,WH-NY-01,late
Back to School,Seattle,DATA20,USD,CUST-2242,new,2025-09-10T20:52:40.000Z,3,tablet,86.78,0.05,1735.56,false,1656.77,ORD-10056,completed,2025-09-07T20:52:40.000Z,debit_card,Electronics,PRD-3168,Bluetooth Speaker,4,5,marketplace,7.99,same_day,WA,433.89,WH-TX-03,on_time
Back to School,Miami,FREESHIP,USD,CUST-2233,returning,2025-09-06T11:06:15.000Z,5,tablet,0,0,102.17,true,110.16,ORD-10057,completed,2025-09-01T11:06:15.000Z,debit_card,Fashion,PRD-3277,T-Shirt,1,2,marketplace,7.99,express,FL,102.17,WH-CA-02,late
Back to School,Boston,FREESHIP,USD,CUST-2189,vip,null,null,desktop,0,0,107.55,null,117.54,ORD-10058,cancelled,2025-08-29T15:54:23.000Z,bank_transfer,Books,PRD-3032,AI for Everyone,3,null,marketplace,9.99,standard,MA,35.85,WH-CA-02,on_time
Back to School,Los Angeles,SUMMER15,USD,CUST-2284,new,2025-09-28T02:13:04.000Z,7,mobile,0,0,149.88,true,154.87,ORD-10059,returned,2025-09-21T02:13:04.000Z,debit_card,Home,PRD-3120,Air Fryer,3,null,marketplace,4.99,same_day,CA,49.96,WH-CA-02,late
Back to School,Chicago,FREESHIP,USD,CUST-2009,new,2025-08-16T08:22:50.000Z,7,mobile,128.17,0.2,640.83,true,512.66,ORD-10060,completed,2025-08-09T08:22:50.000Z,credit_card,Home,PRD-3065,LED Lamp,1,5,web,0,same_day,IL,640.83,WH-CA-02,late
Summer Deals,Miami,FREESHIP,USD,CUST-2494,new,null,null,desktop,110.12,0.15,734.16,null,624.04,ORD-10061,cancelled,2025-09-17T05:33:19.000Z,credit_card,Fashion,PRD-3206,Sneakers,2,null,mobile_app,0,express,FL,367.08,WH-NY-01,on_time
Summer Deals,Los Angeles,NO_COUPON,USD,CUST-2233,vip,2025-09-11T06:20:24.000Z,5,desktop,27.85,0.15,185.67,true,172.81,ORD-10062,shipped,2025-09-06T06:20:24.000Z,debit_card,Fashion,PRD-3051,Backpack,3,5,marketplace,14.99,express,CA,61.89,WH-NY-01,late
AI Promo,Seattle,NO_COUPON,USD,CUST-2473,returning,null,null,mobile,16.25,0.05,325,null,318.74,ORD-10063,cancelled,2025-08-22T05:16:23.000Z,digital_wallet,Fashion,PRD-3044,T-Shirt,1,null,mobile_app,9.99,standard,WA,325,WH-NY-01,on_time
AI Promo,Dallas,FREESHIP,USD,CUST-2054,vip,2025-10-01T07:03:18.000Z,5,mobile,107.86,0.05,2157.24,true,2059.37,ORD-10064,completed,2025-09-26T07:03:18.000Z,debit_card,Electronics,PRD-3080,Bluetooth Speaker,4,5,marketplace,9.99,standard,TX,539.31,WH-TX-03,late
Weekend Flash,San Francisco,SUMMER15,USD,CUST-2015,new,2025-09-11T05:41:35.000Z,1,tablet,278.12,0.15,1854.16,false,1591.03,ORD-10065,shipped,2025-09-10T05:41:35.000Z,bank_transfer,Electronics,PRD-3159,Bluetooth Speaker,4,5,web,14.99,standard,CA,463.54,WH-NY-01,on_time
UNKNOWN,Boston,NO_COUPON,USD,CUST-2160,vip,2025-08-17T20:26:29.000Z,3,tablet,0,0,122.08,false,137.07,ORD-10066,completed,2025-08-14T20:26:29.000Z,debit_card,Books,PRD-3044,Python for Data,1,5,web,14.99,standard,MA,122.08,WH-NY-01,on_time
Weekend Flash,Los Angeles,DATA20,USD,CUST-2221,new,2025-09-01T16:13:48.000Z,5,tablet,319.76,0.15,2131.72,true,1821.95,ORD-10067,completed,2025-08-27T16:13:48.000Z,bank_transfer,Fashion,PRD-3250,T-Shirt,4,5,web,9.99,standard,CA,532.93,WH-CA-02,late
Summer Deals,Boston,WELCOME10,USD,CUST-2221,new,null,null,desktop,0,0,342.98,null,350.97,ORD-10068,cancelled,2025-08-19T18:07:00.000Z,bank_transfer,Electronics,PRD-3273,Wireless Earbuds,2,null,mobile_app,7.99,standard,MA,171.49,WH-TX-03,on_time
AI Promo,New York,DATA20,USD,CUST-2059,returning,2025-09-04T02:25:45.000Z,6,desktop,18.66,0.05,373.21,true,369.54,ORD-10069,completed,2025-08-29T02:25:45.000Z,digital_wallet,Books,PRD-3088,Python for Data,1,5,mobile_app,14.99,same_day,NY,373.21,WH-NY-01,late
AI Promo,Seattle,DATA20,USD,CUST-2040,vip,2025-08-28T17:47:21.000Z,2,mobile,212.51,0.15,1416.72,false,1204.21,ORD-10070,completed,2025-08-26T17:47:21.000Z,debit_card,Electronics,PRD-3272,Smart Watch,4,4,marketplace,0,express,WA,354.18,WH-TX-03,on_time
AI Promo,Chicago,DATA20,USD,CUST-2253,returning,null,null,tablet,0,0,251.38,null,266.37,ORD-10071,cancelled,2025-08-11T04:04:11.000Z,bank_transfer,Home,PRD-3230,Air Fryer,2,null,marketplace,14.99,same_day,IL,125.69,WH-NY-01,on_time
UNKNOWN,Miami,NO_COUPON,USD,CUST-2020,new,2025-08-07T19:32:04.000Z,3,desktop,53.9,0.05,1078.02,false,1039.11,ORD-10072,completed,2025-08-04T19:32:04.000Z,digital_wallet,Electronics,PRD-3040,Tablet Stand,3,1,web,14.99,express,FL,359.34,WH-TX-03,on_time
UNKNOWN,New York,FREESHIP,USD,CUST-2259,vip,2025-08-11T22:06:51.000Z,7,mobile,158.41,0.15,1056.04,true,902.62,ORD-10073,completed,2025-08-04T22:06:51.000Z,digital_wallet,Books,PRD-3127,SQL Fundamentals,4,4,mobile_app,4.99,same_day,NY,264.01,WH-TX-03,late
UNKNOWN,Chicago,FREESHIP,USD,CUST-2172,new,null,null,mobile,294.07,0.1,2940.68,null,2654.6,ORD-10074,cancelled,2025-09-14T03:03:50.000Z,bank_transfer,Fashion,PRD-3286,Jacket,4,null,web,7.99,express,IL,735.17,WH-NY-01,on_time
AI Promo,San Francisco,NO_COUPON,USD,CUST-2330,returning,2025-08-13T03:45:05.000Z,3,tablet,440.54,0.2,2202.69,false,1772.14,ORD-10075,shipped,2025-08-10T03:45:05.000Z,digital_wallet,Electronics,PRD-3270,Smart Watch,3,2,mobile_app,9.99,same_day,CA,734.23,WH-NY-01,on_time
Weekend Flash,San Francisco,NO_COUPON,USD,CUST-2404,new,2025-08-18T12:09:04.000Z,3,tablet,228.43,0.1,2284.26,false,2060.82,ORD-10076,returned,2025-08-15T12:09:04.000Z,bank_transfer,Fashion,PRD-3270,Backpack,3,null,marketplace,4.99,same_day,CA,761.42,WH-TX-03,on_time
Summer Deals,Seattle,DATA20,USD,CUST-2313,returning,2025-08-09T21:23:43.000Z,6,desktop,0,0,764.35,true,774.34,ORD-10077,completed,2025-08-03T21:23:43.000Z,debit_card,Home,PRD-3120,Vacuum Cleaner,5,1,marketplace,9.99,express,WA,152.87,WH-NY-01,late
UNKNOWN,San Francisco,SUMMER15,USD,CUST-2310,new,2025-09-05T21:10:52.000Z,2,mobile,112.42,0.1,1124.19,false,1026.76,ORD-10078,returned,2025-09-03T21:10:52.000Z,credit_card,Sports,PRD-3247,Resistance Bands,3,null,web,14.99,same_day,CA,374.73,WH-NY-01,on_time
Weekend Flash,Phoenix,FREESHIP,USD,CUST-2028,returning,2025-08-09T15:52:28.000Z,3,desktop,0,0,1127.55,false,1137.54,ORD-10079,completed,2025-08-06T15:52:28.000Z,credit_card,Electronics,PRD-3121,Smart Watch,5,2,marketplace,9.99,express,AZ,225.51,WH-NY-01,on_time
Weekend Flash,San Francisco,NO_COUPON,USD,CUST-2362,returning,2025-09-30T23:44:53.000Z,2,tablet,0,0,1270.38,false,1278.37,ORD-10080,returned,2025-09-28T23:44:53.000Z,credit_card,Electronics,PRD-3003,Bluetooth Speaker,2,null,web,7.99,express,CA,635.19,WH-NY-01,on_time
UNKNOWN,Dallas,DATA20,USD,CUST-2319,returning,2025-08-14T09:15:26.000Z,6,mobile,0,0,293.52,true,301.51,ORD-10081,returned,2025-08-08T09:15:26.000Z,credit_card,Sports,PRD-3256,Resistance Bands,3,null,mobile_app,7.99,same_day,TX,97.84,WH-TX-03,late
Summer Deals,Houston,DATA20,USD,CUST-2035,vip,2025-09-12T21:11:42.000Z,6,tablet,87.28,0.05,1745.5,true,1663.21,ORD-10082,completed,2025-09-06T21:11:42.000Z,credit_card,Home,PRD-3260,LED Lamp,5,5,marketplace,4.99,express,TX,349.1,WH-NY-01,late
Weekend Flash,Seattle,SUMMER15,USD,CUST-2298,vip,2025-08-18T07:42:40.000Z,1,mobile,0,0,1801.14,false,1809.13,ORD-10083,returned,2025-08-17T07:42:40.000Z,bank_transfer,Fashion,PRD-3023,Jacket,3,null,web,7.99,same_day,WA,600.38,WH-TX-03,on_time
Weekend Flash,Miami,FREESHIP,USD,CUST-2162,returning,2025-08-10T17:12:02.000Z,7,desktop,130.22,0.2,651.08,true,530.85,ORD-10084,completed,2025-08-03T17:12:02.000Z,bank_transfer,Books,PRD-3279,SQL Fundamentals,1,3,marketplace,9.99,standard,FL,651.08,WH-CA-02,late
Summer Deals,San Francisco,NO_COUPON,USD,CUST-2355,returning,2025-09-20T22:57:24.000Z,3,tablet,67.75,0.1,677.52,false,619.76,ORD-10085,completed,2025-09-17T22:57:24.000Z,digital_wallet,Electronics,PRD-3137,Bluetooth Speaker,3,1,web,9.99,standard,CA,225.84,WH-TX-03,on_time
Back to School,Chicago,DATA20,USD,CUST-2180,returning,2025-08-24T22:38:45.000Z,4,tablet,13.19,0.05,263.76,false,258.56,ORD-10086,completed,2025-08-20T22:38:45.000Z,digital_wallet,Sports,PRD-3181,Cycling Helmet,1,1,mobile_app,7.99,express,IL,263.76,WH-NY-01,on_time
Summer Deals,Seattle,DATA20,USD,CUST-2188,returning,null,null,tablet,228.81,0.15,1525.4,null,1306.58,ORD-10087,cancelled,2025-08-03T12:04:15.000Z,debit_card,Fashion,PRD-3017,Backpack,2,null,web,9.99,same_day,WA,762.7,WH-CA-02,on_time
Summer Deals,San Francisco,SUMMER15,USD,CUST-2256,vip,2025-08-23T04:17:15.000Z,1,tablet,115.85,0.05,2317,false,2211.14,ORD-10088,completed,2025-08-22T04:17:15.000Z,bank_transfer,Books,PRD-3061,Python for Data,5,4,web,9.99,same_day,CA,463.4,WH-NY-01,on_time
Weekend Flash,Boston,DATA20,USD,CUST-2496,returning,null,null,desktop,0,0,336.28,null,346.27,ORD-10089,cancelled,2025-08-13T06:28:05.000Z,bank_transfer,Fashion,PRD-3034,T-Shirt,2,null,marketplace,9.99,express,MA,168.14,WH-TX-03,on_time
Summer Deals,Chicago,NO_COUPON,USD,CUST-2240,vip,2025-09-25T23:01:23.000Z,5,tablet,0,0,211.76,true,216.75,ORD-10090,shipped,2025-09-20T23:01:23.000Z,bank_transfer,Fashion,PRD-3045,Backpack,2,5,mobile_app,4.99,express,IL,105.88,WH-TX-03,late
Weekend Flash,Seattle,NO_COUPON,USD,CUST-2394,new,2025-09-01T22:43:33.000Z,3,tablet,65.41,0.2,327.03,false,261.62,ORD-10091,completed,2025-08-29T22:43:33.000Z,debit_card,Books,PRD-3029,Python for Data,3,4,web,0,express,WA,109.01,WH-NY-01,on_time
UNKNOWN,San Francisco,DATA20,USD,CUST-2315,vip,2025-08-20T14:40:35.000Z,3,tablet,189.63,0.05,3792.55,false,3602.92,ORD-10092,completed,2025-08-17T14:40:35.000Z,debit_card,Home,PRD-3087,LED Lamp,5,5,mobile_app,0,standard,CA,758.51,WH-TX-03,on_time
AI Promo,Boston,FREESHIP,USD,CUST-2108,vip,null,null,tablet,0,0,661.94,null,661.94,ORD-10093,cancelled,2025-10-01T04:49:36.000Z,bank_transfer,Fashion,PRD-3016,Sneakers,1,null,web,0,same_day,MA,661.94,WH-CA-02,on_time
UNKNOWN,Houston,FREESHIP,USD,CUST-2161,vip,2025-08-30T23:29:13.000Z,3,tablet,0,0,368.3,false,378.29,ORD-10094,shipped,2025-08-27T23:29:13.000Z,debit_card,Books,PRD-3177,AI for Everyone,1,4,web,9.99,express,TX,368.3,WH-TX-03,on_time
Weekend Flash,Los Angeles,DATA20,USD,CUST-2316,returning,2025-08-14T11:03:18.000Z,4,mobile,113.55,0.1,1135.53,false,1026.97,ORD-10095,returned,2025-08-10T11:03:18.000Z,bank_transfer,Fashion,PRD-3168,Backpack,3,null,mobile_app,4.99,standard,CA,378.51,WH-CA-02,on_time
Summer Deals,Dallas,SUMMER15,USD,CUST-2025,new,2025-10-02T20:32:29.000Z,2,desktop,0,0,2817.88,false,2817.88,ORD-10096,completed,2025-09-30T20:32:29.000Z,credit_card,Books,PRD-3241,Data Engineering Basics,4,5,web,0,standard,TX,704.47,WH-NY-01,on_time
AI Promo,Phoenix,WELCOME10,USD,CUST-2259,returning,2025-09-08T14:23:35.000Z,3,desktop,0,0,1196.36,false,1211.35,ORD-10097,completed,2025-09-05T14:23:35.000Z,credit_card,Fashion,PRD-3061,T-Shirt,4,2,marketplace,14.99,express,AZ,299.09,WH-CA-02,on_time
AI Promo,Dallas,WELCOME10,USD,CUST-2266,returning,2025-08-09T09:02:08.000Z,6,tablet,83.63,0.1,836.3,true,767.66,ORD-10098,completed,2025-08-03T09:02:08.000Z,bank_transfer,Fashion,PRD-3264,Backpack,5,1,mobile_app,14.99,same_day,TX,167.26,WH-NY-01,late
Back to School,Seattle,FREESHIP,USD,CUST-2009,returning,2025-09-06T06:36:19.000Z,4,tablet,359.28,0.15,2395.2,false,2050.91,ORD-10099,returned,2025-09-02T06:36:19.000Z,bank_transfer,Sports,PRD-3057,Cycling Helmet,5,null,web,14.99,same_day,WA,479.04,WH-TX-03,on_time
Back to School,Miami,DATA20,USD,CUST-2195,new,2025-09-11T04:46:39.000Z,7,mobile,289.96,0.1,2899.55,true,2614.58,ORD-10100,returned,2025-09-04T04:46:39.000Z,credit_card,Fashion,PRD-3017,Backpack,5,null,marketplace,4.99,standard,FL,579.91,WH-CA-02,late
AI Promo,San Francisco,DATA20,USD,CUST-2377,vip,2025-09-27T03:58:30.000Z,7,tablet,67.25,0.1,672.48,true,620.22,ORD-10101,returned,2025-09-20T03:58:30.000Z,debit_card,Books,PRD-3071,SQL Fundamentals,2,null,mobile_app,14.99,same_day,CA,336.24,WH-TX-03,late
Weekend Flash,Miami,DATA20,USD,CUST-2370,vip,2025-08-30T01:22:43.000Z,7,tablet,51.57,0.1,515.72,true,479.14,ORD-10102,returned,2025-08-23T01:22:43.000Z,digital_wallet,Sports,PRD-3136,Resistance Bands,2,null,marketplace,14.99,standard,FL,257.86,WH-CA-02,late
Weekend Flash,Dallas,FREESHIP,USD,CUST-2148,new,2025-09-19T06:31:20.000Z,4,tablet,113.07,0.05,2261.31,false,2153.23,ORD-10103,completed,2025-09-15T06:31:20.000Z,digital_wallet,Fashion,PRD-3279,Backpack,3,5,marketplace,4.99,express,TX,753.77,WH-CA-02,on_time
Back to School,New York,NO_COUPON,USD,CUST-2478,vip,2025-09-24T23:13:12.000Z,7,desktop,226.9,0.2,1134.52,true,915.61,ORD-10104,shipped,2025-09-17T23:13:12.000Z,debit_card,Fashion,PRD-3071,Sneakers,4,5,marketplace,7.99,standard,NY,283.63,WH-TX-03,late
Back to School,Dallas,SUMMER15,USD,CUST-2209,vip,2025-08-09T05:49:08.000Z,1,desktop,10.29,0.05,205.88,false,205.58,ORD-10105,shipped,2025-08-08T05:49:08.000Z,bank_transfer,Home,PRD-3103,Vacuum Cleaner,4,4,web,9.99,express,TX,51.47,WH-NY-01,on_time
AI Promo,Boston,SUMMER15,USD,CUST-2480,vip,2025-10-06T09:53:25.000Z,7,mobile,146.29,0.1,1462.9,true,1321.6,ORD-10106,completed,2025-09-29T09:53:25.000Z,credit_card,Home,PRD-3005,Air Fryer,2,4,web,4.99,express,MA,731.45,WH-CA-02,late
Weekend Flash,Dallas,SUMMER15,USD,CUST-2332,returning,2025-08-21T14:51:07.000Z,3,mobile,213.76,0.15,1425.04,false,1221.27,ORD-10107,completed,2025-08-18T14:51:07.000Z,bank_transfer,Sports,PRD-3008,Resistance Bands,2,1,marketplace,9.99,same_day,TX,712.52,WH-NY-01,on_time
AI Promo,Boston,SUMMER15,USD,CUST-2197,new,2025-08-14T12:30:20.000Z,2,desktop,41.71,0.1,417.07,false,375.36,ORD-10108,completed,2025-08-12T12:30:20.000Z,credit_card,Books,PRD-3169,Data Engineering Basics,1,5,web,0,express,MA,417.07,WH-TX-03,on_time
UNKNOWN,Houston,FREESHIP,USD,CUST-2189,vip,2025-10-06T06:49:19.000Z,6,mobile,75.53,0.1,755.32,true,694.78,ORD-10109,completed,2025-09-30T06:49:19.000Z,debit_card,Electronics,PRD-3069,Wireless Earbuds,2,5,mobile_app,14.99,express,TX,377.66,WH-CA-02,late
UNKNOWN,Seattle,DATA20,USD,CUST-2186,new,null,null,mobile,0,0,1216.62,null,1231.61,ORD-10110,cancelled,2025-09-25T10:33:28.000Z,debit_card,Sports,PRD-3032,Resistance Bands,2,null,marketplace,14.99,same_day,WA,608.31,WH-NY-01,on_time
Summer Deals,Chicago,FREESHIP,USD,CUST-2029,returning,2025-09-05T10:57:32.000Z,4,tablet,40.73,0.2,203.66,false,177.92,ORD-10111,returned,2025-09-01T10:57:32.000Z,credit_card,Fashion,PRD-3213,T-Shirt,2,null,mobile_app,14.99,same_day,IL,101.83,WH-TX-03,on_time
Weekend Flash,Phoenix,NO_COUPON,USD,CUST-2033,vip,null,null,mobile,42.2,0.2,211.02,null,173.81,ORD-10112,cancelled,2025-09-07T10:02:27.000Z,bank_transfer,Electronics,PRD-3242,Tablet Stand,1,null,mobile_app,4.99,express,AZ,211.02,WH-NY-01,on_time
Weekend Flash,Seattle,FREESHIP,USD,CUST-2441,returning,null,null,mobile,145.74,0.1,1457.36,null,1311.62,ORD-10113,cancelled,2025-09-14T05:55:34.000Z,debit_card,Fashion,PRD-3276,T-Shirt,4,null,mobile_app,0,same_day,WA,364.34,WH-NY-01,on_time
Weekend Flash,New York,DATA20,USD,CUST-2097,vip,2025-08-28T15:15:29.000Z,3,mobile,271.03,0.1,2710.3,false,2454.26,ORD-10114,completed,2025-08-25T15:15:29.000Z,credit_card,Fashion,PRD-3215,T-Shirt,5,5,mobile_app,14.99,standard,NY,542.06,WH-NY-01,on_time
UNKNOWN,Los Angeles,WELCOME10,USD,CUST-2443,new,2025-08-28T22:14:34.000Z,2,tablet,0,0,362.69,false,362.69,ORD-10115,returned,2025-08-26T22:14:34.000Z,bank_transfer,Sports,PRD-3149,Yoga Mat,1,null,mobile_app,0,same_day,CA,362.69,WH-TX-03,on_time
AI Promo,San Francisco,DATA20,USD,CUST-2467,new,null,null,tablet,0,0,3511.2,null,3521.19,ORD-10116,cancelled,2025-08-20T16:03:35.000Z,digital_wallet,Home,PRD-3219,LED Lamp,5,null,marketplace,9.99,standard,CA,702.24,WH-TX-03,on_time
UNKNOWN,Seattle,DATA20,USD,CUST-2154,vip,2025-08-29T13:48:34.000Z,4,desktop,0,0,2240.32,false,2248.31,ORD-10117,completed,2025-08-25T13:48:34.000Z,digital_wallet,Sports,PRD-3030,Cycling Helmet,4,5,mobile_app,7.99,express,WA,560.08,WH-TX-03,on_time
UNKNOWN,Chicago,NO_COUPON,USD,CUST-2027,returning,2025-09-30T22:54:23.000Z,1,tablet,126.87,0.2,634.35,false,507.48,ORD-10118,shipped,2025-09-29T22:54:23.000Z,debit_card,Books,PRD-3021,SQL Fundamentals,3,5,web,0,same_day,IL,211.45,WH-NY-01,on_time
AI Promo,Miami,FREESHIP,USD,CUST-2204,new,2025-09-21T11:47:48.000Z,4,desktop,0,0,249.52,false,254.51,ORD-10119,completed,2025-09-17T11:47:48.000Z,digital_wallet,Home,PRD-3145,LED Lamp,1,5,marketplace,4.99,same_day,FL,249.52,WH-CA-02,on_time
Weekend Flash,Phoenix,DATA20,USD,CUST-2114,vip,2025-08-29T18:26:02.000Z,5,mobile,75.63,0.05,1512.56,true,1441.92,ORD-10120,returned,2025-08-24T18:26:02.000Z,digital_wallet,Fashion,PRD-3134,T-Shirt,4,null,mobile_app,4.99,express,AZ,378.14,WH-NY-01,late
AI Promo,San Francisco,FREESHIP,USD,CUST-2251,vip,2025-09-19T05:21:16.000Z,7,tablet,92.03,0.1,920.26,true,843.22,ORD-10121,returned,2025-09-12T05:21:16.000Z,debit_card,Home,PRD-3252,Coffee Machine,2,null,marketplace,14.99,same_day,CA,460.13,WH-NY-01,late
Weekend Flash,Chicago,WELCOME10,USD,CUST-2343,new,2025-09-04T09:53:54.000Z,1,desktop,155.4,0.2,777,false,621.6,ORD-10122,returned,2025-09-03T09:53:54.000Z,credit_card,Sports,PRD-3071,Resistance Bands,5,null,mobile_app,0,same_day,IL,155.4,WH-NY-01,on_time
UNKNOWN,Houston,DATA20,USD,CUST-2007,new,2025-09-29T23:42:31.000Z,1,tablet,304.83,0.2,1524.15,false,1234.31,ORD-10123,completed,2025-09-28T23:42:31.000Z,bank_transfer,Sports,PRD-3141,Resistance Bands,5,2,marketplace,14.99,standard,TX,304.83,WH-TX-03,on_time
Weekend Flash,Seattle,FREESHIP,USD,CUST-2408,returning,2025-08-21T03:33:16.000Z,7,desktop,0,0,3676.3,true,3681.29,ORD-10124,completed,2025-08-14T03:33:16.000Z,debit_card,Home,PRD-3208,Air Fryer,5,5,mobile_app,4.99,same_day,WA,735.26,WH-CA-02,late
Weekend Flash,Los Angeles,NO_COUPON,USD,CUST-2433,returning,2025-08-07T04:00:44.000Z,2,desktop,198.1,0.15,1320.68,false,1132.57,ORD-10125,completed,2025-08-05T04:00:44.000Z,credit_card,Electronics,PRD-3290,Wireless Earbuds,4,1,marketplace,9.99,standard,CA,330.17,WH-TX-03,on_time
UNKNOWN,Boston,NO_COUPON,USD,CUST-2009,new,2025-09-29T01:36:42.000Z,1,mobile,9.36,0.2,46.78,false,45.41,ORD-10126,completed,2025-09-28T01:36:42.000Z,bank_transfer,Books,PRD-3204,AI for Everyone,1,5,marketplace,7.99,standard,MA,46.78,WH-NY-01,on_time
AI Promo,Boston,SUMMER15,USD,CUST-2430,new,2025-09-04T07:22:03.000Z,1,tablet,125.3,0.2,626.48,false,501.18,ORD-10127,completed,2025-09-03T07:22:03.000Z,credit_card,Books,PRD-3204,AI for Everyone,2,5,web,0,same_day,MA,313.24,WH-CA-02,on_time
Summer Deals,Miami,NO_COUPON,USD,CUST-2317,returning,2025-09-15T02:42:24.000Z,1,tablet,178.76,0.1,1787.6,false,1613.83,ORD-10128,returned,2025-09-14T02:42:24.000Z,bank_transfer,Home,PRD-3038,LED Lamp,4,null,mobile_app,4.99,standard,FL,446.9,WH-TX-03,on_time
Back to School,Chicago,DATA20,USD,CUST-2096,returning,2025-08-30T19:48:17.000Z,1,tablet,0,0,294.95,false,302.94,ORD-10129,completed,2025-08-29T19:48:17.000Z,digital_wallet,Books,PRD-3285,AI for Everyone,1,4,web,7.99,standard,IL,294.95,WH-NY-01,on_time
Weekend Flash,San Francisco,WELCOME10,USD,CUST-2462,vip,null,null,tablet,144.47,0.1,1444.71,null,1300.24,ORD-10130,cancelled,2025-08-19T21:24:49.000Z,digital_wallet,Sports,PRD-3267,Yoga Mat,3,null,mobile_app,0,standard,CA,481.57,WH-CA-02,on_time
Back to School,Phoenix,DATA20,USD,CUST-2484,new,2025-08-28T17:30:50.000Z,1,tablet,25.06,0.1,250.58,false,233.51,ORD-10131,completed,2025-08-27T17:30:50.000Z,debit_card,Fashion,PRD-3254,T-Shirt,2,5,marketplace,7.99,express,AZ,125.29,WH-NY-01,on_time
AI Promo,Phoenix,DATA20,USD,CUST-2334,vip,2025-09-05T18:27:52.000Z,7,desktop,136.22,0.1,1362.25,true,1234.02,ORD-10132,returned,2025-08-29T18:27:52.000Z,debit_card,Electronics,PRD-3165,Tablet Stand,5,null,mobile_app,7.99,express,AZ,272.45,WH-NY-01,late
Summer Deals,Seattle,WELCOME10,USD,CUST-2059,vip,2025-08-28T20:17:52.000Z,7,tablet,354.33,0.15,2362.2,true,2012.86,ORD-10133,completed,2025-08-21T20:17:52.000Z,credit_card,Fashion,PRD-3280,Jacket,4,5,mobile_app,4.99,same_day,WA,590.55,WH-TX-03,late
Summer Deals,Houston,FREESHIP,USD,CUST-2079,vip,null,null,desktop,66.67,0.1,666.71,null,610.03,ORD-10134,cancelled,2025-08-10T04:19:15.000Z,digital_wallet,Books,PRD-3038,AI for Everyone,1,null,web,9.99,same_day,TX,666.71,WH-TX-03,on_time
Summer Deals,Dallas,DATA20,USD,CUST-2128,vip,2025-09-10T04:58:05.000Z,1,desktop,380.8,0.2,1904.01,false,1538.2,ORD-10135,returned,2025-09-09T04:58:05.000Z,credit_card,Books,PRD-3086,Python for Data,3,null,marketplace,14.99,same_day,TX,634.67,WH-CA-02,on_time
Summer Deals,Seattle,WELCOME10,USD,CUST-2201,returning,2025-09-08T02:44:36.000Z,2,tablet,26.37,0.15,175.8,false,164.42,ORD-10136,completed,2025-09-06T02:44:36.000Z,bank_transfer,Electronics,PRD-3257,Wireless Earbuds,2,5,marketplace,14.99,standard,WA,87.9,WH-NY-01,on_time
Back to School,Phoenix,SUMMER15,USD,CUST-2244,new,2025-08-27T22:50:13.000Z,5,tablet,10.17,0.05,203.38,true,201.2,ORD-10137,completed,2025-08-22T22:50:13.000Z,credit_card,Books,PRD-3232,Python for Data,2,5,web,7.99,express,AZ,101.69,WH-TX-03,late
Back to School,Los Angeles,WELCOME10,USD,CUST-2491,returning,2025-09-06T13:35:10.000Z,3,desktop,208.76,0.2,1043.8,false,840.03,ORD-10138,shipped,2025-09-03T13:35:10.000Z,digital_wallet,Electronics,PRD-3095,Bluetooth Speaker,2,2,mobile_app,4.99,express,CA,521.9,WH-TX-03,on_time
Summer Deals,Boston,SUMMER15,USD,CUST-2033,vip,2025-08-21T16:48:45.000Z,7,tablet,0,0,1911.36,true,1916.35,ORD-10139,returned,2025-08-14T16:48:45.000Z,bank_transfer,Home,PRD-3096,Coffee Machine,4,null,mobile_app,4.99,standard,MA,477.84,WH-NY-01,late
Weekend Flash,Phoenix,WELCOME10,USD,CUST-2417,vip,2025-08-12T19:22:54.000Z,4,desktop,240.81,0.1,2408.05,false,2182.23,ORD-10140,shipped,2025-08-08T19:22:54.000Z,bank_transfer,Books,PRD-3044,AI for Everyone,5,4,marketplace,14.99,standard,AZ,481.61,WH-CA-02,on_time
AI Promo,Los Angeles,DATA20,USD,CUST-2326,vip,2025-09-12T12:36:24.000Z,4,tablet,278.91,0.1,2789.05,false,2520.13,ORD-10141,completed,2025-09-08T12:36:24.000Z,debit_card,Home,PRD-3089,LED Lamp,5,1,marketplace,9.99,express,CA,557.81,WH-NY-01,on_time
UNKNOWN,Chicago,FREESHIP,USD,CUST-2210,vip,2025-08-14T14:52:24.000Z,5,desktop,0,0,1497.99,true,1507.98,ORD-10142,shipped,2025-08-09T14:52:24.000Z,debit_card,Fashion,PRD-3228,T-Shirt,3,1,web,9.99,standard,IL,499.33,WH-NY-01,late
AI Promo,Houston,NO_COUPON,USD,CUST-2254,vip,2025-09-26T22:36:47.000Z,7,mobile,56.78,0.05,1135.65,true,1083.86,ORD-10143,returned,2025-09-19T22:36:47.000Z,bank_transfer,Fashion,PRD-3294,Sneakers,5,null,marketplace,4.99,same_day,TX,227.13,WH-TX-03,late
UNKNOWN,New York,WELCOME10,USD,CUST-2419,new,2025-08-23T09:28:16.000Z,3,mobile,158.38,0.2,791.92,false,638.53,ORD-10144,returned,2025-08-20T09:28:16.000Z,bank_transfer,Books,PRD-3122,SQL Fundamentals,1,null,web,4.99,same_day,NY,791.92,WH-TX-03,on_time
Summer Deals,Seattle,DATA20,USD,CUST-2361,returning,2025-08-29T01:17:38.000Z,5,tablet,0,0,1260.06,true,1275.05,ORD-10145,completed,2025-08-24T01:17:38.000Z,credit_card,Home,PRD-3137,Vacuum Cleaner,2,5,web,14.99,standard,WA,630.03,WH-NY-01,late
AI Promo,Phoenix,FREESHIP,USD,CUST-2213,returning,null,null,mobile,0,0,621.75,null,631.74,ORD-10146,cancelled,2025-09-01T12:36:40.000Z,bank_transfer,Home,PRD-3048,Vacuum Cleaner,3,null,web,9.99,same_day,AZ,207.25,WH-CA-02,on_time
UNKNOWN,Miami,SUMMER15,USD,CUST-2112,returning,2025-09-18T05:44:22.000Z,7,desktop,139.29,0.2,696.44,true,567.14,ORD-10147,completed,2025-09-11T05:44:22.000Z,bank_transfer,Fashion,PRD-3138,Sneakers,1,2,mobile_app,9.99,express,FL,696.44,WH-TX-03,late
Back to School,Chicago,SUMMER15,USD,CUST-2234,new,2025-09-17T22:01:07.000Z,7,mobile,0,0,632.76,true,632.76,ORD-10148,completed,2025-09-10T22:01:07.000Z,debit_card,Sports,PRD-3068,Resistance Bands,1,1,web,0,express,IL,632.76,WH-TX-03,late
Weekend Flash,San Francisco,WELCOME10,USD,CUST-2336,new,2025-09-17T17:46:44.000Z,7,mobile,0,0,607.52,true,617.51,ORD-10149,completed,2025-09-10T17:46:44.000Z,digital_wallet,Fashion,PRD-3001,Sneakers,2,2,marketplace,9.99,standard,CA,303.76,WH-TX-03,late
Weekend Flash,Houston,SUMMER15,USD,CUST-2375,new,2025-09-16T12:30:04.000Z,2,desktop,0,0,52.02,false,62.01,ORD-10150,completed,2025-09-14T12:30:04.000Z,debit_card,Sports,PRD-3189,Resistance Bands,3,4,mobile_app,9.99,express,TX,17.34,WH-TX-03,on_time
Summer Deals,Chicago,NO_COUPON,USD,CUST-2441,new,2025-09-18T14:40:47.000Z,2,mobile,98.43,0.1,984.3,false,893.86,ORD-10151,completed,2025-09-16T14:40:47.000Z,digital_wallet,Electronics,PRD-3072,Wireless Earbuds,2,1,mobile_app,7.99,express,IL,492.15,WH-CA-02,on_time
Summer Deals,Chicago,DATA20,USD,CUST-2014,vip,null,null,mobile,155.78,0.15,1038.5,null,897.71,ORD-10152,cancelled,2025-09-09T07:38:18.000Z,debit_card,Home,PRD-3266,LED Lamp,2,null,web,14.99,same_day,IL,519.25,WH-CA-02,on_time
Back to School,New York,WELCOME10,USD,CUST-2199,vip,2025-08-09T00:56:00.000Z,3,desktop,62.97,0.1,629.7,false,581.72,ORD-10153,completed,2025-08-06T00:56:00.000Z,digital_wallet,Home,PRD-3280,Coffee Machine,2,4,web,14.99,standard,NY,314.85,WH-TX-03,on_time
Back to School,Los Angeles,DATA20,USD,CUST-2360,returning,2025-08-27T04:45:32.000Z,7,tablet,18.04,0.1,180.44,true,177.39,ORD-10154,completed,2025-08-20T04:45:32.000Z,debit_card,Electronics,PRD-3275,Bluetooth Speaker,1,2,mobile_app,14.99,express,CA,180.44,WH-CA-02,late
Back to School,Los Angeles,WELCOME10,USD,CUST-2349,vip,null,null,desktop,233.91,0.15,1559.42,null,1333.5,ORD-10155,cancelled,2025-08-27T02:40:48.000Z,credit_card,Sports,PRD-3224,Dumbbell Set,2,null,mobile_app,7.99,standard,CA,779.71,WH-CA-02,on_time
AI Promo,Los Angeles,SUMMER15,USD,CUST-2268,vip,2025-09-17T12:44:00.000Z,2,desktop,0,0,508.68,false,508.68,ORD-10156,completed,2025-09-15T12:44:00.000Z,debit_card,Books,PRD-3086,Python for Data,2,5,marketplace,0,same_day,CA,254.34,WH-TX-03,on_time
AI Promo,Los Angeles,WELCOME10,USD,CUST-2262,returning,2025-08-19T06:36:40.000Z,1,desktop,291.43,0.15,1942.86,false,1651.43,ORD-10157,completed,2025-08-18T06:36:40.000Z,bank_transfer,Electronics,PRD-3291,Bluetooth Speaker,3,1,mobile_app,0,standard,CA,647.62,WH-NY-01,on_time
Summer Deals,Boston,WELCOME10,USD,CUST-2477,new,2025-08-20T09:30:23.000Z,4,tablet,0,0,595.22,false,595.22,ORD-10158,completed,2025-08-16T09:30:23.000Z,bank_transfer,Electronics,PRD-3215,Smart Watch,1,4,marketplace,0,standard,MA,595.22,WH-TX-03,on_time
AI Promo,San Francisco,NO_COUPON,USD,CUST-2450,returning,2025-08-13T15:51:33.000Z,1,desktop,69.23,0.15,461.51,false,392.28,ORD-10159,completed,2025-08-12T15:51:33.000Z,digital_wallet,Fashion,PRD-3168,Sneakers,1,4,web,0,standard,CA,461.51,WH-NY-01,on_time
UNKNOWN,Phoenix,FREESHIP,USD,CUST-2462,vip,null,null,mobile,118.85,0.1,1188.54,null,1077.68,ORD-10160,cancelled,2025-09-07T23:49:49.000Z,credit_card,Sports,PRD-3004,Cycling Helmet,2,null,mobile_app,7.99,standard,AZ,594.27,WH-CA-02,on_time
Summer Deals,New York,NO_COUPON,USD,CUST-2498,new,2025-08-11T14:33:15.000Z,4,desktop,487.64,0.2,2438.2,false,1958.55,ORD-10161,completed,2025-08-07T14:33:15.000Z,debit_card,Fashion,PRD-3048,Sneakers,4,3,marketplace,7.99,same_day,NY,609.55,WH-TX-03,on_time
AI Promo,San Francisco,SUMMER15,USD,CUST-2494,new,null,null,desktop,0,0,2344.05,null,2354.04,ORD-10162,cancelled,2025-08-06T02:36:03.000Z,digital_wallet,Books,PRD-3134,Python for Data,5,null,mobile_app,9.99,same_day,CA,468.81,WH-CA-02,on_time
AI Promo,Miami,FREESHIP,USD,CUST-2209,new,2025-08-11T12:06:10.000Z,4,desktop,0,0,138,false,152.99,ORD-10163,completed,2025-08-07T12:06:10.000Z,bank_transfer,Fashion,PRD-3107,Backpack,2,5,marketplace,14.99,express,FL,69,WH-NY-01,on_time
Summer Deals,Los Angeles,SUMMER15,USD,CUST-2203,vip,2025-09-29T18:09:05.000Z,6,tablet,0,0,3314.25,true,3319.24,ORD-10164,completed,2025-09-23T18:09:05.000Z,debit_card,Home,PRD-3154,LED Lamp,5,5,mobile_app,4.99,standard,CA,662.85,WH-CA-02,late
Back to School,Dallas,DATA20,USD,CUST-2422,returning,2025-08-03T09:53:49.000Z,2,tablet,0,0,84.83,false,84.83,ORD-10165,completed,2025-08-01T09:53:49.000Z,bank_transfer,Sports,PRD-3044,Dumbbell Set,1,5,web,0,standard,TX,84.83,WH-NY-01,on_time
Weekend Flash,Houston,WELCOME10,USD,CUST-2255,new,2025-10-05T22:03:10.000Z,5,tablet,0,0,247.98,true,247.98,ORD-10166,completed,2025-09-30T22:03:10.000Z,bank_transfer,Books,PRD-3219,SQL Fundamentals,3,2,web,0,standard,TX,82.66,WH-CA-02,late
UNKNOWN,Phoenix,WELCOME10,USD,CUST-2045,returning,2025-09-16T17:31:26.000Z,5,mobile,28.03,0.15,186.85,true,163.81,ORD-10167,completed,2025-09-11T17:31:26.000Z,debit_card,Books,PRD-3215,SQL Fundamentals,5,3,web,4.99,same_day,AZ,37.37,WH-NY-01,late
Weekend Flash,Seattle,FREESHIP,USD,CUST-2306,new,2025-09-04T18:24:17.000Z,2,desktop,88.03,0.05,1760.68,false,1687.64,ORD-10168,completed,2025-09-02T18:24:17.000Z,bank_transfer,Fashion,PRD-3030,T-Shirt,4,5,mobile_app,14.99,same_day,WA,440.17,WH-NY-01,on_time
AI Promo,Los Angeles,SUMMER15,USD,CUST-2089,new,2025-10-01T20:22:59.000Z,7,tablet,0,0,220.56,true,235.55,ORD-10169,returned,2025-09-24T20:22:59.000Z,credit_card,Home,PRD-3163,Vacuum Cleaner,1,null,mobile_app,14.99,same_day,CA,220.56,WH-TX-03,late
AI Promo,Boston,DATA20,USD,CUST-2011,vip,2025-08-13T23:02:05.000Z,1,mobile,402.59,0.15,2683.96,false,2289.36,ORD-10170,completed,2025-08-12T23:02:05.000Z,debit_card,Home,PRD-3170,Vacuum Cleaner,4,5,web,7.99,standard,MA,670.99,WH-TX-03,on_time
Weekend Flash,Chicago,SUMMER15,USD,CUST-2192,vip,2025-09-26T11:54:33.000Z,7,desktop,27.31,0.2,136.55,true,114.23,ORD-10171,completed,2025-09-19T11:54:33.000Z,bank_transfer,Fashion,PRD-3052,Sneakers,5,4,marketplace,4.99,express,IL,27.31,WH-NY-01,late
Back to School,Seattle,WELCOME10,USD,CUST-2090,returning,2025-09-25T19:14:42.000Z,5,tablet,147.62,0.2,738.1,true,605.47,ORD-10172,returned,2025-09-20T19:14:42.000Z,debit_card,Books,PRD-3151,AI for Everyone,5,null,web,14.99,same_day,WA,147.62,WH-TX-03,late
AI Promo,Boston,WELCOME10,USD,CUST-2382,new,2025-09-15T02:06:59.000Z,4,desktop,69.23,0.15,461.52,false,397.28,ORD-10173,completed,2025-09-11T02:06:59.000Z,credit_card,Books,PRD-3164,Python for Data,3,5,mobile_app,4.99,same_day,MA,153.84,WH-CA-02,on_time
Summer Deals,New York,FREESHIP,USD,CUST-2376,returning,2025-09-21T11:46:00.000Z,1,desktop,10.36,0.05,207.14,false,204.77,ORD-10174,completed,2025-09-20T11:46:00.000Z,bank_transfer,Fashion,PRD-3253,Backpack,1,1,mobile_app,7.99,same_day,NY,207.14,WH-NY-01,on_time
UNKNOWN,Miami,DATA20,USD,CUST-2455,returning,2025-08-03T18:16:06.000Z,1,tablet,0,0,138.5,false,146.49,ORD-10175,completed,2025-08-02T18:16:06.000Z,credit_card,Sports,PRD-3039,Dumbbell Set,1,4,mobile_app,7.99,express,FL,138.5,WH-TX-03,on_time
Weekend Flash,Miami,SUMMER15,USD,CUST-2357,vip,2025-08-13T09:06:21.000Z,2,tablet,226.36,0.15,1509.06,false,1292.69,ORD-10176,completed,2025-08-11T09:06:21.000Z,bank_transfer,Electronics,PRD-3277,Tablet Stand,2,2,marketplace,9.99,express,FL,754.53,WH-NY-01,on_time
Back to School,New York,SUMMER15,USD,CUST-2103,new,2025-08-12T17:52:42.000Z,6,mobile,0,0,394.02,true,404.01,ORD-10177,shipped,2025-08-06T17:52:42.000Z,credit_card,Books,PRD-3088,Data Engineering Basics,3,1,mobile_app,9.99,express,NY,131.34,WH-CA-02,late
UNKNOWN,Seattle,SUMMER15,USD,CUST-2229,new,2025-08-29T13:23:56.000Z,4,desktop,0,0,2150.85,false,2165.84,ORD-10178,completed,2025-08-25T13:23:56.000Z,debit_card,Books,PRD-3239,Data Engineering Basics,3,4,web,14.99,express,WA,716.95,WH-NY-01,on_time
AI Promo,Chicago,DATA20,USD,CUST-2268,returning,2025-08-20T01:03:53.000Z,4,tablet,268.92,0.1,2689.15,false,2435.22,ORD-10179,returned,2025-08-16T01:03:53.000Z,debit_card,Electronics,PRD-3244,Wireless Earbuds,5,null,marketplace,14.99,express,IL,537.83,WH-NY-01,on_time
Summer Deals,Seattle,SUMMER15,USD,CUST-2104,vip,2025-08-18T14:08:02.000Z,4,tablet,0,0,420.08,false,425.07,ORD-10180,completed,2025-08-14T14:08:02.000Z,credit_card,Electronics,PRD-3133,Smart Watch,4,2,mobile_app,4.99,standard,WA,105.02,WH-TX-03,on_time
UNKNOWN,Seattle,DATA20,USD,CUST-2215,new,2025-09-26T06:39:37.000Z,5,mobile,343.37,0.1,3433.65,true,3090.28,ORD-10181,returned,2025-09-21T06:39:37.000Z,credit_card,Sports,PRD-3076,Cycling Helmet,5,null,web,0,standard,WA,686.73,WH-NY-01,late
Weekend Flash,Phoenix,NO_COUPON,USD,CUST-2074,vip,2025-09-09T03:30:02.000Z,2,tablet,211.06,0.1,2110.62,false,1909.55,ORD-10182,completed,2025-09-07T03:30:02.000Z,digital_wallet,Sports,PRD-3206,Cycling Helmet,3,2,marketplace,9.99,express,AZ,703.54,WH-NY-01,on_time
Back to School,Miami,SUMMER15,USD,CUST-2069,returning,2025-09-29T23:54:44.000Z,6,desktop,3.9,0.05,77.94,true,82.03,ORD-10183,completed,2025-09-23T23:54:44.000Z,digital_wallet,Fashion,PRD-3165,Jacket,3,5,marketplace,7.99,same_day,FL,25.98,WH-NY-01,late
Weekend Flash,Miami,WELCOME10,USD,CUST-2070,vip,2025-09-08T13:04:19.000Z,6,mobile,148.84,0.05,2976.75,true,2827.91,ORD-10184,shipped,2025-09-02T13:04:19.000Z,debit_card,Home,PRD-3089,Coffee Machine,5,2,marketplace,0,standard,FL,595.35,WH-NY-01,late
UNKNOWN,Miami,WELCOME10,USD,CUST-2016,new,null,null,desktop,85,0.05,1699.98,null,1624.97,ORD-10185,cancelled,2025-09-02T20:40:59.000Z,digital_wallet,Electronics,PRD-3229,Bluetooth Speaker,3,null,web,9.99,same_day,FL,566.66,WH-CA-02,on_time
Summer Deals,San Francisco,WELCOME10,USD,CUST-2495,new,2025-08-30T09:10:54.000Z,5,tablet,30.08,0.05,601.68,true,571.6,ORD-10186,returned,2025-08-25T09:10:54.000Z,bank_transfer,Home,PRD-3116,LED Lamp,1,null,mobile_app,0,same_day,CA,601.68,WH-TX-03,late
AI Promo,New York,FREESHIP,USD,CUST-2496,vip,null,null,desktop,219.03,0.15,1460.2,null,1241.17,ORD-10187,cancelled,2025-08-15T16:38:51.000Z,bank_transfer,Electronics,PRD-3217,Tablet Stand,2,null,marketplace,0,express,NY,730.1,WH-NY-01,on_time
AI Promo,Miami,SUMMER15,USD,CUST-2247,new,2025-09-09T04:38:38.000Z,3,desktop,70.76,0.15,471.74,false,408.97,ORD-10188,completed,2025-09-06T04:38:38.000Z,bank_transfer,Fashion,PRD-3167,T-Shirt,1,4,web,7.99,same_day,FL,471.74,WH-NY-01,on_time
Weekend Flash,Chicago,DATA20,USD,CUST-2133,returning,2025-09-19T12:46:01.000Z,6,desktop,360.38,0.1,3603.75,true,3251.36,ORD-10189,completed,2025-09-13T12:46:01.000Z,debit_card,Sports,PRD-3019,Dumbbell Set,5,5,web,7.99,express,IL,720.75,WH-TX-03,late
Weekend Flash,Dallas,NO_COUPON,USD,CUST-2133,vip,null,null,mobile,164.31,0.2,821.56,null,672.24,ORD-10190,cancelled,2025-08-12T17:06:30.000Z,debit_card,Books,PRD-3172,AI for Everyone,2,null,marketplace,14.99,express,TX,410.78,WH-TX-03,on_time
Summer Deals,Phoenix,WELCOME10,USD,CUST-2299,vip,null,null,mobile,75.91,0.05,1518.15,null,1452.23,ORD-10191,cancelled,2025-09-24T11:30:03.000Z,credit_card,Books,PRD-3242,AI for Everyone,5,null,marketplace,9.99,same_day,AZ,303.63,WH-TX-03,on_time
Back to School,Phoenix,SUMMER15,USD,CUST-2442,vip,2025-08-26T21:36:57.000Z,4,mobile,0,0,1395.94,false,1400.93,ORD-10192,completed,2025-08-22T21:36:57.000Z,debit_card,Books,PRD-3250,Python for Data,2,5,mobile_app,4.99,express,AZ,697.97,WH-NY-01,on_time
Weekend Flash,Miami,NO_COUPON,USD,CUST-2220,returning,null,null,desktop,183.4,0.15,1222.68,null,1044.27,ORD-10193,cancelled,2025-09-01T10:08:39.000Z,credit_card,Fashion,PRD-3197,Backpack,2,null,web,4.99,same_day,FL,611.34,WH-TX-03,on_time
Back to School,San Francisco,DATA20,USD,CUST-2160,new,2025-09-15T08:40:46.000Z,2,desktop,0,0,3039.55,false,3039.55,ORD-10194,completed,2025-09-13T08:40:46.000Z,bank_transfer,Electronics,PRD-3258,Bluetooth Speaker,5,5,mobile_app,0,standard,CA,607.91,WH-NY-01,on_time
Back to School,Phoenix,WELCOME10,USD,CUST-2085,returning,2025-09-02T05:08:21.000Z,4,mobile,438.74,0.15,2924.95,false,2494.2,ORD-10195,completed,2025-08-29T05:08:21.000Z,debit_card,Fashion,PRD-3115,T-Shirt,5,5,mobile_app,7.99,same_day,AZ,584.99,WH-TX-03,on_time
Back to School,Dallas,FREESHIP,USD,CUST-2335,new,2025-09-25T01:39:03.000Z,5,tablet,29.96,0.1,299.61,true,277.64,ORD-10196,completed,2025-09-20T01:39:03.000Z,digital_wallet,Home,PRD-3060,Air Fryer,1,4,mobile_app,7.99,express,TX,299.61,WH-TX-03,late
Summer Deals,Phoenix,SUMMER15,USD,CUST-2215,new,2025-09-15T11:42:33.000Z,3,tablet,8.62,0.05,172.34,false,173.71,ORD-10197,shipped,2025-09-12T11:42:33.000Z,credit_card,Books,PRD-3061,SQL Fundamentals,1,4,marketplace,9.99,standard,AZ,172.34,WH-NY-01,on_time
Back to School,Boston,NO_COUPON,USD,CUST-2170,new,2025-08-23T13:02:35.000Z,4,mobile,66.69,0.05,1333.76,false,1277.06,ORD-10198,completed,2025-08-19T13:02:35.000Z,digital_wallet,Home,PRD-3046,LED Lamp,2,1,mobile_app,9.99,standard,MA,666.88,WH-TX-03,on_time
Back to School,Los Angeles,FREESHIP,USD,CUST-2021,returning,2025-09-01T09:06:52.000Z,2,tablet,103.81,0.05,2076.12,false,1980.3,ORD-10199,returned,2025-08-30T09:06:52.000Z,credit_card,Electronics,PRD-3161,Bluetooth Speaker,4,null,web,7.99,standard,CA,519.03,WH-NY-01,on_time
Weekend Flash,Chicago,FREESHIP,USD,CUST-2059,returning,2025-10-04T07:05:23.000Z,7,desktop,175.47,0.15,1169.8,true,1002.32,ORD-10200,completed,2025-09-27T07:05:23.000Z,digital_wallet,Home,PRD-3140,LED Lamp,4,4,web,7.99,express,IL,292.45,WH-NY-01,late
Summer Deals,Chicago,FREESHIP,USD,CUST-2184,vip,2025-09-17T22:11:39.000Z,4,tablet,45.97,0.1,459.65,false,428.67,ORD-10201,returned,2025-09-13T22:11:39.000Z,digital_wallet,Electronics,PRD-3067,Smart Watch,5,null,mobile_app,14.99,standard,IL,91.93,WH-CA-02,on_time
AI Promo,New York,FREESHIP,USD,CUST-2266,vip,2025-09-25T07:36:46.000Z,5,tablet,105.49,0.2,527.43,true,436.93,ORD-10202,completed,2025-09-20T07:36:46.000Z,debit_card,Electronics,PRD-3049,Bluetooth Speaker,1,5,marketplace,14.99,express,NY,527.43,WH-TX-03,late
Summer Deals,Seattle,NO_COUPON,USD,CUST-2252,returning,2025-09-25T23:55:10.000Z,1,desktop,5.76,0.15,38.4,false,42.63,ORD-10203,returned,2025-09-24T23:55:10.000Z,debit_card,Home,PRD-3143,Air Fryer,2,null,mobile_app,9.99,same_day,WA,19.2,WH-CA-02,on_time
UNKNOWN,Houston,DATA20,USD,CUST-2053,returning,2025-09-25T23:28:20.000Z,1,mobile,180.46,0.1,1804.55,false,1624.09,ORD-10204,completed,2025-09-24T23:28:20.000Z,credit_card,Electronics,PRD-3286,Tablet Stand,5,3,web,0,standard,TX,360.91,WH-TX-03,on_time
Weekend Flash,Phoenix,FREESHIP,USD,CUST-2287,vip,2025-09-29T09:52:14.000Z,7,desktop,105.43,0.05,2108.52,true,2011.08,ORD-10205,completed,2025-09-22T09:52:14.000Z,credit_card,Sports,PRD-3187,Dumbbell Set,4,5,marketplace,7.99,standard,AZ,527.13,WH-NY-01,late
Back to School,San Francisco,DATA20,USD,CUST-2381,vip,null,null,mobile,265.61,0.2,1328.04,null,1062.43,ORD-10206,cancelled,2025-08-03T13:31:08.000Z,debit_card,Fashion,PRD-3131,Jacket,3,null,web,0,standard,CA,442.68,WH-CA-02,on_time
Back to School,Houston,FREESHIP,USD,CUST-2235,vip,2025-10-05T04:53:43.000Z,5,tablet,57.63,0.1,576.26,true,518.63,ORD-10207,completed,2025-09-30T04:53:43.000Z,credit_card,Books,PRD-3069,SQL Fundamentals,1,1,marketplace,0,same_day,TX,576.26,WH-TX-03,late
AI Promo,Seattle,SUMMER15,USD,CUST-2259,returning,2025-08-14T07:52:08.000Z,1,tablet,296.1,0.2,1480.5,false,1199.39,ORD-10208,completed,2025-08-13T07:52:08.000Z,digital_wallet,Sports,PRD-3128,Resistance Bands,2,5,web,14.99,express,WA,740.25,WH-CA-02,on_time
Weekend Flash,Chicago,SUMMER15,USD,CUST-2112,new,null,null,tablet,121.5,0.05,2429.95,null,2323.44,ORD-10209,cancelled,2025-09-25T18:45:47.000Z,debit_card,Home,PRD-3149,Coffee Machine,5,null,mobile_app,14.99,same_day,IL,485.99,WH-TX-03,on_time
Summer Deals,Dallas,DATA20,USD,CUST-2458,vip,null,null,desktop,305.51,0.1,3055.05,null,2764.53,ORD-10210,cancelled,2025-09-07T05:45:26.000Z,credit_card,Fashion,PRD-3007,Sneakers,5,null,web,14.99,standard,TX,611.01,WH-NY-01,on_time
UNKNOWN,New York,WELCOME10,USD,CUST-2184,returning,2025-08-13T09:44:50.000Z,3,tablet,22.09,0.05,441.82,false,427.72,ORD-10211,completed,2025-08-10T09:44:50.000Z,digital_wallet,Electronics,PRD-3288,Smart Watch,2,3,mobile_app,7.99,standard,NY,220.91,WH-TX-03,on_time
Weekend Flash,Phoenix,DATA20,USD,CUST-2400,returning,2025-08-07T07:16:12.000Z,5,tablet,142.28,0.15,948.51,true,806.23,ORD-10212,returned,2025-08-02T07:16:12.000Z,debit_card,Electronics,PRD-3189,Tablet Stand,3,null,mobile_app,0,same_day,AZ,316.17,WH-CA-02,late
Weekend Flash,Miami,SUMMER15,USD,CUST-2067,new,2025-08-11T20:02:27.000Z,3,desktop,63.08,0.2,315.42,false,267.33,ORD-10213,shipped,2025-08-08T20:02:27.000Z,digital_wallet,Home,PRD-3003,Air Fryer,2,5,marketplace,14.99,same_day,FL,157.71,WH-NY-01,on_time
Weekend Flash,Chicago,DATA20,USD,CUST-2363,returning,2025-09-03T02:35:22.000Z,1,mobile,621.19,0.2,3105.95,false,2492.75,ORD-10214,returned,2025-09-02T02:35:22.000Z,credit_card,Fashion,PRD-3095,Sneakers,5,null,marketplace,7.99,same_day,IL,621.19,WH-CA-02,on_time
UNKNOWN,Dallas,FREESHIP,USD,CUST-2288,vip,2025-08-29T19:18:13.000Z,7,mobile,0,0,165.28,true,173.27,ORD-10215,shipped,2025-08-22T19:18:13.000Z,debit_card,Sports,PRD-3178,Resistance Bands,2,1,mobile_app,7.99,same_day,TX,82.64,WH-TX-03,late
Weekend Flash,Houston,FREESHIP,USD,CUST-2395,returning,2025-09-10T07:18:01.000Z,5,tablet,31.13,0.1,311.28,true,288.14,ORD-10216,returned,2025-09-05T07:18:01.000Z,credit_card,Electronics,PRD-3229,Bluetooth Speaker,1,null,marketplace,7.99,express,TX,311.28,WH-CA-02,late
Back to School,Dallas,DATA20,USD,CUST-2110,vip,2025-09-16T10:13:42.000Z,6,mobile,106.68,0.15,711.2,true,604.52,ORD-10217,returned,2025-09-10T10:13:42.000Z,digital_wallet,Electronics,PRD-3106,Wireless Earbuds,5,null,web,0,same_day,TX,142.24,WH-TX-03,late
Back to School,Chicago,FREESHIP,USD,CUST-2467,returning,2025-08-09T13:50:16.000Z,5,desktop,0,0,576.33,true,576.33,ORD-10218,completed,2025-08-04T13:50:16.000Z,digital_wallet,Electronics,PRD-3231,Tablet Stand,1,5,web,0,express,IL,576.33,WH-CA-02,late
Summer Deals,Los Angeles,SUMMER15,USD,CUST-2149,vip,2025-08-07T06:54:04.000Z,3,tablet,0,0,2583.6,false,2598.59,ORD-10219,shipped,2025-08-04T06:54:04.000Z,digital_wallet,Sports,PRD-3045,Yoga Mat,5,4,web,14.99,express,CA,516.72,WH-TX-03,on_time
UNKNOWN,New York,NO_COUPON,USD,CUST-2491,new,2025-09-23T01:18:40.000Z,2,tablet,172.58,0.2,862.88,false,700.29,ORD-10220,completed,2025-09-21T01:18:40.000Z,credit_card,Books,PRD-3073,SQL Fundamentals,2,5,marketplace,9.99,standard,NY,431.44,WH-TX-03,on_time
Summer Deals,Seattle,WELCOME10,USD,CUST-2114,vip,2025-09-30T04:54:32.000Z,2,mobile,0,0,752.13,false,762.12,ORD-10221,completed,2025-09-28T04:54:32.000Z,credit_card,Sports,PRD-3059,Yoga Mat,3,4,web,9.99,same_day,WA,250.71,WH-TX-03,on_time
AI Promo,Dallas,SUMMER15,USD,CUST-2052,returning,2025-09-20T02:31:21.000Z,3,mobile,0,0,1621.89,false,1626.88,ORD-10222,completed,2025-09-17T02:31:21.000Z,digital_wallet,Electronics,PRD-3100,Bluetooth Speaker,3,5,marketplace,4.99,express,TX,540.63,WH-TX-03,on_time
AI Promo,Phoenix,FREESHIP,USD,CUST-2142,returning,2025-08-18T08:20:15.000Z,7,tablet,68.52,0.05,1370.37,true,1311.84,ORD-10223,completed,2025-08-11T08:20:15.000Z,digital_wallet,Sports,PRD-3170,Dumbbell Set,3,2,mobile_app,9.99,express,AZ,456.79,WH-CA-02,late
Weekend Flash,Miami,DATA20,USD,CUST-2373,new,2025-09-26T12:57:34.000Z,2,tablet,0,0,744.3,false,752.29,ORD-10224,completed,2025-09-24T12:57:34.000Z,digital_wallet,Sports,PRD-3016,Yoga Mat,5,4,mobile_app,7.99,same_day,FL,148.86,WH-NY-01,on_time
Weekend Flash,Dallas,DATA20,USD,CUST-2257,vip,2025-08-19T02:46:54.000Z,3,desktop,52.66,0.05,1053.18,false,1010.51,ORD-10225,completed,2025-08-16T02:46:54.000Z,credit_card,Fashion,PRD-3187,T-Shirt,2,1,mobile_app,9.99,same_day,TX,526.59,WH-TX-03,on_time
Weekend Flash,Chicago,SUMMER15,USD,CUST-2113,returning,2025-09-16T12:47:46.000Z,4,mobile,108.75,0.15,725.02,false,631.26,ORD-10226,completed,2025-09-12T12:47:46.000Z,debit_card,Sports,PRD-3136,Dumbbell Set,2,3,mobile_app,14.99,standard,IL,362.51,WH-TX-03,on_time
Back to School,San Francisco,FREESHIP,USD,CUST-2297,vip,2025-08-15T06:33:40.000Z,7,mobile,0,0,735.14,true,743.13,ORD-10227,completed,2025-08-08T06:33:40.000Z,bank_transfer,Books,PRD-3193,Data Engineering Basics,1,5,marketplace,7.99,same_day,CA,735.14,WH-TX-03,late
Weekend Flash,Phoenix,SUMMER15,USD,CUST-2226,new,2025-09-21T23:56:38.000Z,1,mobile,62.69,0.05,1253.79,false,1201.09,ORD-10228,shipped,2025-09-20T23:56:38.000Z,debit_card,Books,PRD-3264,SQL Fundamentals,3,4,mobile_app,9.99,standard,AZ,417.93,WH-NY-01,on_time
UNKNOWN,San Francisco,WELCOME10,USD,CUST-2332,returning,2025-09-03T05:30:30.000Z,2,mobile,106.46,0.05,2129.12,false,2022.66,ORD-10229,shipped,2025-09-01T05:30:30.000Z,debit_card,Sports,PRD-3023,Yoga Mat,4,4,mobile_app,0,standard,CA,532.28,WH-NY-01,on_time
Weekend Flash,Boston,DATA20,USD,CUST-2339,returning,null,null,mobile,42.42,0.15,282.82,null,250.39,ORD-10230,cancelled,2025-09-09T02:40:01.000Z,digital_wallet,Home,PRD-3230,Air Fryer,2,null,mobile_app,9.99,express,MA,141.41,WH-NY-01,on_time
UNKNOWN,Seattle,NO_COUPON,USD,CUST-2118,returning,2025-08-20T13:46:43.000Z,3,mobile,191.32,0.15,1275.5,false,1099.17,ORD-10231,completed,2025-08-17T13:46:43.000Z,debit_card,Sports,PRD-3056,Dumbbell Set,2,4,web,14.99,same_day,WA,637.75,WH-TX-03,on_time
Back to School,Seattle,FREESHIP,USD,CUST-2338,new,2025-09-28T01:32:48.000Z,1,tablet,112.62,0.15,750.8,false,638.18,ORD-10232,completed,2025-09-27T01:32:48.000Z,digital_wallet,Home,PRD-3001,Air Fryer,5,1,marketplace,0,express,WA,150.16,WH-TX-03,on_time
AI Promo,Dallas,FREESHIP,USD,CUST-2295,new,null,null,mobile,300.54,0.1,3005.4,null,2712.85,ORD-10233,cancelled,2025-09-08T07:58:48.000Z,debit_card,Books,PRD-3131,SQL Fundamentals,4,null,web,7.99,standard,TX,751.35,WH-TX-03,on_time
UNKNOWN,Dallas,DATA20,USD,CUST-2210,returning,2025-08-15T00:00:24.000Z,6,mobile,23.9,0.15,159.33,true,150.42,ORD-10234,completed,2025-08-09T00:00:24.000Z,bank_transfer,Books,PRD-3219,AI for Everyone,1,5,mobile_app,14.99,express,TX,159.33,WH-CA-02,late
Weekend Flash,Boston,WELCOME10,USD,CUST-2130,returning,2025-09-09T01:30:11.000Z,3,desktop,0,0,3174.08,false,3184.07,ORD-10235,shipped,2025-09-06T01:30:11.000Z,credit_card,Fashion,PRD-3204,Jacket,4,1,marketplace,9.99,same_day,MA,793.52,WH-CA-02,on_time
Weekend Flash,Chicago,NO_COUPON,USD,CUST-2412,new,2025-09-17T05:45:03.000Z,2,desktop,185.22,0.15,1234.77,false,1064.54,ORD-10236,completed,2025-09-15T05:45:03.000Z,credit_card,Electronics,PRD-3223,Smart Watch,3,3,mobile_app,14.99,express,IL,411.59,WH-CA-02,on_time
Back to School,Los Angeles,WELCOME10,USD,CUST-2090,vip,2025-08-27T06:38:03.000Z,7,desktop,349.41,0.15,2329.4,true,1994.98,ORD-10237,returned,2025-08-20T06:38:03.000Z,bank_transfer,Sports,PRD-3006,Yoga Mat,4,null,web,14.99,standard,CA,582.35,WH-TX-03,late
Back to School,Dallas,DATA20,USD,CUST-2205,returning,2025-09-14T08:10:05.000Z,3,desktop,24.8,0.05,496,false,476.19,ORD-10238,returned,2025-09-11T08:10:05.000Z,debit_card,Sports,PRD-3208,Dumbbell Set,1,null,marketplace,4.99,same_day,TX,496,WH-TX-03,on_time
Back to School,Los Angeles,DATA20,USD,CUST-2295,new,2025-08-25T16:14:38.000Z,2,mobile,437.74,0.15,2918.25,false,2488.5,ORD-10239,completed,2025-08-23T16:14:38.000Z,credit_card,Electronics,PRD-3209,Bluetooth Speaker,5,2,web,7.99,same_day,CA,583.65,WH-TX-03,on_time
Back to School,Phoenix,DATA20,USD,CUST-2388,returning,2025-08-23T06:28:24.000Z,5,tablet,289.94,0.15,1932.96,true,1658.01,ORD-10240,completed,2025-08-18T06:28:24.000Z,credit_card,Fashion,PRD-3236,Sneakers,3,5,web,14.99,express,AZ,644.32,WH-CA-02,late
Weekend Flash,Los Angeles,SUMMER15,USD,CUST-2135,new,2025-08-30T00:34:00.000Z,6,mobile,54.48,0.05,1089.52,true,1045.03,ORD-10241,returned,2025-08-24T00:34:00.000Z,credit_card,Books,PRD-3205,SQL Fundamentals,2,null,web,9.99,same_day,CA,544.76,WH-CA-02,late
Back to School,San Francisco,WELCOME10,USD,CUST-2106,new,2025-09-08T07:12:15.000Z,6,mobile,0,0,2149.53,true,2154.52,ORD-10242,completed,2025-09-02T07:12:15.000Z,credit_card,Fashion,PRD-3183,Backpack,3,5,mobile_app,4.99,standard,CA,716.51,WH-TX-03,late
Weekend Flash,Miami,FREESHIP,USD,CUST-2141,returning,2025-08-30T03:20:31.000Z,5,tablet,0,0,3068.75,true,3078.74,ORD-10243,returned,2025-08-25T03:20:31.000Z,debit_card,Sports,PRD-3144,Yoga Mat,5,null,mobile_app,9.99,same_day,FL,613.75,WH-NY-01,late
AI Promo,Dallas,FREESHIP,USD,CUST-2162,vip,2025-08-31T05:49:11.000Z,4,mobile,112.85,0.15,752.33,false,647.47,ORD-10244,completed,2025-08-27T05:49:11.000Z,credit_card,Books,PRD-3108,Data Engineering Basics,1,1,mobile_app,7.99,express,TX,752.33,WH-TX-03,on_time
Weekend Flash,Phoenix,DATA20,USD,CUST-2187,returning,2025-08-26T13:31:27.000Z,2,desktop,118.4,0.15,789.36,false,678.95,ORD-10245,completed,2025-08-24T13:31:27.000Z,debit_card,Home,PRD-3093,LED Lamp,4,5,web,7.99,same_day,AZ,197.34,WH-NY-01,on_time
Back to School,Phoenix,DATA20,USD,CUST-2403,returning,2025-09-04T08:11:26.000Z,4,desktop,0,0,1372.96,false,1377.95,ORD-10246,completed,2025-08-31T08:11:26.000Z,credit_card,Home,PRD-3288,Coffee Machine,2,5,web,4.99,express,AZ,686.48,WH-TX-03,on_time
UNKNOWN,Chicago,DATA20,USD,CUST-2177,new,2025-09-02T07:21:16.000Z,3,mobile,522.34,0.2,2611.68,false,2089.34,ORD-10247,completed,2025-08-30T07:21:16.000Z,debit_card,Electronics,PRD-3180,Smart Watch,4,5,web,0,same_day,IL,652.92,WH-TX-03,on_time
Back to School,Dallas,DATA20,USD,CUST-2445,new,2025-09-29T10:24:39.000Z,3,desktop,145.27,0.1,1452.7,false,1317.42,ORD-10248,completed,2025-09-26T10:24:39.000Z,digital_wallet,Home,PRD-3216,LED Lamp,5,4,marketplace,9.99,standard,TX,290.54,WH-NY-01,on_time
Weekend Flash,San Francisco,FREESHIP,USD,CUST-2442,returning,2025-09-13T04:25:17.000Z,4,tablet,156.2,0.2,780.99,false,632.78,ORD-10249,returned,2025-09-09T04:25:17.000Z,digital_wallet,Home,PRD-3267,LED Lamp,3,null,marketplace,7.99,standard,CA,260.33,WH-NY-01,on_time
Summer Deals,Chicago,SUMMER15,USD,CUST-2014,returning,2025-08-30T11:06:04.000Z,4,mobile,0,0,752.95,false,757.94,ORD-10250,shipped,2025-08-26T11:06:04.000Z,debit_card,Home,PRD-3054,LED Lamp,1,3,marketplace,4.99,standard,IL,752.95,WH-CA-02,on_time
UNKNOWN,Houston,DATA20,USD,CUST-2443,returning,2025-09-29T13:01:02.000Z,6,tablet,0,0,720.2,true,735.19,ORD-10251,completed,2025-09-23T13:01:02.000Z,digital_wallet,Home,PRD-3140,LED Lamp,2,5,web,14.99,standard,TX,360.1,WH-NY-01,late
AI Promo,Boston,FREESHIP,USD,CUST-2413,new,2025-09-14T04:34:19.000Z,3,desktop,254.27,0.1,2542.65,false,2303.37,ORD-10252,completed,2025-09-11T04:34:19.000Z,bank_transfer,Sports,PRD-3188,Resistance Bands,5,5,web,14.99,standard,MA,508.53,WH-NY-01,on_time
Summer Deals,New York,DATA20,USD,CUST-2409,returning,2025-09-17T23:48:30.000Z,3,mobile,169,0.15,1126.68,false,957.68,ORD-10253,completed,2025-09-14T23:48:30.000Z,bank_transfer,Sports,PRD-3004,Dumbbell Set,4,2,marketplace,0,standard,NY,281.67,WH-TX-03,on_time
Weekend Flash,Seattle,FREESHIP,USD,CUST-2146,vip,2025-08-19T10:27:40.000Z,2,tablet,55.59,0.1,555.92,false,505.32,ORD-10254,shipped,2025-08-17T10:27:40.000Z,debit_card,Books,PRD-3138,SQL Fundamentals,4,5,marketplace,4.99,standard,WA,138.98,WH-NY-01,on_time
Back to School,Phoenix,FREESHIP,USD,CUST-2096,new,2025-09-03T14:20:01.000Z,2,desktop,298.81,0.2,1494.03,false,1210.21,ORD-10255,completed,2025-09-01T14:20:01.000Z,credit_card,Electronics,PRD-3065,Tablet Stand,3,3,web,14.99,standard,AZ,498.01,WH-NY-01,on_time
AI Promo,New York,FREESHIP,USD,CUST-2029,returning,2025-09-03T06:50:02.000Z,3,mobile,84.03,0.1,840.33,false,764.29,ORD-10256,completed,2025-08-31T06:50:02.000Z,debit_card,Books,PRD-3279,SQL Fundamentals,3,4,web,7.99,standard,NY,280.11,WH-CA-02,on_time
UNKNOWN,New York,WELCOME10,USD,CUST-2243,returning,2025-08-14T22:47:49.000Z,1,desktop,0,0,1255.96,false,1255.96,ORD-10257,shipped,2025-08-13T22:47:49.000Z,credit_card,Electronics,PRD-3166,Smart Watch,4,5,marketplace,0,same_day,NY,313.99,WH-TX-03,on_time
Weekend Flash,Los Angeles,DATA20,USD,CUST-2223,returning,null,null,mobile,51.44,0.05,1028.86,null,977.42,ORD-10258,cancelled,2025-09-26T05:13:07.000Z,credit_card,Fashion,PRD-3142,T-Shirt,2,null,mobile_app,0,express,CA,514.43,WH-NY-01,on_time
Summer Deals,New York,WELCOME10,USD,CUST-2477,vip,2025-08-22T13:31:05.000Z,6,mobile,55.38,0.05,1107.68,true,1052.3,ORD-10259,shipped,2025-08-16T13:31:05.000Z,credit_card,Sports,PRD-3183,Resistance Bands,2,5,mobile_app,0,standard,NY,553.84,WH-NY-01,late
Summer Deals,San Francisco,DATA20,USD,CUST-2461,new,2025-08-09T06:24:22.000Z,6,tablet,517.1,0.2,2585.48,true,2073.37,ORD-10260,completed,2025-08-03T06:24:22.000Z,bank_transfer,Sports,PRD-3225,Cycling Helmet,4,5,web,4.99,same_day,CA,646.37,WH-NY-01,late
Weekend Flash,Boston,NO_COUPON,USD,CUST-2152,returning,2025-10-04T01:10:04.000Z,5,desktop,53.14,0.05,1062.84,true,1024.69,ORD-10261,completed,2025-09-29T01:10:04.000Z,digital_wallet,Home,PRD-3233,LED Lamp,4,1,marketplace,14.99,same_day,MA,265.71,WH-NY-01,late
Back to School,Boston,NO_COUPON,USD,CUST-2314,returning,2025-09-28T20:12:33.000Z,6,desktop,52.67,0.2,263.35,true,225.67,ORD-10262,completed,2025-09-22T20:12:33.000Z,credit_card,Fashion,PRD-3165,Backpack,1,4,web,14.99,same_day,MA,263.35,WH-NY-01,late
UNKNOWN,Chicago,NO_COUPON,USD,CUST-2251,vip,null,null,tablet,0,0,678.56,null,678.56,ORD-10263,cancelled,2025-08-04T02:41:53.000Z,bank_transfer,Home,PRD-3132,Air Fryer,4,null,marketplace,0,standard,IL,169.64,WH-TX-03,on_time
Back to School,Los Angeles,DATA20,USD,CUST-2189,vip,2025-08-29T01:47:56.000Z,4,tablet,52.8,0.1,528.04,false,475.24,ORD-10264,returned,2025-08-25T01:47:56.000Z,credit_card,Electronics,PRD-3137,Smart Watch,1,null,mobile_app,0,same_day,CA,528.04,WH-CA-02,on_time
Summer Deals,Los Angeles,DATA20,USD,CUST-2286,vip,2025-08-15T14:33:42.000Z,2,desktop,26.99,0.15,179.94,false,162.94,ORD-10265,shipped,2025-08-13T14:33:42.000Z,bank_transfer,Home,PRD-3055,Air Fryer,2,4,marketplace,9.99,same_day,CA,89.97,WH-TX-03,on_time
AI Promo,Seattle,FREESHIP,USD,CUST-2463,returning,2025-08-28T05:10:34.000Z,5,desktop,318.02,0.1,3180.2,true,2877.17,ORD-10266,completed,2025-08-23T05:10:34.000Z,digital_wallet,Electronics,PRD-3191,Smart Watch,5,5,marketplace,14.99,same_day,WA,636.04,WH-TX-03,late
AI Promo,Houston,WELCOME10,USD,CUST-2018,returning,null,null,mobile,306.3,0.2,1531.5,null,1233.19,ORD-10267,cancelled,2025-08-24T22:28:25.000Z,bank_transfer,Sports,PRD-3266,Dumbbell Set,5,null,marketplace,7.99,standard,TX,306.3,WH-NY-01,on_time
AI Promo,Houston,SUMMER15,USD,CUST-2236,returning,2025-09-08T02:59:36.000Z,2,mobile,278.77,0.15,1858.5,false,1594.72,ORD-10268,completed,2025-09-06T02:59:36.000Z,debit_card,Fashion,PRD-3136,Sneakers,3,3,mobile_app,14.99,standard,TX,619.5,WH-CA-02,on_time
AI Promo,Los Angeles,FREESHIP,USD,CUST-2305,vip,2025-09-18T18:50:30.000Z,2,mobile,183.82,0.2,919.12,false,735.3,ORD-10269,completed,2025-09-16T18:50:30.000Z,credit_card,Sports,PRD-3296,Resistance Bands,2,4,web,0,standard,CA,459.56,WH-CA-02,on_time
UNKNOWN,Seattle,DATA20,USD,CUST-2157,vip,2025-10-05T08:40:49.000Z,6,desktop,278.85,0.2,1394.26,true,1130.4,ORD-10270,completed,2025-09-29T08:40:49.000Z,debit_card,Books,PRD-3277,Python for Data,2,3,mobile_app,14.99,express,WA,697.13,WH-TX-03,late
Summer Deals,Houston,DATA20,USD,CUST-2076,new,2025-09-11T00:05:14.000Z,4,mobile,216.87,0.1,2168.68,false,1966.8,ORD-10271,completed,2025-09-07T00:05:14.000Z,credit_card,Home,PRD-3244,Air Fryer,4,2,web,14.99,same_day,TX,542.17,WH-CA-02,on_time
Summer Deals,Los Angeles,WELCOME10,USD,CUST-2288,vip,2025-09-11T14:31:25.000Z,6,tablet,0,0,1242.64,true,1252.63,ORD-10272,shipped,2025-09-05T14:31:25.000Z,credit_card,Books,PRD-3127,Data Engineering Basics,2,5,marketplace,9.99,express,CA,621.32,WH-CA-02,late
Weekend Flash,Boston,FREESHIP,USD,CUST-2087,returning,2025-08-19T18:22:38.000Z,6,desktop,108.14,0.05,2162.72,true,2062.57,ORD-10273,completed,2025-08-13T18:22:38.000Z,credit_card,Electronics,PRD-3075,Wireless Earbuds,4,5,marketplace,7.99,standard,MA,540.68,WH-TX-03,late
Weekend Flash,San Francisco,FREESHIP,USD,CUST-2176,vip,2025-10-06T12:55:53.000Z,7,desktop,0,0,98.77,true,113.76,ORD-10274,completed,2025-09-29T12:55:53.000Z,credit_card,Home,PRD-3231,Air Fryer,1,3,mobile_app,14.99,express,CA,98.77,WH-TX-03,late
Back to School,Dallas,NO_COUPON,USD,CUST-2010,returning,null,null,tablet,198.76,0.15,1325.04,null,1136.27,ORD-10275,cancelled,2025-09-10T07:09:44.000Z,bank_transfer,Home,PRD-3270,Vacuum Cleaner,3,null,marketplace,9.99,standard,TX,441.68,WH-CA-02,on_time
Summer Deals,Houston,FREESHIP,USD,CUST-2010,returning,2025-09-18T16:42:54.000Z,6,desktop,0,0,51.94,true,61.93,ORD-10276,completed,2025-09-12T16:42:54.000Z,credit_card,Sports,PRD-3119,Cycling Helmet,1,4,marketplace,9.99,express,TX,51.94,WH-TX-03,late
AI Promo,Dallas,SUMMER15,USD,CUST-2202,vip,2025-08-06T15:59:33.000Z,3,mobile,100.27,0.15,668.44,false,568.17,ORD-10277,completed,2025-08-03T15:59:33.000Z,bank_transfer,Electronics,PRD-3178,Smart Watch,4,1,mobile_app,0,same_day,TX,167.11,WH-NY-01,on_time
Weekend Flash,Dallas,FREESHIP,USD,CUST-2045,vip,2025-10-03T16:14:09.000Z,3,tablet,0,0,2017.52,false,2032.51,ORD-10278,completed,2025-09-30T16:14:09.000Z,debit_card,Fashion,PRD-3117,Sneakers,4,4,web,14.99,same_day,TX,504.38,WH-CA-02,on_time
UNKNOWN,Phoenix,WELCOME10,USD,CUST-2071,returning,2025-09-10T01:43:51.000Z,2,tablet,0,0,729.68,false,734.67,ORD-10279,returned,2025-09-08T01:43:51.000Z,digital_wallet,Sports,PRD-3269,Cycling Helmet,2,null,marketplace,4.99,standard,AZ,364.84,WH-NY-01,on_time
Weekend Flash,San Francisco,WELCOME10,USD,CUST-2382,vip,2025-09-22T18:56:26.000Z,4,desktop,62.19,0.2,310.94,false,248.75,ORD-10280,completed,2025-09-18T18:56:26.000Z,credit_card,Electronics,PRD-3078,Wireless Earbuds,2,1,marketplace,0,standard,CA,155.47,WH-NY-01,on_time
Summer Deals,Boston,WELCOME10,USD,CUST-2069,vip,2025-08-18T15:43:01.000Z,3,desktop,0,0,2442.15,false,2457.14,ORD-10281,completed,2025-08-15T15:43:01.000Z,digital_wallet,Sports,PRD-3192,Cycling Helmet,5,1,marketplace,14.99,express,MA,488.43,WH-NY-01,on_time
Summer Deals,Chicago,FREESHIP,USD,CUST-2091,returning,2025-08-23T07:42:12.000Z,7,desktop,1.77,0.05,35.46,true,43.68,ORD-10282,completed,2025-08-16T07:42:12.000Z,debit_card,Home,PRD-3167,Vacuum Cleaner,1,4,marketplace,9.99,express,IL,35.46,WH-NY-01,late
Back to School,Boston,DATA20,USD,CUST-2232,returning,2025-09-11T04:56:45.000Z,7,mobile,241.03,0.15,1606.9,true,1380.86,ORD-10283,completed,2025-09-04T04:56:45.000Z,digital_wallet,Books,PRD-3266,AI for Everyone,5,4,mobile_app,14.99,same_day,MA,321.38,WH-TX-03,late
UNKNOWN,Seattle,NO_COUPON,USD,CUST-2354,vip,2025-09-23T17:29:10.000Z,4,desktop,63.99,0.1,639.92,false,583.92,ORD-10284,completed,2025-09-19T17:29:10.000Z,credit_card,Sports,PRD-3232,Yoga Mat,4,3,mobile_app,7.99,standard,WA,159.98,WH-TX-03,on_time
Summer Deals,Dallas,NO_COUPON,USD,CUST-2129,returning,2025-09-02T02:57:45.000Z,2,tablet,0,0,1346.84,false,1351.83,ORD-10285,completed,2025-08-31T02:57:45.000Z,credit_card,Home,PRD-3084,Coffee Machine,4,4,marketplace,4.99,standard,TX,336.71,WH-TX-03,on_time
AI Promo,San Francisco,WELCOME10,USD,CUST-2290,vip,2025-09-02T01:24:02.000Z,7,mobile,438.17,0.15,2921.15,true,2487.97,ORD-10286,completed,2025-08-26T01:24:02.000Z,credit_card,Electronics,PRD-3075,Tablet Stand,5,5,mobile_app,4.99,express,CA,584.23,WH-CA-02,late
Summer Deals,Miami,WELCOME10,USD,CUST-2256,vip,2025-09-13T16:00:29.000Z,4,tablet,0,0,205.74,false,205.74,ORD-10287,returned,2025-09-09T16:00:29.000Z,debit_card,Fashion,PRD-3253,Backpack,2,null,mobile_app,0,same_day,FL,102.87,WH-CA-02,on_time
Back to School,Seattle,SUMMER15,USD,CUST-2107,new,2025-08-26T03:40:35.000Z,7,mobile,0,0,484.96,true,499.95,ORD-10288,returned,2025-08-19T03:40:35.000Z,credit_card,Books,PRD-3029,Python for Data,1,null,mobile_app,14.99,standard,WA,484.96,WH-TX-03,late
AI Promo,Boston,NO_COUPON,USD,CUST-2495,returning,2025-08-30T13:10:43.000Z,3,tablet,0,0,271.58,false,271.58,ORD-10289,shipped,2025-08-27T13:10:43.000Z,credit_card,Sports,PRD-3185,Cycling Helmet,1,4,marketplace,0,express,MA,271.58,WH-CA-02,on_time
UNKNOWN,Seattle,NO_COUPON,USD,CUST-2269,new,2025-08-12T11:44:55.000Z,3,mobile,33.81,0.05,676.21,false,652.39,ORD-10290,completed,2025-08-09T11:44:55.000Z,credit_card,Electronics,PRD-3030,Tablet Stand,1,2,marketplace,9.99,express,WA,676.21,WH-TX-03,on_time
Back to School,Phoenix,WELCOME10,USD,CUST-2253,new,2025-10-03T12:39:36.000Z,4,mobile,161.35,0.15,1075.65,false,922.29,ORD-10291,shipped,2025-09-29T12:39:36.000Z,credit_card,Books,PRD-3149,AI for Everyone,5,1,marketplace,7.99,standard,AZ,215.13,WH-CA-02,on_time
Back to School,Los Angeles,DATA20,USD,CUST-2131,new,2025-09-28T04:13:00.000Z,6,desktop,50.56,0.05,1011.27,true,975.7,ORD-10292,completed,2025-09-22T04:13:00.000Z,bank_transfer,Home,PRD-3260,Coffee Machine,3,5,web,14.99,standard,CA,337.09,WH-TX-03,late
AI Promo,San Francisco,WELCOME10,USD,CUST-2409,new,2025-08-19T18:53:21.000Z,6,mobile,0,0,2911.35,true,2916.34,ORD-10293,completed,2025-08-13T18:53:21.000Z,digital_wallet,Fashion,PRD-3247,T-Shirt,5,1,marketplace,4.99,same_day,CA,582.27,WH-CA-02,late
UNKNOWN,Seattle,NO_COUPON,USD,CUST-2470,returning,2025-08-05T14:36:43.000Z,3,mobile,205.34,0.15,1368.9,false,1178.55,ORD-10294,returned,2025-08-02T14:36:43.000Z,bank_transfer,Electronics,PRD-3144,Bluetooth Speaker,3,null,mobile_app,14.99,express,WA,456.3,WH-NY-01,on_time
AI Promo,Boston,SUMMER15,USD,CUST-2191,returning,2025-09-16T09:17:26.000Z,1,mobile,7.9,0.05,158.03,false,158.12,ORD-10295,completed,2025-09-15T09:17:26.000Z,debit_card,Sports,PRD-3269,Resistance Bands,1,5,web,7.99,standard,MA,158.03,WH-NY-01,on_time
Back to School,Houston,DATA20,USD,CUST-2269,returning,2025-08-19T18:59:30.000Z,6,mobile,245.84,0.15,1638.96,true,1398.11,ORD-10296,returned,2025-08-13T18:59:30.000Z,debit_card,Electronics,PRD-3051,Tablet Stand,4,null,web,4.99,standard,TX,409.74,WH-CA-02,late
AI Promo,Seattle,SUMMER15,USD,CUST-2012,vip,2025-09-26T10:21:29.000Z,1,tablet,2.65,0.2,13.25,false,25.59,ORD-10297,completed,2025-09-25T10:21:29.000Z,debit_card,Sports,PRD-3108,Yoga Mat,1,5,web,14.99,standard,WA,13.25,WH-CA-02,on_time
AI Promo,Dallas,SUMMER15,USD,CUST-2106,vip,2025-08-23T11:00:39.000Z,5,tablet,0,0,1620.57,true,1625.56,ORD-10298,shipped,2025-08-18T11:00:39.000Z,debit_card,Fashion,PRD-3164,T-Shirt,3,4,web,4.99,same_day,TX,540.19,WH-TX-03,late
AI Promo,Houston,WELCOME10,USD,CUST-2197,new,2025-08-10T12:01:30.000Z,6,desktop,115.2,0.15,767.97,true,662.76,ORD-10299,completed,2025-08-04T12:01:30.000Z,digital_wallet,Home,PRD-3201,Air Fryer,3,4,mobile_app,9.99,same_day,TX,255.99,WH-CA-02,late
AI Promo,San Francisco,SUMMER15,USD,CUST-2241,new,2025-08-11T06:29:06.000Z,4,mobile,467.53,0.15,3116.84,false,2654.3,ORD-10300,completed,2025-08-07T06:29:06.000Z,digital_wallet,Home,PRD-3133,Air Fryer,4,1,mobile_app,4.99,standard,CA,779.21,WH-CA-02,on_time
UNKNOWN,Miami,SUMMER15,USD,CUST-2261,new,2025-09-02T13:18:49.000Z,3,tablet,3.08,0.05,61.64,false,68.55,ORD-10301,shipped,2025-08-30T13:18:49.000Z,credit_card,Books,PRD-3055,Python for Data,1,4,web,9.99,express,FL,61.64,WH-CA-02,on_time
Back to School,Seattle,SUMMER15,USD,CUST-2356,vip,2025-09-02T20:04:21.000Z,2,desktop,59.54,0.15,396.94,false,342.39,ORD-10302,returned,2025-08-31T20:04:21.000Z,debit_card,Sports,PRD-3291,Resistance Bands,2,null,web,4.99,standard,WA,198.47,WH-TX-03,on_time
Weekend Flash,Boston,NO_COUPON,USD,CUST-2351,vip,2025-08-11T22:11:19.000Z,4,desktop,95.56,0.05,1911.24,false,1830.67,ORD-10303,completed,2025-08-07T22:11:19.000Z,credit_card,Books,PRD-3254,Python for Data,4,4,web,14.99,standard,MA,477.81,WH-TX-03,on_time
UNKNOWN,New York,NO_COUPON,USD,CUST-2292,vip,2025-09-12T22:12:13.000Z,6,desktop,110.36,0.1,1103.55,true,1008.18,ORD-10304,completed,2025-09-06T22:12:13.000Z,credit_card,Home,PRD-3177,Vacuum Cleaner,3,5,web,14.99,same_day,NY,367.85,WH-CA-02,late
Summer Deals,Chicago,SUMMER15,USD,CUST-2145,new,2025-09-17T01:52:22.000Z,1,desktop,0,0,1508.45,false,1508.45,ORD-10305,returned,2025-09-16T01:52:22.000Z,digital_wallet,Fashion,PRD-3202,Sneakers,5,null,mobile_app,0,express,IL,301.69,WH-CA-02,on_time
Summer Deals,Dallas,WELCOME10,USD,CUST-2069,new,2025-09-25T19:53:26.000Z,2,tablet,115.54,0.15,770.3,false,664.75,ORD-10306,completed,2025-09-23T19:53:26.000Z,digital_wallet,Home,PRD-3009,Vacuum Cleaner,2,4,mobile_app,9.99,same_day,TX,385.15,WH-NY-01,on_time
Summer Deals,Los Angeles,FREESHIP,USD,CUST-2231,returning,2025-08-17T22:32:27.000Z,5,mobile,344.76,0.1,3447.6,true,3117.83,ORD-10307,returned,2025-08-12T22:32:27.000Z,credit_card,Home,PRD-3096,Coffee Machine,5,null,web,14.99,same_day,CA,689.52,WH-TX-03,late
UNKNOWN,Houston,DATA20,USD,CUST-2298,returning,2025-08-09T09:36:30.000Z,6,mobile,250.92,0.15,1672.8,true,1429.87,ORD-10308,completed,2025-08-03T09:36:30.000Z,bank_transfer,Sports,PRD-3073,Cycling Helmet,5,4,marketplace,7.99,express,TX,334.56,WH-NY-01,late
AI Promo,Dallas,SUMMER15,USD,CUST-2241,returning,2025-09-23T02:19:39.000Z,1,desktop,40.75,0.2,203.73,false,177.97,ORD-10309,completed,2025-09-22T02:19:39.000Z,digital_wallet,Sports,PRD-3294,Yoga Mat,1,3,marketplace,14.99,express,TX,203.73,WH-CA-02,on_time
UNKNOWN,Chicago,FREESHIP,USD,CUST-2415,vip,2025-09-15T23:37:10.000Z,5,mobile,146.08,0.05,2921.55,true,2775.47,ORD-10310,completed,2025-09-10T23:37:10.000Z,credit_card,Electronics,PRD-3147,Bluetooth Speaker,5,5,marketplace,0,standard,IL,584.31,WH-NY-01,late
Weekend Flash,Phoenix,SUMMER15,USD,CUST-2078,vip,null,null,desktop,74.47,0.05,1489.44,null,1414.97,ORD-10311,cancelled,2025-09-17T11:38:11.000Z,debit_card,Fashion,PRD-3090,Backpack,3,null,web,0,express,AZ,496.48,WH-TX-03,on_time
AI Promo,New York,DATA20,USD,CUST-2226,vip,null,null,mobile,0,0,3871,null,3880.99,ORD-10312,cancelled,2025-09-18T21:49:24.000Z,bank_transfer,Fashion,PRD-3108,Sneakers,5,null,marketplace,9.99,standard,NY,774.2,WH-NY-01,on_time
AI Promo,New York,FREESHIP,USD,CUST-2075,vip,2025-08-19T20:43:45.000Z,4,mobile,97.5,0.1,975.03,false,892.52,ORD-10313,completed,2025-08-15T20:43:45.000Z,digital_wallet,Home,PRD-3148,Coffee Machine,3,5,web,14.99,same_day,NY,325.01,WH-TX-03,on_time
Weekend Flash,New York,DATA20,USD,CUST-2237,vip,2025-08-23T16:17:51.000Z,1,mobile,459.23,0.15,3061.56,false,2610.32,ORD-10314,completed,2025-08-22T16:17:51.000Z,bank_transfer,Electronics,PRD-3100,Bluetooth Speaker,4,2,marketplace,7.99,same_day,NY,765.39,WH-CA-02,on_time
Back to School,Dallas,NO_COUPON,USD,CUST-2129,new,2025-09-06T11:43:28.000Z,3,mobile,66.7,0.1,667.03,false,600.33,ORD-10315,completed,2025-09-03T11:43:28.000Z,debit_card,Electronics,PRD-3048,Wireless Earbuds,1,5,mobile_app,0,same_day,TX,667.03,WH-TX-03,on_time
Weekend Flash,Los Angeles,FREESHIP,USD,CUST-2480,new,null,null,desktop,0,0,1535.05,null,1535.05,ORD-10316,cancelled,2025-09-14T13:16:18.000Z,bank_transfer,Electronics,PRD-3142,Smart Watch,5,null,marketplace,0,express,CA,307.01,WH-NY-01,on_time
UNKNOWN,Phoenix,DATA20,USD,CUST-2092,vip,2025-08-14T22:04:31.000Z,2,mobile,15.85,0.05,316.99,false,309.13,ORD-10317,shipped,2025-08-12T22:04:31.000Z,digital_wallet,Electronics,PRD-3074,Tablet Stand,1,2,web,7.99,standard,AZ,316.99,WH-TX-03,on_time
AI Promo,Los Angeles,SUMMER15,USD,CUST-2335,vip,2025-09-17T16:49:28.000Z,1,mobile,0,0,91.6,false,106.59,ORD-10318,completed,2025-09-16T16:49:28.000Z,debit_card,Books,PRD-3200,AI for Everyone,1,4,mobile_app,14.99,same_day,CA,91.6,WH-CA-02,on_time
AI Promo,Boston,SUMMER15,USD,CUST-2400,returning,2025-09-10T15:00:24.000Z,6,tablet,310.18,0.2,1550.92,true,1240.74,ORD-10319,returned,2025-09-04T15:00:24.000Z,bank_transfer,Electronics,PRD-3275,Tablet Stand,4,null,mobile_app,0,same_day,MA,387.73,WH-CA-02,late
AI Promo,New York,FREESHIP,USD,CUST-2496,returning,2025-09-20T17:41:12.000Z,2,mobile,0,0,1297.05,false,1307.04,ORD-10320,shipped,2025-09-18T17:41:12.000Z,credit_card,Electronics,PRD-3154,Bluetooth Speaker,3,3,marketplace,9.99,same_day,NY,432.35,WH-CA-02,on_time
Back to School,Los Angeles,SUMMER15,USD,CUST-2256,vip,2025-08-23T23:24:04.000Z,7,mobile,0,0,241.1,true,256.09,ORD-10321,shipped,2025-08-16T23:24:04.000Z,credit_card,Books,PRD-3019,SQL Fundamentals,2,5,web,14.99,express,CA,120.55,WH-CA-02,late
Back to School,Los Angeles,NO_COUPON,USD,CUST-2242,vip,2025-08-17T10:02:47.000Z,2,mobile,0,0,3763.35,false,3778.34,ORD-10322,completed,2025-08-15T10:02:47.000Z,debit_card,Home,PRD-3067,Coffee Machine,5,3,mobile_app,14.99,same_day,CA,752.67,WH-CA-02,on_time
UNKNOWN,Los Angeles,SUMMER15,USD,CUST-2219,returning,2025-09-04T03:51:39.000Z,2,tablet,0,0,669.93,false,669.93,ORD-10323,completed,2025-09-02T03:51:39.000Z,credit_card,Books,PRD-3206,SQL Fundamentals,1,5,marketplace,0,same_day,CA,669.93,WH-TX-03,on_time
Back to School,Chicago,WELCOME10,USD,CUST-2357,returning,2025-08-12T11:17:09.000Z,7,mobile,0,0,3068.7,true,3076.69,ORD-10324,completed,2025-08-05T11:17:09.000Z,credit_card,Fashion,PRD-3225,Backpack,5,4,marketplace,7.99,standard,IL,613.74,WH-TX-03,late
AI Promo,Boston,WELCOME10,USD,CUST-2304,returning,null,null,tablet,0,0,89.4,null,89.4,ORD-10325,cancelled,2025-08-01T13:59:05.000Z,debit_card,Books,PRD-3244,SQL Fundamentals,4,null,web,0,standard,MA,22.35,WH-TX-03,on_time
Back to School,Miami,WELCOME10,USD,CUST-2179,returning,2025-09-13T13:45:31.000Z,5,tablet,751.09,0.2,3755.45,true,3004.36,ORD-10326,completed,2025-09-08T13:45:31.000Z,credit_card,Books,PRD-3121,SQL Fundamentals,5,5,mobile_app,0,same_day,FL,751.09,WH-TX-03,late
AI Promo,San Francisco,NO_COUPON,USD,CUST-2496,returning,2025-08-19T11:50:09.000Z,6,mobile,37.67,0.05,753.46,true,715.79,ORD-10327,returned,2025-08-13T11:50:09.000Z,credit_card,Sports,PRD-3082,Dumbbell Set,2,null,web,0,same_day,CA,376.73,WH-CA-02,late
Weekend Flash,Houston,FREESHIP,USD,CUST-2249,vip,2025-09-19T09:59:34.000Z,2,mobile,0,0,1096.36,false,1096.36,ORD-10328,completed,2025-09-17T09:59:34.000Z,bank_transfer,Books,PRD-3121,AI for Everyone,4,3,mobile_app,0,express,TX,274.09,WH-TX-03,on_time
Summer Deals,San Francisco,WELCOME10,USD,CUST-2300,returning,2025-09-27T14:24:57.000Z,2,desktop,0,0,267.64,false,277.63,ORD-10329,completed,2025-09-25T14:24:57.000Z,digital_wallet,Home,PRD-3075,Air Fryer,1,1,mobile_app,9.99,standard,CA,267.64,WH-CA-02,on_time
UNKNOWN,Chicago,SUMMER15,USD,CUST-2057,returning,2025-08-10T09:44:36.000Z,1,desktop,0,0,1527.9,false,1535.89,ORD-10330,completed,2025-08-09T09:44:36.000Z,debit_card,Books,PRD-3088,SQL Fundamentals,3,4,web,7.99,express,IL,509.3,WH-NY-01,on_time
Weekend Flash,Boston,DATA20,USD,CUST-2377,new,2025-09-10T23:53:29.000Z,3,desktop,39.16,0.1,391.55,false,357.38,ORD-10331,completed,2025-09-07T23:53:29.000Z,debit_card,Home,PRD-3223,Vacuum Cleaner,5,2,mobile_app,4.99,same_day,MA,78.31,WH-TX-03,on_time
Back to School,New York,WELCOME10,USD,CUST-2409,vip,2025-08-07T21:33:25.000Z,4,desktop,33.32,0.2,166.6,false,148.27,ORD-10332,returned,2025-08-03T21:33:25.000Z,credit_card,Books,PRD-3254,Python for Data,4,null,mobile_app,14.99,same_day,NY,41.65,WH-TX-03,on_time
Summer Deals,Seattle,FREESHIP,USD,CUST-2236,vip,null,null,tablet,117.26,0.2,586.28,null,469.02,ORD-10333,cancelled,2025-08-02T23:42:19.000Z,digital_wallet,Home,PRD-3013,Vacuum Cleaner,2,null,marketplace,0,standard,WA,293.14,WH-NY-01,on_time
Back to School,San Francisco,NO_COUPON,USD,CUST-2404,vip,2025-09-10T09:18:27.000Z,7,tablet,68.97,0.1,689.7,true,628.72,ORD-10334,completed,2025-09-03T09:18:27.000Z,bank_transfer,Books,PRD-3172,Python for Data,1,5,mobile_app,7.99,standard,CA,689.7,WH-CA-02,late
Weekend Flash,San Francisco,DATA20,USD,CUST-2172,new,2025-09-22T10:35:45.000Z,7,mobile,119.52,0.2,597.6,true,493.07,ORD-10335,completed,2025-09-15T10:35:45.000Z,debit_card,Books,PRD-3245,Python for Data,2,4,marketplace,14.99,same_day,CA,298.8,WH-CA-02,late
Back to School,San Francisco,FREESHIP,USD,CUST-2364,vip,2025-09-05T23:32:33.000Z,7,tablet,11.45,0.05,228.94,true,225.48,ORD-10336,completed,2025-08-29T23:32:33.000Z,bank_transfer,Fashion,PRD-3150,T-Shirt,1,1,marketplace,7.99,same_day,CA,228.94,WH-NY-01,late
UNKNOWN,Miami,SUMMER15,USD,CUST-2078,new,2025-08-13T13:17:07.000Z,6,tablet,31.86,0.05,637.28,true,605.42,ORD-10337,completed,2025-08-07T13:17:07.000Z,digital_wallet,Electronics,PRD-3012,Wireless Earbuds,2,1,marketplace,0,same_day,FL,318.64,WH-NY-01,late
AI Promo,Miami,DATA20,USD,CUST-2486,vip,2025-08-07T08:55:51.000Z,2,desktop,18.03,0.05,360.65,false,347.61,ORD-10338,returned,2025-08-05T08:55:51.000Z,bank_transfer,Fashion,PRD-3211,T-Shirt,1,null,marketplace,4.99,same_day,FL,360.65,WH-CA-02,on_time
UNKNOWN,Boston,DATA20,USD,CUST-2076,returning,2025-08-14T16:14:30.000Z,3,desktop,0,0,1859.15,false,1867.14,ORD-10339,completed,2025-08-11T16:14:30.000Z,debit_card,Sports,PRD-3086,Resistance Bands,5,3,web,7.99,same_day,MA,371.83,WH-CA-02,on_time
Summer Deals,Chicago,SUMMER15,USD,CUST-2288,vip,2025-09-09T12:28:16.000Z,3,tablet,0,0,137.39,false,145.38,ORD-10340,completed,2025-09-06T12:28:16.000Z,debit_card,Home,PRD-3163,Vacuum Cleaner,1,5,mobile_app,7.99,express,IL,137.39,WH-TX-03,on_time
UNKNOWN,Chicago,SUMMER15,USD,CUST-2497,vip,2025-09-22T12:29:59.000Z,3,tablet,10.6,0.1,105.98,false,105.37,ORD-10341,completed,2025-09-19T12:29:59.000Z,digital_wallet,Sports,PRD-3170,Cycling Helmet,1,3,marketplace,9.99,express,IL,105.98,WH-TX-03,on_time
Back to School,Chicago,SUMMER15,USD,CUST-2013,returning,2025-10-02T09:08:43.000Z,5,mobile,55.51,0.2,277.56,true,232.04,ORD-10342,completed,2025-09-27T09:08:43.000Z,credit_card,Sports,PRD-3229,Resistance Bands,1,5,marketplace,9.99,express,IL,277.56,WH-TX-03,late
UNKNOWN,Houston,FREESHIP,USD,CUST-2491,new,null,null,desktop,0,0,1881.63,null,1881.63,ORD-10343,cancelled,2025-08-07T01:54:28.000Z,bank_transfer,Sports,PRD-3100,Dumbbell Set,3,null,marketplace,0,same_day,TX,627.21,WH-TX-03,on_time
Weekend Flash,New York,FREESHIP,USD,CUST-2448,vip,2025-08-27T08:18:22.000Z,3,mobile,25.38,0.05,507.52,false,492.13,ORD-10344,completed,2025-08-24T08:18:22.000Z,digital_wallet,Fashion,PRD-3228,T-Shirt,4,1,mobile_app,9.99,express,NY,126.88,WH-TX-03,on_time
Weekend Flash,Seattle,FREESHIP,USD,CUST-2478,vip,2025-08-19T17:30:55.000Z,5,mobile,0,0,3350.25,true,3355.24,ORD-10345,completed,2025-08-14T17:30:55.000Z,bank_transfer,Books,PRD-3004,SQL Fundamentals,5,4,web,4.99,express,WA,670.05,WH-TX-03,late
Weekend Flash,Miami,WELCOME10,USD,CUST-2300,returning,2025-09-04T09:52:52.000Z,3,tablet,33.48,0.05,669.64,false,651.15,ORD-10346,returned,2025-09-01T09:52:52.000Z,credit_card,Sports,PRD-3238,Dumbbell Set,4,null,web,14.99,standard,FL,167.41,WH-CA-02,on_time
Summer Deals,Phoenix,DATA20,USD,CUST-2253,new,2025-09-03T06:41:15.000Z,1,tablet,157.95,0.1,1579.53,false,1426.57,ORD-10347,completed,2025-09-02T06:41:15.000Z,digital_wallet,Books,PRD-3186,Python for Data,3,5,marketplace,4.99,same_day,AZ,526.51,WH-CA-02,on_time
AI Promo,Miami,FREESHIP,USD,CUST-2183,new,2025-08-15T02:03:09.000Z,3,desktop,0,0,2074.5,false,2082.49,ORD-10348,completed,2025-08-12T02:03:09.000Z,bank_transfer,Electronics,PRD-3185,Bluetooth Speaker,5,4,mobile_app,7.99,standard,FL,414.9,WH-CA-02,on_time
Back to School,Dallas,NO_COUPON,USD,CUST-2139,vip,2025-09-25T13:34:20.000Z,7,tablet,0,0,1230.98,true,1245.97,ORD-10349,completed,2025-09-18T13:34:20.000Z,bank_transfer,Electronics,PRD-3186,Smart Watch,2,5,marketplace,14.99,standard,TX,615.49,WH-NY-01,late
Summer Deals,Dallas,DATA20,USD,CUST-2097,vip,2025-08-09T14:09:32.000Z,2,tablet,125.05,0.05,2501.04,false,2380.98,ORD-10350,returned,2025-08-07T14:09:32.000Z,credit_card,Fashion,PRD-3270,Jacket,4,null,marketplace,4.99,express,TX,625.26,WH-NY-01,on_time
Weekend Flash,Los Angeles,NO_COUPON,USD,CUST-2497,returning,2025-08-14T22:56:38.000Z,5,tablet,233.29,0.2,1166.46,true,941.16,ORD-10351,returned,2025-08-09T22:56:38.000Z,credit_card,Home,PRD-3156,Air Fryer,3,null,mobile_app,7.99,standard,CA,388.82,WH-TX-03,late
Back to School,Chicago,DATA20,USD,CUST-2022,new,2025-09-21T11:04:01.000Z,7,mobile,0,0,218.04,true,228.03,ORD-10352,completed,2025-09-14T11:04:01.000Z,credit_card,Home,PRD-3263,LED Lamp,2,2,mobile_app,9.99,express,IL,109.02,WH-CA-02,late
Weekend Flash,New York,DATA20,USD,CUST-2180,new,null,null,mobile,0,0,537.39,null,552.38,ORD-10353,cancelled,2025-08-15T02:57:12.000Z,bank_transfer,Electronics,PRD-3143,Bluetooth Speaker,1,null,mobile_app,14.99,express,NY,537.39,WH-TX-03,on_time
UNKNOWN,Boston,DATA20,USD,CUST-2276,new,2025-08-17T06:12:18.000Z,2,mobile,0,0,441.45,false,456.44,ORD-10354,returned,2025-08-15T06:12:18.000Z,digital_wallet,Home,PRD-3110,Air Fryer,5,null,marketplace,14.99,express,MA,88.29,WH-NY-01,on_time
Back to School,Miami,SUMMER15,USD,CUST-2239,new,2025-09-09T15:26:07.000Z,7,mobile,267.78,0.1,2677.8,true,2415.01,ORD-10355,completed,2025-09-02T15:26:07.000Z,bank_transfer,Electronics,PRD-3254,Smart Watch,4,4,marketplace,4.99,same_day,FL,669.45,WH-NY-01,late
Summer Deals,San Francisco,WELCOME10,USD,CUST-2097,new,2025-09-17T22:14:35.000Z,4,tablet,188.39,0.15,1255.92,false,1075.52,ORD-10356,completed,2025-09-13T22:14:35.000Z,credit_card,Books,PRD-3189,Python for Data,4,2,web,7.99,same_day,CA,313.98,WH-TX-03,on_time
Summer Deals,Los Angeles,SUMMER15,USD,CUST-2474,new,null,null,desktop,0,0,422.9,null,427.89,ORD-10357,cancelled,2025-08-26T20:44:37.000Z,debit_card,Books,PRD-3102,Data Engineering Basics,1,null,mobile_app,4.99,same_day,CA,422.9,WH-NY-01,on_time
Back to School,Houston,WELCOME10,USD,CUST-2309,returning,null,null,tablet,172.52,0.15,1150.15,null,985.62,ORD-10358,cancelled,2025-09-19T04:25:22.000Z,digital_wallet,Books,PRD-3143,Data Engineering Basics,5,null,web,7.99,standard,TX,230.03,WH-CA-02,on_time
UNKNOWN,Miami,WELCOME10,USD,CUST-2014,new,null,null,tablet,0,0,1012.82,null,1012.82,ORD-10359,cancelled,2025-09-17T09:53:04.000Z,bank_transfer,Books,PRD-3168,SQL Fundamentals,2,null,web,0,same_day,FL,506.41,WH-NY-01,on_time
Summer Deals,Los Angeles,FREESHIP,USD,CUST-2441,vip,2025-09-05T00:16:34.000Z,3,mobile,63.63,0.05,1272.52,false,1218.88,ORD-10360,returned,2025-09-02T00:16:34.000Z,credit_card,Sports,PRD-3017,Resistance Bands,2,null,marketplace,9.99,express,CA,636.26,WH-CA-02,on_time
UNKNOWN,Seattle,FREESHIP,USD,CUST-2367,returning,2025-10-01T06:10:31.000Z,4,mobile,11.53,0.15,76.86,false,73.32,ORD-10361,completed,2025-09-27T06:10:31.000Z,digital_wallet,Books,PRD-3292,Data Engineering Basics,2,5,web,7.99,express,WA,38.43,WH-NY-01,on_time
AI Promo,Dallas,DATA20,USD,CUST-2303,new,2025-09-16T19:49:18.000Z,3,desktop,109.04,0.1,1090.4,false,996.35,ORD-10362,completed,2025-09-13T19:49:18.000Z,credit_card,Electronics,PRD-3179,Tablet Stand,5,3,mobile_app,14.99,same_day,TX,218.08,WH-CA-02,on_time
UNKNOWN,Los Angeles,SUMMER15,USD,CUST-2467,vip,2025-09-18T15:15:15.000Z,6,desktop,158.73,0.05,3174.56,true,3015.83,ORD-10363,completed,2025-09-12T15:15:15.000Z,debit_card,Books,PRD-3059,AI for Everyone,4,4,mobile_app,0,standard,CA,793.64,WH-CA-02,late
UNKNOWN,New York,WELCOME10,USD,CUST-2166,vip,2025-09-17T23:37:01.000Z,3,desktop,91.75,0.05,1835.04,false,1743.29,ORD-10364,completed,2025-09-14T23:37:01.000Z,bank_transfer,Books,PRD-3052,Data Engineering Basics,4,2,mobile_app,0,express,NY,458.76,WH-TX-03,on_time
UNKNOWN,San Francisco,WELCOME10,USD,CUST-2136,new,2025-09-15T10:53:54.000Z,5,tablet,0,0,1188.12,true,1198.11,ORD-10365,completed,2025-09-10T10:53:54.000Z,credit_card,Home,PRD-3206,LED Lamp,4,5,web,9.99,same_day,CA,297.03,WH-NY-01,late
Summer Deals,Boston,SUMMER15,USD,CUST-2155,vip,2025-08-20T19:50:04.000Z,6,desktop,31.57,0.1,315.7,true,294.12,ORD-10366,returned,2025-08-14T19:50:04.000Z,debit_card,Fashion,PRD-3277,Jacket,5,null,web,9.99,express,MA,63.14,WH-CA-02,late
Back to School,Boston,DATA20,USD,CUST-2110,vip,2025-09-13T06:33:55.000Z,2,desktop,0,0,2702.65,false,2702.65,ORD-10367,shipped,2025-09-11T06:33:55.000Z,digital_wallet,Sports,PRD-3138,Resistance Bands,5,1,marketplace,0,same_day,MA,540.53,WH-TX-03,on_time
Weekend Flash,Houston,SUMMER15,USD,CUST-2467,new,2025-10-01T21:26:20.000Z,7,mobile,50.69,0.2,253.44,true,210.74,ORD-10368,returned,2025-09-24T21:26:20.000Z,bank_transfer,Fashion,PRD-3212,T-Shirt,2,null,marketplace,7.99,same_day,TX,126.72,WH-CA-02,late
AI Promo,Boston,WELCOME10,USD,CUST-2332,new,2025-08-21T17:29:31.000Z,5,mobile,0,0,396.8,true,396.8,ORD-10369,completed,2025-08-16T17:29:31.000Z,credit_card,Home,PRD-3140,Coffee Machine,2,2,mobile_app,0,express,MA,198.4,WH-TX-03,late
Back to School,Dallas,FREESHIP,USD,CUST-2033,returning,2025-09-28T10:20:38.000Z,3,tablet,0,0,3085.56,false,3085.56,ORD-10370,returned,2025-09-25T10:20:38.000Z,debit_card,Home,PRD-3047,Air Fryer,4,null,web,0,standard,TX,771.39,WH-TX-03,on_time
Weekend Flash,Dallas,WELCOME10,USD,CUST-2200,vip,null,null,mobile,0,0,402.2,null,417.19,ORD-10371,cancelled,2025-08-08T18:21:53.000Z,debit_card,Electronics,PRD-3217,Bluetooth Speaker,1,null,marketplace,14.99,standard,TX,402.2,WH-NY-01,on_time
AI Promo,Phoenix,SUMMER15,USD,CUST-2244,vip,2025-09-07T19:44:07.000Z,3,desktop,0,0,1054.5,false,1064.49,ORD-10372,shipped,2025-09-04T19:44:07.000Z,digital_wallet,Books,PRD-3075,Data Engineering Basics,5,2,mobile_app,9.99,same_day,AZ,210.9,WH-CA-02,on_time
Summer Deals,New York,FREESHIP,USD,CUST-2186,vip,null,null,tablet,134.95,0.2,674.76,null,544.8,ORD-10373,cancelled,2025-08-18T01:24:19.000Z,digital_wallet,Sports,PRD-3122,Yoga Mat,1,null,mobile_app,4.99,standard,NY,674.76,WH-CA-02,on_time
Weekend Flash,Phoenix,SUMMER15,USD,CUST-2422,returning,2025-09-28T04:26:50.000Z,1,tablet,48.99,0.1,489.92,false,448.92,ORD-10374,completed,2025-09-27T04:26:50.000Z,digital_wallet,Electronics,PRD-3212,Smart Watch,2,4,web,7.99,standard,AZ,244.96,WH-TX-03,on_time
Weekend Flash,Phoenix,WELCOME10,USD,CUST-2027,vip,2025-09-18T18:29:44.000Z,1,mobile,287.97,0.2,1439.85,false,1166.87,ORD-10375,returned,2025-09-17T18:29:44.000Z,credit_card,Sports,PRD-3228,Yoga Mat,5,null,marketplace,14.99,express,AZ,287.97,WH-TX-03,on_time
Weekend Flash,Phoenix,DATA20,USD,CUST-2245,vip,2025-10-02T03:43:26.000Z,7,desktop,29.26,0.15,195.1,true,170.83,ORD-10376,completed,2025-09-25T03:43:26.000Z,bank_transfer,Fashion,PRD-3089,Sneakers,2,1,mobile_app,4.99,express,AZ,97.55,WH-NY-01,late
UNKNOWN,Seattle,WELCOME10,USD,CUST-2465,new,2025-08-08T08:59:35.000Z,6,mobile,192.52,0.15,1283.44,true,1095.91,ORD-10377,shipped,2025-08-02T08:59:35.000Z,credit_card,Fashion,PRD-3135,Backpack,4,5,web,4.99,express,WA,320.86,WH-CA-02,late
AI Promo,Boston,WELCOME10,USD,CUST-2472,returning,2025-08-12T08:45:33.000Z,4,desktop,0,0,241.08,false,256.07,ORD-10378,returned,2025-08-08T08:45:33.000Z,debit_card,Fashion,PRD-3061,Backpack,3,null,marketplace,14.99,standard,MA,80.36,WH-CA-02,on_time
AI Promo,Miami,WELCOME10,USD,CUST-2210,new,2025-09-24T17:46:43.000Z,2,desktop,105.22,0.15,701.46,false,601.23,ORD-10379,completed,2025-09-22T17:46:43.000Z,digital_wallet,Books,PRD-3135,SQL Fundamentals,2,4,mobile_app,4.99,standard,FL,350.73,WH-TX-03,on_time
AI Promo,Miami,SUMMER15,USD,CUST-2038,new,2025-09-19T14:45:24.000Z,6,mobile,228.25,0.2,1141.26,true,923,ORD-10380,completed,2025-09-13T14:45:24.000Z,debit_card,Electronics,PRD-3027,Wireless Earbuds,3,5,marketplace,9.99,express,FL,380.42,WH-TX-03,late
AI Promo,Boston,FREESHIP,USD,CUST-2134,new,2025-09-01T05:23:08.000Z,5,desktop,105.2,0.1,1051.95,true,954.74,ORD-10381,completed,2025-08-27T05:23:08.000Z,debit_card,Electronics,PRD-3174,Wireless Earbuds,5,4,marketplace,7.99,standard,MA,210.39,WH-TX-03,late
Summer Deals,Dallas,WELCOME10,USD,CUST-2314,returning,2025-09-05T16:47:23.000Z,4,desktop,0,0,647.16,false,652.15,ORD-10382,completed,2025-09-01T16:47:23.000Z,bank_transfer,Books,PRD-3224,SQL Fundamentals,3,5,marketplace,4.99,same_day,TX,215.72,WH-NY-01,on_time
Summer Deals,Dallas,DATA20,USD,CUST-2060,returning,2025-08-09T23:16:10.000Z,6,desktop,0,0,159.25,true,164.24,ORD-10383,completed,2025-08-03T23:16:10.000Z,digital_wallet,Books,PRD-3183,Python for Data,1,2,mobile_app,4.99,express,TX,159.25,WH-NY-01,late
Back to School,Chicago,DATA20,USD,CUST-2300,new,null,null,mobile,0,0,251.79,null,256.78,ORD-10384,cancelled,2025-09-18T00:52:17.000Z,debit_card,Electronics,PRD-3270,Bluetooth Speaker,3,null,marketplace,4.99,express,IL,83.93,WH-NY-01,on_time
Back to School,Miami,SUMMER15,USD,CUST-2236,vip,2025-09-09T11:53:20.000Z,2,desktop,3.05,0.1,30.51,false,35.45,ORD-10385,completed,2025-09-07T11:53:20.000Z,credit_card,Electronics,PRD-3233,Bluetooth Speaker,1,4,marketplace,7.99,express,FL,30.51,WH-TX-03,on_time
Weekend Flash,Boston,NO_COUPON,USD,CUST-2381,new,2025-09-28T09:51:41.000Z,3,tablet,0,0,3792.3,false,3797.29,ORD-10386,completed,2025-09-25T09:51:41.000Z,digital_wallet,Books,PRD-3196,AI for Everyone,5,3,marketplace,4.99,express,MA,758.46,WH-NY-01,on_time
UNKNOWN,Seattle,SUMMER15,USD,CUST-2252,returning,2025-08-22T04:48:41.000Z,2,desktop,136.67,0.1,1366.7,false,1240.02,ORD-10387,completed,2025-08-20T04:48:41.000Z,credit_card,Electronics,PRD-3068,Wireless Earbuds,2,5,marketplace,9.99,express,WA,683.35,WH-NY-01,on_time
Weekend Flash,Miami,SUMMER15,USD,CUST-2323,returning,2025-08-11T21:51:23.000Z,5,mobile,289.79,0.15,1931.95,true,1652.15,ORD-10388,completed,2025-08-06T21:51:23.000Z,digital_wallet,Books,PRD-3263,Data Engineering Basics,5,2,mobile_app,9.99,same_day,FL,386.39,WH-TX-03,late
UNKNOWN,Chicago,NO_COUPON,USD,CUST-2128,vip,2025-08-23T12:08:43.000Z,3,desktop,0,0,958.64,false,968.63,ORD-10389,returned,2025-08-20T12:08:43.000Z,credit_card,Books,PRD-3292,Python for Data,4,null,web,9.99,standard,IL,239.66,WH-NY-01,on_time
Summer Deals,Dallas,FREESHIP,USD,CUST-2380,vip,2025-08-23T02:05:49.000Z,5,mobile,21.16,0.05,423.2,true,410.03,ORD-10390,completed,2025-08-18T02:05:49.000Z,credit_card,Books,PRD-3094,Data Engineering Basics,5,4,web,7.99,standard,TX,84.64,WH-TX-03,late
Summer Deals,Phoenix,DATA20,USD,CUST-2310,returning,null,null,mobile,364.99,0.15,2433.24,null,2076.24,ORD-10391,cancelled,2025-08-22T13:13:11.000Z,credit_card,Fashion,PRD-3223,T-Shirt,4,null,marketplace,7.99,standard,AZ,608.31,WH-NY-01,on_time
Weekend Flash,New York,SUMMER15,USD,CUST-2354,vip,2025-09-23T23:19:39.000Z,7,tablet,298.82,0.2,1494.12,true,1210.29,ORD-10392,shipped,2025-09-16T23:19:39.000Z,credit_card,Home,PRD-3203,Coffee Machine,4,5,marketplace,14.99,standard,NY,373.53,WH-NY-01,late
Weekend Flash,Houston,FREESHIP,USD,CUST-2045,returning,2025-09-03T04:09:41.000Z,2,mobile,0,0,1119.74,false,1124.73,ORD-10393,completed,2025-09-01T04:09:41.000Z,credit_card,Electronics,PRD-3243,Wireless Earbuds,2,5,web,4.99,standard,TX,559.87,WH-NY-01,on_time
UNKNOWN,Miami,FREESHIP,USD,CUST-2171,new,2025-08-20T17:36:53.000Z,7,tablet,15.31,0.15,102.04,true,91.72,ORD-10394,completed,2025-08-13T17:36:53.000Z,digital_wallet,Books,PRD-3222,Data Engineering Basics,4,3,mobile_app,4.99,same_day,FL,25.51,WH-TX-03,late
AI Promo,Dallas,NO_COUPON,USD,CUST-2250,new,2025-09-24T03:59:43.000Z,7,mobile,237.07,0.15,1580.48,true,1358.4,ORD-10395,returned,2025-09-17T03:59:43.000Z,digital_wallet,Fashion,PRD-3271,Sneakers,4,null,marketplace,14.99,same_day,TX,395.12,WH-TX-03,late
UNKNOWN,Los Angeles,SUMMER15,USD,CUST-2083,returning,2025-10-07T04:22:28.000Z,6,mobile,71.24,0.1,712.42,true,656.17,ORD-10396,completed,2025-10-01T04:22:28.000Z,digital_wallet,Fashion,PRD-3241,T-Shirt,1,3,marketplace,14.99,standard,CA,712.42,WH-NY-01,late
Weekend Flash,Boston,NO_COUPON,USD,CUST-2242,new,2025-08-31T05:41:47.000Z,3,mobile,68.17,0.2,340.86,false,282.68,ORD-10397,returned,2025-08-28T05:41:47.000Z,digital_wallet,Fashion,PRD-3145,T-Shirt,3,null,marketplace,9.99,standard,MA,113.62,WH-NY-01,on_time
Summer Deals,Chicago,NO_COUPON,USD,CUST-2183,vip,2025-08-17T14:35:03.000Z,1,mobile,35.88,0.1,358.84,false,330.95,ORD-10398,completed,2025-08-16T14:35:03.000Z,credit_card,Sports,PRD-3258,Resistance Bands,4,5,mobile_app,7.99,express,IL,89.71,WH-NY-01,on_time
Back to School,Boston,NO_COUPON,USD,CUST-2459,new,2025-09-27T19:49:02.000Z,7,tablet,90.79,0.05,1815.88,true,1733.08,ORD-10399,shipped,2025-09-20T19:49:02.000Z,digital_wallet,Home,PRD-3054,Air Fryer,4,5,marketplace,7.99,express,MA,453.97,WH-NY-01,late
AI Promo,Boston,FREESHIP,USD,CUST-2373,returning,2025-08-14T04:07:55.000Z,2,desktop,99.1,0.15,660.65,false,561.55,ORD-10400,completed,2025-08-12T04:07:55.000Z,credit_card,Sports,PRD-3260,Yoga Mat,1,4,marketplace,0,standard,MA,660.65,WH-CA-02,on_time
Summer Deals,Chicago,WELCOME10,USD,CUST-2137,returning,2025-09-28T23:21:18.000Z,5,desktop,0,0,1427.6,true,1432.59,ORD-10401,completed,2025-09-23T23:21:18.000Z,debit_card,Electronics,PRD-3185,Smart Watch,4,4,marketplace,4.99,same_day,IL,356.9,WH-NY-01,late
Back to School,Chicago,FREESHIP,USD,CUST-2044,returning,2025-10-07T08:28:09.000Z,7,desktop,441.14,0.15,2940.96,true,2507.81,ORD-10402,completed,2025-09-30T08:28:09.000Z,credit_card,Books,PRD-3085,Data Engineering Basics,4,4,web,7.99,express,IL,735.24,WH-TX-03,late
Summer Deals,Chicago,DATA20,USD,CUST-2466,returning,2025-09-03T05:44:35.000Z,7,desktop,195.6,0.05,3912.05,true,3726.44,ORD-10403,completed,2025-08-27T05:44:35.000Z,debit_card,Sports,PRD-3271,Yoga Mat,5,5,mobile_app,9.99,same_day,IL,782.41,WH-CA-02,late
UNKNOWN,Houston,SUMMER15,USD,CUST-2369,vip,null,null,tablet,0,0,2244,null,2251.99,ORD-10404,cancelled,2025-08-06T09:34:21.000Z,debit_card,Sports,PRD-3277,Resistance Bands,4,null,mobile_app,7.99,standard,TX,561,WH-TX-03,on_time
AI Promo,Phoenix,NO_COUPON,USD,CUST-2397,returning,2025-09-29T01:37:16.000Z,2,desktop,0,0,1216.14,false,1216.14,ORD-10405,returned,2025-09-27T01:37:16.000Z,credit_card,Sports,PRD-3259,Cycling Helmet,2,null,marketplace,0,express,AZ,608.07,WH-TX-03,on_time
Weekend Flash,Dallas,WELCOME10,USD,CUST-2180,returning,2025-09-10T07:00:29.000Z,3,tablet,4.77,0.1,47.71,false,50.93,ORD-10406,completed,2025-09-07T07:00:29.000Z,digital_wallet,Fashion,PRD-3294,Sneakers,1,5,web,7.99,same_day,TX,47.71,WH-NY-01,on_time
UNKNOWN,San Francisco,FREESHIP,USD,CUST-2032,returning,2025-08-15T06:27:53.000Z,4,desktop,198.02,0.1,1980.15,false,1782.13,ORD-10407,completed,2025-08-11T06:27:53.000Z,credit_card,Sports,PRD-3110,Dumbbell Set,3,4,mobile_app,0,express,CA,660.05,WH-CA-02,on_time
Weekend Flash,Boston,WELCOME10,USD,CUST-2074,vip,2025-09-05T06:59:31.000Z,6,desktop,349.44,0.1,3494.45,true,3155,ORD-10408,completed,2025-08-30T06:59:31.000Z,credit_card,Sports,PRD-3235,Resistance Bands,5,4,mobile_app,9.99,same_day,MA,698.89,WH-CA-02,late
AI Promo,Miami,SUMMER15,USD,CUST-2021,vip,2025-09-27T21:07:07.000Z,3,mobile,0,0,2267.43,false,2282.42,ORD-10409,shipped,2025-09-24T21:07:07.000Z,bank_transfer,Electronics,PRD-3191,Smart Watch,3,5,mobile_app,14.99,express,FL,755.81,WH-CA-02,on_time
Summer Deals,New York,NO_COUPON,USD,CUST-2251,new,null,null,tablet,0,0,2516.8,null,2524.79,ORD-10410,cancelled,2025-09-26T17:13:11.000Z,credit_card,Home,PRD-3179,Vacuum Cleaner,4,null,mobile_app,7.99,express,NY,629.2,WH-TX-03,on_time
Weekend Flash,Phoenix,NO_COUPON,USD,CUST-2231,vip,2025-08-13T12:32:40.000Z,4,mobile,288.49,0.1,2884.92,false,2611.42,ORD-10411,returned,2025-08-09T12:32:40.000Z,digital_wallet,Sports,PRD-3167,Resistance Bands,4,null,web,14.99,express,AZ,721.23,WH-CA-02,on_time
UNKNOWN,San Francisco,NO_COUPON,USD,CUST-2288,vip,2025-09-17T10:55:10.000Z,6,tablet,613.5,0.2,3067.52,true,2462.01,ORD-10412,completed,2025-09-11T10:55:10.000Z,debit_card,Sports,PRD-3287,Yoga Mat,4,5,mobile_app,7.99,same_day,CA,766.88,WH-TX-03,late
UNKNOWN,New York,NO_COUPON,USD,CUST-2106,new,2025-09-16T01:11:01.000Z,3,tablet,0,0,3014.7,false,3014.7,ORD-10413,returned,2025-09-13T01:11:01.000Z,bank_transfer,Sports,PRD-3228,Dumbbell Set,5,null,marketplace,0,express,NY,602.94,WH-NY-01,on_time
Weekend Flash,Miami,WELCOME10,USD,CUST-2147,new,2025-08-22T20:16:05.000Z,1,desktop,0,0,1420.96,false,1435.95,ORD-10414,completed,2025-08-21T20:16:05.000Z,bank_transfer,Electronics,PRD-3046,Bluetooth Speaker,4,4,mobile_app,14.99,express,FL,355.24,WH-NY-01,on_time
UNKNOWN,Boston,DATA20,USD,CUST-2483,new,2025-08-10T18:09:26.000Z,3,mobile,1.57,0.05,31.47,false,39.89,ORD-10415,completed,2025-08-07T18:09:26.000Z,debit_card,Fashion,PRD-3123,Backpack,1,2,mobile_app,9.99,express,MA,31.47,WH-TX-03,on_time
UNKNOWN,Seattle,WELCOME10,USD,CUST-2138,vip,2025-08-11T23:01:26.000Z,6,tablet,34.74,0.15,231.6,true,206.85,ORD-10416,completed,2025-08-05T23:01:26.000Z,debit_card,Electronics,PRD-3052,Bluetooth Speaker,4,3,marketplace,9.99,express,WA,57.9,WH-CA-02,late
AI Promo,Miami,NO_COUPON,USD,CUST-2001,returning,2025-08-16T15:34:27.000Z,5,desktop,62.85,0.05,1256.96,true,1209.1,ORD-10417,completed,2025-08-11T15:34:27.000Z,credit_card,Electronics,PRD-3086,Smart Watch,2,3,marketplace,14.99,express,FL,628.48,WH-TX-03,late
Weekend Flash,Phoenix,WELCOME10,USD,CUST-2154,new,2025-08-24T09:10:47.000Z,5,tablet,202.66,0.15,1351.06,true,1163.39,ORD-10418,shipped,2025-08-19T09:10:47.000Z,bank_transfer,Books,PRD-3063,AI for Everyone,2,4,web,14.99,express,AZ,675.53,WH-TX-03,late
Back to School,Dallas,DATA20,USD,CUST-2009,vip,2025-09-16T18:21:13.000Z,4,tablet,102.36,0.05,2047.12,false,1949.75,ORD-10419,shipped,2025-09-12T18:21:13.000Z,digital_wallet,Fashion,PRD-3002,Jacket,4,5,mobile_app,4.99,standard,TX,511.78,WH-TX-03,on_time
Weekend Flash,Chicago,DATA20,USD,CUST-2228,vip,null,null,desktop,0,0,3061.75,null,3061.75,ORD-10420,cancelled,2025-09-04T08:57:53.000Z,bank_transfer,Books,PRD-3193,Data Engineering Basics,5,null,mobile_app,0,express,IL,612.35,WH-TX-03,on_time
Weekend Flash,New York,DATA20,USD,CUST-2472,vip,null,null,mobile,60.54,0.1,605.36,null,544.82,ORD-10421,cancelled,2025-08-16T07:01:48.000Z,bank_transfer,Electronics,PRD-3047,Tablet Stand,2,null,web,0,same_day,NY,302.68,WH-NY-01,on_time
UNKNOWN,Miami,DATA20,USD,CUST-2088,vip,2025-08-21T04:25:07.000Z,7,tablet,0,0,1159,true,1159,ORD-10422,completed,2025-08-14T04:25:07.000Z,debit_card,Fashion,PRD-3290,Sneakers,5,1,mobile_app,0,standard,FL,231.8,WH-NY-01,late
Summer Deals,Los Angeles,NO_COUPON,USD,CUST-2349,vip,2025-08-20T05:01:44.000Z,6,mobile,224.26,0.15,1495.04,true,1278.77,ORD-10423,shipped,2025-08-14T05:01:44.000Z,bank_transfer,Home,PRD-3219,LED Lamp,2,5,web,7.99,express,CA,747.52,WH-CA-02,late
Weekend Flash,Los Angeles,DATA20,USD,CUST-2003,returning,2025-08-09T16:58:26.000Z,5,desktop,0,0,2007.5,true,2012.49,ORD-10424,completed,2025-08-04T16:58:26.000Z,credit_card,Sports,PRD-3042,Resistance Bands,5,5,mobile_app,4.99,same_day,CA,401.5,WH-TX-03,late
AI Promo,Seattle,NO_COUPON,USD,CUST-2304,vip,2025-09-15T04:06:01.000Z,4,desktop,24.83,0.05,496.59,false,471.76,ORD-10425,completed,2025-09-11T04:06:01.000Z,digital_wallet,Electronics,PRD-3127,Smart Watch,3,3,web,0,standard,WA,165.53,WH-NY-01,on_time
Summer Deals,San Francisco,NO_COUPON,USD,CUST-2499,new,2025-09-23T11:40:28.000Z,5,desktop,566.55,0.15,3777,true,3220.44,ORD-10426,completed,2025-09-18T11:40:28.000Z,debit_card,Sports,PRD-3161,Dumbbell Set,5,4,mobile_app,9.99,standard,CA,755.4,WH-NY-01,late
Summer Deals,Phoenix,FREESHIP,USD,CUST-2211,new,2025-08-24T20:25:06.000Z,5,tablet,9.3,0.15,61.97,true,52.67,ORD-10427,returned,2025-08-19T20:25:06.000Z,digital_wallet,Sports,PRD-3006,Resistance Bands,1,null,marketplace,0,express,AZ,61.97,WH-TX-03,late
Summer Deals,Boston,SUMMER15,USD,CUST-2304,new,2025-08-24T02:12:06.000Z,1,mobile,52.42,0.1,524.23,false,486.8,ORD-10428,completed,2025-08-23T02:12:06.000Z,bank_transfer,Electronics,PRD-3261,Bluetooth Speaker,1,4,marketplace,14.99,express,MA,524.23,WH-TX-03,on_time
UNKNOWN,Boston,WELCOME10,USD,CUST-2184,returning,2025-08-27T02:27:32.000Z,6,tablet,0,0,202.09,true,207.08,ORD-10429,returned,2025-08-21T02:27:32.000Z,digital_wallet,Books,PRD-3075,SQL Fundamentals,1,null,marketplace,4.99,express,MA,202.09,WH-CA-02,late
Summer Deals,Phoenix,SUMMER15,USD,CUST-2500,new,2025-09-07T01:54:03.000Z,4,mobile,0,0,837.94,false,842.93,ORD-10430,completed,2025-09-03T01:54:03.000Z,debit_card,Fashion,PRD-3036,Sneakers,2,5,marketplace,4.99,same_day,AZ,418.97,WH-TX-03,on_time
Weekend Flash,Miami,WELCOME10,USD,CUST-2254,new,2025-08-21T21:21:10.000Z,1,tablet,170.77,0.05,3415.45,false,3259.67,ORD-10431,completed,2025-08-20T21:21:10.000Z,digital_wallet,Sports,PRD-3115,Cycling Helmet,5,3,mobile_app,14.99,same_day,FL,683.09,WH-NY-01,on_time
Weekend Flash,Miami,SUMMER15,USD,CUST-2149,returning,2025-08-06T10:22:01.000Z,5,tablet,0,0,344.4,true,352.39,ORD-10432,completed,2025-08-01T10:22:01.000Z,credit_card,Fashion,PRD-3300,T-Shirt,2,4,mobile_app,7.99,standard,FL,172.2,WH-NY-01,late
Weekend Flash,Phoenix,FREESHIP,USD,CUST-2135,new,2025-08-18T13:12:01.000Z,2,tablet,70.95,0.05,1418.9,false,1362.94,ORD-10433,returned,2025-08-16T13:12:01.000Z,credit_card,Home,PRD-3071,Vacuum Cleaner,2,null,mobile_app,14.99,express,AZ,709.45,WH-CA-02,on_time
UNKNOWN,Miami,FREESHIP,USD,CUST-2452,new,2025-09-27T21:56:45.000Z,1,mobile,194.85,0.15,1299,false,1119.14,ORD-10434,completed,2025-09-26T21:56:45.000Z,bank_transfer,Home,PRD-3273,LED Lamp,2,4,mobile_app,14.99,express,FL,649.5,WH-CA-02,on_time
UNKNOWN,Houston,NO_COUPON,USD,CUST-2065,vip,2025-08-19T09:40:50.000Z,3,desktop,0,0,2055,false,2062.99,ORD-10435,returned,2025-08-16T09:40:50.000Z,digital_wallet,Electronics,PRD-3108,Smart Watch,3,null,marketplace,7.99,same_day,TX,685,WH-NY-01,on_time
Weekend Flash,Chicago,FREESHIP,USD,CUST-2367,returning,2025-09-09T22:11:20.000Z,6,desktop,150.88,0.05,3017.65,true,2876.76,ORD-10436,completed,2025-09-03T22:11:20.000Z,credit_card,Sports,PRD-3298,Resistance Bands,5,1,web,9.99,standard,IL,603.53,WH-NY-01,late
UNKNOWN,Miami,DATA20,USD,CUST-2152,returning,2025-08-12T19:16:35.000Z,1,desktop,73.08,0.1,730.76,false,672.67,ORD-10437,completed,2025-08-11T19:16:35.000Z,credit_card,Home,PRD-3118,Coffee Machine,4,4,marketplace,14.99,express,FL,182.69,WH-TX-03,on_time
Weekend Flash,San Francisco,SUMMER15,USD,CUST-2136,vip,2025-08-23T16:24:01.000Z,2,desktop,75.87,0.05,1517.48,false,1451.6,ORD-10438,completed,2025-08-21T16:24:01.000Z,credit_card,Books,PRD-3043,Data Engineering Basics,4,5,mobile_app,9.99,express,CA,379.37,WH-NY-01,on_time
AI Promo,Los Angeles,DATA20,USD,CUST-2394,vip,2025-09-19T18:16:19.000Z,6,mobile,4.02,0.05,80.48,true,81.45,ORD-10439,returned,2025-09-13T18:16:19.000Z,bank_transfer,Electronics,PRD-3071,Bluetooth Speaker,2,null,web,4.99,standard,CA,40.24,WH-CA-02,late
Back to School,San Francisco,FREESHIP,USD,CUST-2243,new,2025-09-20T12:55:25.000Z,2,tablet,65.93,0.1,659.27,false,608.33,ORD-10440,completed,2025-09-18T12:55:25.000Z,digital_wallet,Books,PRD-3283,Data Engineering Basics,1,5,marketplace,14.99,express,CA,659.27,WH-CA-02,on_time
Summer Deals,Houston,FREESHIP,USD,CUST-2256,vip,2025-08-26T12:36:55.000Z,2,desktop,105.34,0.15,702.28,false,596.94,ORD-10441,completed,2025-08-24T12:36:55.000Z,digital_wallet,Books,PRD-3116,Data Engineering Basics,4,3,web,0,same_day,TX,175.57,WH-TX-03,on_time
Back to School,Dallas,FREESHIP,USD,CUST-2196,new,2025-08-17T18:36:40.000Z,7,mobile,0,0,2368.45,true,2373.44,ORD-10442,shipped,2025-08-10T18:36:40.000Z,debit_card,Fashion,PRD-3274,Jacket,5,2,web,4.99,express,TX,473.69,WH-CA-02,late
UNKNOWN,Boston,WELCOME10,USD,CUST-2096,new,2025-08-17T09:52:44.000Z,5,desktop,16.73,0.2,83.66,true,81.92,ORD-10443,completed,2025-08-12T09:52:44.000Z,debit_card,Books,PRD-3146,AI for Everyone,1,3,mobile_app,14.99,express,MA,83.66,WH-NY-01,late
Summer Deals,Miami,WELCOME10,USD,CUST-2381,new,2025-08-31T13:07:08.000Z,5,mobile,41.96,0.05,839.28,true,807.31,ORD-10444,completed,2025-08-26T13:07:08.000Z,bank_transfer,Electronics,PRD-3067,Bluetooth Speaker,2,1,web,9.99,express,FL,419.64,WH-NY-01,late
UNKNOWN,Boston,FREESHIP,USD,CUST-2310,new,2025-08-22T14:00:09.000Z,4,desktop,474.12,0.2,2370.6,false,1906.47,ORD-10445,completed,2025-08-18T14:00:09.000Z,digital_wallet,Sports,PRD-3292,Cycling Helmet,5,2,marketplace,9.99,express,MA,474.12,WH-NY-01,on_time
Back to School,Los Angeles,NO_COUPON,USD,CUST-2235,returning,2025-09-24T13:26:15.000Z,2,mobile,85.19,0.1,851.88,false,781.68,ORD-10446,shipped,2025-09-22T13:26:15.000Z,digital_wallet,Fashion,PRD-3292,T-Shirt,3,2,marketplace,14.99,same_day,CA,283.96,WH-NY-01,on_time
Weekend Flash,Chicago,FREESHIP,USD,CUST-2040,new,2025-10-03T23:26:48.000Z,5,desktop,107.33,0.2,536.66,true,434.32,ORD-10447,completed,2025-09-28T23:26:48.000Z,debit_card,Fashion,PRD-3210,Jacket,1,5,marketplace,4.99,express,IL,536.66,WH-TX-03,late
Back to School,New York,FREESHIP,USD,CUST-2129,new,2025-09-21T20:54:12.000Z,4,mobile,27.13,0.1,271.28,false,252.14,ORD-10448,completed,2025-09-17T20:54:12.000Z,digital_wallet,Books,PRD-3168,Python for Data,4,3,marketplace,7.99,express,NY,67.82,WH-NY-01,on_time
Summer Deals,Dallas,NO_COUPON,USD,CUST-2274,vip,2025-09-25T08:38:06.000Z,2,mobile,0,0,362.4,false,367.39,ORD-10449,completed,2025-09-23T08:38:06.000Z,bank_transfer,Home,PRD-3040,Coffee Machine,3,4,web,4.99,standard,TX,120.8,WH-CA-02,on_time
Summer Deals,Chicago,DATA20,USD,CUST-2200,vip,2025-09-21T09:53:40.000Z,7,desktop,0,0,3576.1,true,3586.09,ORD-10450,shipped,2025-09-14T09:53:40.000Z,credit_card,Home,PRD-3027,Air Fryer,5,4,web,9.99,standard,IL,715.22,WH-NY-01,late
UNKNOWN,Houston,WELCOME10,USD,CUST-2033,new,null,null,tablet,16.8,0.1,167.99,null,151.19,ORD-10451,cancelled,2025-08-01T18:52:12.000Z,credit_card,Fashion,PRD-3086,Backpack,1,null,mobile_app,0,express,TX,167.99,WH-NY-01,on_time
Weekend Flash,San Francisco,FREESHIP,USD,CUST-2008,returning,2025-08-11T15:13:06.000Z,3,desktop,251.75,0.1,2517.45,false,2275.69,ORD-10452,completed,2025-08-08T15:13:06.000Z,debit_card,Fashion,PRD-3007,Backpack,5,4,marketplace,9.99,express,CA,503.49,WH-NY-01,on_time
AI Promo,Phoenix,WELCOME10,USD,CUST-2129,new,2025-09-26T03:31:06.000Z,6,desktop,8.94,0.1,89.42,true,88.47,ORD-10453,shipped,2025-09-20T03:31:06.000Z,bank_transfer,Sports,PRD-3199,Cycling Helmet,2,4,marketplace,7.99,standard,AZ,44.71,WH-TX-03,late
UNKNOWN,Miami,WELCOME10,USD,CUST-2120,new,2025-09-08T04:47:14.000Z,5,mobile,11.97,0.1,119.7,true,117.72,ORD-10454,shipped,2025-09-03T04:47:14.000Z,digital_wallet,Electronics,PRD-3159,Bluetooth Speaker,5,3,marketplace,9.99,standard,FL,23.94,WH-NY-01,late
AI Promo,New York,NO_COUPON,USD,CUST-2379,returning,2025-08-21T04:02:15.000Z,6,desktop,0,0,807.98,true,817.97,ORD-10455,shipped,2025-08-15T04:02:15.000Z,digital_wallet,Home,PRD-3163,LED Lamp,2,1,mobile_app,9.99,same_day,NY,403.99,WH-NY-01,late
Weekend Flash,Houston,NO_COUPON,USD,CUST-2267,returning,2025-09-24T05:44:46.000Z,2,desktop,0,0,1006.9,false,1011.89,ORD-10456,shipped,2025-09-22T05:44:46.000Z,digital_wallet,Fashion,PRD-3004,Jacket,5,2,mobile_app,4.99,standard,TX,201.38,WH-NY-01,on_time
AI Promo,Chicago,WELCOME10,USD,CUST-2085,vip,2025-08-23T00:05:27.000Z,6,mobile,61.87,0.15,412.45,true,355.57,ORD-10457,completed,2025-08-17T00:05:27.000Z,debit_card,Home,PRD-3218,Vacuum Cleaner,5,5,mobile_app,4.99,express,IL,82.49,WH-TX-03,late
UNKNOWN,Miami,FREESHIP,USD,CUST-2390,new,2025-08-30T20:10:30.000Z,4,mobile,0,0,2765.28,false,2773.27,ORD-10458,completed,2025-08-26T20:10:30.000Z,credit_card,Home,PRD-3196,LED Lamp,4,2,web,7.99,express,FL,691.32,WH-TX-03,on_time
UNKNOWN,Chicago,WELCOME10,USD,CUST-2070,vip,2025-08-23T20:35:38.000Z,4,mobile,42.65,0.05,853.04,false,820.38,ORD-10459,completed,2025-08-19T20:35:38.000Z,credit_card,Sports,PRD-3080,Dumbbell Set,4,5,web,9.99,standard,IL,213.26,WH-TX-03,on_time
AI Promo,San Francisco,WELCOME10,USD,CUST-2454,new,2025-08-30T23:19:41.000Z,5,desktop,593.04,0.2,2965.2,true,2380.15,ORD-10460,completed,2025-08-25T23:19:41.000Z,debit_card,Books,PRD-3290,Data Engineering Basics,4,2,mobile_app,7.99,express,CA,741.3,WH-TX-03,late
Summer Deals,San Francisco,WELCOME10,USD,CUST-2245,new,2025-09-17T20:59:27.000Z,6,tablet,306.98,0.2,1534.89,true,1227.91,ORD-10461,completed,2025-09-11T20:59:27.000Z,bank_transfer,Sports,PRD-3015,Resistance Bands,3,5,web,0,same_day,CA,511.63,WH-TX-03,late
UNKNOWN,Chicago,SUMMER15,USD,CUST-2266,new,2025-09-23T10:41:45.000Z,4,mobile,0,0,971.4,false,971.4,ORD-10462,completed,2025-09-19T10:41:45.000Z,bank_transfer,Fashion,PRD-3219,Backpack,2,4,web,0,same_day,IL,485.7,WH-TX-03,on_time
Back to School,Seattle,NO_COUPON,USD,CUST-2108,vip,null,null,tablet,0,0,589.81,null,604.8,ORD-10463,cancelled,2025-09-19T19:52:09.000Z,debit_card,Sports,PRD-3158,Cycling Helmet,1,null,web,14.99,express,WA,589.81,WH-NY-01,on_time
Weekend Flash,Los Angeles,WELCOME10,USD,CUST-2258,new,2025-08-26T13:45:08.000Z,2,tablet,0,0,2108.28,false,2113.27,ORD-10464,completed,2025-08-24T13:45:08.000Z,debit_card,Books,PRD-3109,Data Engineering Basics,4,4,web,4.99,standard,CA,527.07,WH-NY-01,on_time
Back to School,Phoenix,FREESHIP,USD,CUST-2176,new,2025-08-07T17:05:24.000Z,1,mobile,0,0,2526,false,2530.99,ORD-10465,completed,2025-08-06T17:05:24.000Z,credit_card,Books,PRD-3245,Data Engineering Basics,5,4,marketplace,4.99,standard,AZ,505.2,WH-CA-02,on_time
Summer Deals,New York,SUMMER15,USD,CUST-2310,returning,2025-09-13T00:48:17.000Z,4,desktop,0,0,432.55,false,442.54,ORD-10466,completed,2025-09-09T00:48:17.000Z,debit_card,Sports,PRD-3176,Yoga Mat,5,5,web,9.99,express,NY,86.51,WH-CA-02,on_time
Summer Deals,Boston,SUMMER15,USD,CUST-2309,new,2025-10-03T06:25:46.000Z,7,desktop,0,0,699.73,true,709.72,ORD-10467,completed,2025-09-26T06:25:46.000Z,digital_wallet,Electronics,PRD-3128,Bluetooth Speaker,1,3,marketplace,9.99,same_day,MA,699.73,WH-TX-03,late
Summer Deals,Seattle,DATA20,USD,CUST-2228,new,null,null,desktop,0,0,2367.24,null,2375.23,ORD-10468,cancelled,2025-09-25T09:51:47.000Z,credit_card,Home,PRD-3205,Air Fryer,3,null,marketplace,7.99,express,WA,789.08,WH-CA-02,on_time
UNKNOWN,Los Angeles,FREESHIP,USD,CUST-2155,vip,2025-09-23T06:32:02.000Z,2,desktop,146.9,0.15,979.34,false,847.43,ORD-10469,completed,2025-09-21T06:32:02.000Z,credit_card,Books,PRD-3087,AI for Everyone,2,4,marketplace,14.99,express,CA,489.67,WH-NY-01,on_time
Summer Deals,Houston,NO_COUPON,USD,CUST-2113,vip,2025-09-18T08:10:59.000Z,3,tablet,0,0,605.07,false,615.06,ORD-10470,completed,2025-09-15T08:10:59.000Z,debit_card,Home,PRD-3244,Vacuum Cleaner,1,5,web,9.99,same_day,TX,605.07,WH-NY-01,on_time
UNKNOWN,San Francisco,NO_COUPON,USD,CUST-2115,returning,2025-09-19T04:50:35.000Z,7,desktop,415,0.2,2075,true,1669.99,ORD-10471,completed,2025-09-12T04:50:35.000Z,credit_card,Home,PRD-3045,Air Fryer,4,5,mobile_app,9.99,express,CA,518.75,WH-NY-01,late
Summer Deals,Los Angeles,WELCOME10,USD,CUST-2434,returning,2025-09-22T08:19:03.000Z,5,desktop,33.2,0.1,331.98,true,313.77,ORD-10472,shipped,2025-09-17T08:19:03.000Z,debit_card,Sports,PRD-3187,Cycling Helmet,3,5,web,14.99,standard,CA,110.66,WH-NY-01,late
Weekend Flash,Dallas,SUMMER15,USD,CUST-2307,returning,2025-09-16T22:09:38.000Z,3,tablet,0,0,372.93,false,382.92,ORD-10473,completed,2025-09-13T22:09:38.000Z,digital_wallet,Books,PRD-3064,AI for Everyone,3,3,web,9.99,same_day,TX,124.31,WH-CA-02,on_time
UNKNOWN,Phoenix,SUMMER15,USD,CUST-2377,new,null,null,desktop,0,0,2355.3,null,2360.29,ORD-10474,cancelled,2025-09-25T07:59:51.000Z,debit_card,Books,PRD-3201,Python for Data,3,null,mobile_app,4.99,standard,AZ,785.1,WH-CA-02,on_time
Weekend Flash,San Francisco,SUMMER15,USD,CUST-2050,new,2025-09-10T07:18:18.000Z,6,tablet,316.94,0.1,3169.4,true,2852.46,ORD-10475,completed,2025-09-04T07:18:18.000Z,digital_wallet,Books,PRD-3028,Data Engineering Basics,4,2,web,0,same_day,CA,792.35,WH-TX-03,late
Weekend Flash,Chicago,FREESHIP,USD,CUST-2372,vip,2025-09-28T07:12:47.000Z,6,tablet,0,0,479.9,true,484.89,ORD-10476,completed,2025-09-22T07:12:47.000Z,digital_wallet,Books,PRD-3076,Data Engineering Basics,2,5,mobile_app,4.99,same_day,IL,239.95,WH-NY-01,late
AI Promo,Los Angeles,WELCOME10,USD,CUST-2370,returning,null,null,mobile,0,0,151.91,null,166.9,ORD-10477,cancelled,2025-09-11T18:37:27.000Z,digital_wallet,Fashion,PRD-3061,T-Shirt,1,null,mobile_app,14.99,express,CA,151.91,WH-TX-03,on_time
UNKNOWN,Boston,WELCOME10,USD,CUST-2060,new,2025-08-22T04:41:28.000Z,3,desktop,62.29,0.1,622.92,false,570.62,ORD-10478,completed,2025-08-19T04:41:28.000Z,credit_card,Home,PRD-3261,Coffee Machine,1,4,mobile_app,9.99,same_day,MA,622.92,WH-TX-03,on_time
UNKNOWN,Miami,FREESHIP,USD,CUST-2167,new,2025-09-17T06:27:19.000Z,5,tablet,127.51,0.1,1275.06,true,1157.54,ORD-10479,completed,2025-09-12T06:27:19.000Z,credit_card,Fashion,PRD-3095,Sneakers,2,4,marketplace,9.99,express,FL,637.53,WH-TX-03,late
Weekend Flash,Dallas,NO_COUPON,USD,CUST-2003,vip,2025-09-19T14:42:57.000Z,1,desktop,314.95,0.15,2099.65,false,1784.7,ORD-10480,completed,2025-09-18T14:42:57.000Z,debit_card,Books,PRD-3063,Python for Data,5,4,web,0,same_day,TX,419.93,WH-TX-03,on_time
UNKNOWN,Chicago,DATA20,USD,CUST-2128,returning,2025-09-04T17:23:34.000Z,2,tablet,0,0,682.65,false,682.65,ORD-10481,completed,2025-09-02T17:23:34.000Z,digital_wallet,Electronics,PRD-3151,Bluetooth Speaker,1,3,mobile_app,0,standard,IL,682.65,WH-CA-02,on_time
Weekend Flash,San Francisco,WELCOME10,USD,CUST-2439,new,2025-09-14T09:15:02.000Z,2,tablet,0,0,2444.4,false,2444.4,ORD-10482,completed,2025-09-12T09:15:02.000Z,bank_transfer,Sports,PRD-3283,Cycling Helmet,5,5,mobile_app,0,express,CA,488.88,WH-TX-03,on_time
UNKNOWN,Boston,WELCOME10,USD,CUST-2275,new,2025-09-01T22:05:16.000Z,6,tablet,133.31,0.1,1333.14,true,1204.82,ORD-10483,completed,2025-08-26T22:05:16.000Z,bank_transfer,Books,PRD-3138,Python for Data,3,4,mobile_app,4.99,same_day,MA,444.38,WH-TX-03,late
AI Promo,Chicago,NO_COUPON,USD,CUST-2351,vip,2025-09-09T15:04:17.000Z,1,mobile,103.97,0.1,1039.68,false,935.71,ORD-10484,shipped,2025-09-08T15:04:17.000Z,bank_transfer,Books,PRD-3169,SQL Fundamentals,4,4,web,0,express,IL,259.92,WH-NY-01,on_time
Back to School,Houston,SUMMER15,USD,CUST-2049,vip,2025-09-26T11:11:33.000Z,6,tablet,17.48,0.1,174.76,true,157.28,ORD-10485,completed,2025-09-20T11:11:33.000Z,bank_transfer,Fashion,PRD-3293,Sneakers,2,1,web,0,same_day,TX,87.38,WH-NY-01,late
AI Promo,Chicago,WELCOME10,USD,CUST-2352,vip,2025-09-28T20:30:37.000Z,2,mobile,114.55,0.15,763.65,false,664.09,ORD-10486,completed,2025-09-26T20:30:37.000Z,digital_wallet,Fashion,PRD-3065,T-Shirt,5,3,marketplace,14.99,same_day,IL,152.73,WH-NY-01,on_time
Back to School,San Francisco,SUMMER15,USD,CUST-2157,vip,2025-09-24T22:32:18.000Z,3,desktop,113.67,0.1,1136.72,false,1031.04,ORD-10487,completed,2025-09-21T22:32:18.000Z,credit_card,Home,PRD-3209,Coffee Machine,2,5,mobile_app,7.99,same_day,CA,568.36,WH-NY-01,on_time
UNKNOWN,Houston,NO_COUPON,USD,CUST-2246,returning,2025-09-06T23:51:55.000Z,1,tablet,92.9,0.2,464.5,false,379.59,ORD-10488,completed,2025-09-05T23:51:55.000Z,digital_wallet,Electronics,PRD-3273,Smart Watch,1,4,marketplace,7.99,standard,TX,464.5,WH-NY-01,on_time
Summer Deals,New York,WELCOME10,USD,CUST-2269,new,2025-08-10T03:28:10.000Z,6,mobile,202.94,0.2,1014.7,true,826.75,ORD-10489,returned,2025-08-04T03:28:10.000Z,bank_transfer,Books,PRD-3188,AI for Everyone,5,null,mobile_app,14.99,standard,NY,202.94,WH-CA-02,late
AI Promo,Seattle,NO_COUPON,USD,CUST-2154,returning,2025-10-01T01:54:49.000Z,7,desktop,465.65,0.2,2328.27,true,1867.61,ORD-10490,completed,2025-09-24T01:54:49.000Z,digital_wallet,Home,PRD-3110,LED Lamp,3,5,web,4.99,standard,WA,776.09,WH-TX-03,late
Summer Deals,Dallas,SUMMER15,USD,CUST-2003,returning,2025-08-05T03:29:21.000Z,3,mobile,0,0,2860.28,false,2868.27,ORD-10491,completed,2025-08-02T03:29:21.000Z,credit_card,Electronics,PRD-3206,Tablet Stand,4,4,marketplace,7.99,standard,TX,715.07,WH-CA-02,on_time
Summer Deals,Houston,SUMMER15,USD,CUST-2154,returning,2025-09-24T05:16:14.000Z,4,mobile,0,0,1337.88,false,1342.87,ORD-10492,completed,2025-09-20T05:16:14.000Z,credit_card,Electronics,PRD-3275,Smart Watch,4,5,web,4.99,express,TX,334.47,WH-NY-01,on_time
Summer Deals,Chicago,FREESHIP,USD,CUST-2170,new,null,null,tablet,0,0,29.18,null,34.17,ORD-10493,cancelled,2025-08-19T09:08:25.000Z,bank_transfer,Fashion,PRD-3102,T-Shirt,2,null,mobile_app,4.99,standard,IL,14.59,WH-CA-02,on_time
UNKNOWN,Dallas,NO_COUPON,USD,CUST-2177,vip,2025-08-10T11:06:50.000Z,1,tablet,160,0.15,1066.64,false,916.63,ORD-10494,completed,2025-08-09T11:06:50.000Z,bank_transfer,Books,PRD-3122,SQL Fundamentals,4,4,mobile_app,9.99,express,TX,266.66,WH-TX-03,on_time
Back to School,New York,FREESHIP,USD,CUST-2144,new,2025-08-22T03:09:46.000Z,5,tablet,0,0,954.72,true,964.71,ORD-10495,completed,2025-08-17T03:09:46.000Z,debit_card,Books,PRD-3127,Data Engineering Basics,4,5,web,9.99,express,NY,238.68,WH-TX-03,late
Summer Deals,Dallas,NO_COUPON,USD,CUST-2476,new,2025-08-16T11:08:25.000Z,1,mobile,159.05,0.2,795.25,false,641.19,ORD-10496,completed,2025-08-15T11:08:25.000Z,credit_card,Sports,PRD-3103,Dumbbell Set,5,5,web,4.99,express,TX,159.05,WH-TX-03,on_time
Back to School,Phoenix,SUMMER15,USD,CUST-2144,returning,2025-08-30T04:03:19.000Z,1,desktop,0,0,1102.32,false,1117.31,ORD-10497,completed,2025-08-29T04:03:19.000Z,credit_card,Home,PRD-3127,Vacuum Cleaner,4,5,marketplace,14.99,standard,AZ,275.58,WH-NY-01,on_time
AI Promo,New York,WELCOME10,USD,CUST-2058,new,2025-08-31T13:16:31.000Z,3,mobile,105.93,0.15,706.2,false,600.27,ORD-10498,completed,2025-08-28T13:16:31.000Z,bank_transfer,Fashion,PRD-3283,Backpack,3,5,marketplace,0,express,NY,235.4,WH-TX-03,on_time
Back to School,Boston,WELCOME10,USD,CUST-2381,vip,null,null,mobile,0,0,594.66,null,609.65,ORD-10499,cancelled,2025-08-25T10:56:06.000Z,digital_wallet,Sports,PRD-3098,Cycling Helmet,3,null,mobile_app,14.99,standard,MA,198.22,WH-TX-03,on_time
Summer Deals,Boston,NO_COUPON,USD,CUST-2130,vip,null,null,desktop,174.91,0.15,1166.06,null,996.14,ORD-10500,cancelled,2025-08-03T12:12:26.000Z,digital_wallet,Fashion,PRD-3230,Jacket,2,null,web,4.99,standard,MA,583.03,WH-CA-02,on_time
Summer Deals,Dallas,DATA20,USD,CUST-2098,vip,null,null,desktop,85.13,0.2,425.64,null,345.5,ORD-10501,cancelled,2025-08-19T09:36:03.000Z,credit_card,Sports,PRD-3273,Yoga Mat,3,null,web,4.99,standard,TX,141.88,WH-TX-03,on_time
AI Promo,Seattle,SUMMER15,USD,CUST-2005,vip,null,null,tablet,0,0,980.01,null,985,ORD-10502,cancelled,2025-08-01T13:36:13.000Z,bank_transfer,Sports,PRD-3269,Resistance Bands,3,null,web,4.99,standard,WA,326.67,WH-TX-03,on_time
AI Promo,Phoenix,DATA20,USD,CUST-2448,new,2025-08-22T09:40:09.000Z,3,mobile,21.78,0.15,145.18,false,128.39,ORD-10503,completed,2025-08-19T09:40:09.000Z,credit_card,Sports,PRD-3108,Yoga Mat,1,5,marketplace,4.99,standard,AZ,145.18,WH-TX-03,on_time
UNKNOWN,Boston,WELCOME10,USD,CUST-2418,new,null,null,mobile,18.94,0.05,378.8,null,364.85,ORD-10504,cancelled,2025-08-28T03:18:20.000Z,bank_transfer,Fashion,PRD-3144,Jacket,5,null,web,4.99,standard,MA,75.76,WH-TX-03,on_time
Summer Deals,Boston,FREESHIP,USD,CUST-2105,vip,2025-09-07T14:52:28.000Z,2,desktop,454.24,0.2,2271.21,false,1831.96,ORD-10505,completed,2025-09-05T14:52:28.000Z,debit_card,Electronics,PRD-3080,Tablet Stand,3,5,marketplace,14.99,same_day,MA,757.07,WH-CA-02,on_time
Weekend Flash,Chicago,FREESHIP,USD,CUST-2145,new,null,null,mobile,0,0,1607.24,null,1612.23,ORD-10506,cancelled,2025-08-14T02:31:46.000Z,debit_card,Books,PRD-3091,Python for Data,4,null,web,4.99,standard,IL,401.81,WH-NY-01,on_time
Back to School,Seattle,NO_COUPON,USD,CUST-2194,returning,2025-08-11T07:48:51.000Z,1,mobile,0,0,2912.84,false,2927.83,ORD-10507,shipped,2025-08-10T07:48:51.000Z,debit_card,Home,PRD-3007,Coffee Machine,4,4,mobile_app,14.99,standard,WA,728.21,WH-CA-02,on_time
Weekend Flash,Chicago,SUMMER15,USD,CUST-2246,vip,2025-09-18T18:54:45.000Z,1,mobile,0,0,636,false,650.99,ORD-10508,completed,2025-09-17T18:54:45.000Z,digital_wallet,Sports,PRD-3158,Yoga Mat,1,4,web,14.99,standard,IL,636,WH-NY-01,on_time
AI Promo,Dallas,FREESHIP,USD,CUST-2001,new,2025-08-26T11:32:56.000Z,7,mobile,0,0,26.75,true,41.74,ORD-10509,completed,2025-08-19T11:32:56.000Z,debit_card,Fashion,PRD-3219,Sneakers,1,4,mobile_app,14.99,express,TX,26.75,WH-NY-01,late
AI Promo,Seattle,WELCOME10,USD,CUST-2473,new,2025-08-22T19:04:39.000Z,3,tablet,0,0,143.95,false,143.95,ORD-10510,completed,2025-08-19T19:04:39.000Z,digital_wallet,Electronics,PRD-3078,Tablet Stand,1,5,mobile_app,0,same_day,WA,143.95,WH-TX-03,on_time
Weekend Flash,Chicago,WELCOME10,USD,CUST-2189,returning,null,null,mobile,322,0.15,2146.68,null,1832.67,ORD-10511,cancelled,2025-08-23T11:17:58.000Z,debit_card,Books,PRD-3002,SQL Fundamentals,3,null,marketplace,7.99,express,IL,715.56,WH-CA-02,on_time
AI Promo,Miami,FREESHIP,USD,CUST-2198,returning,2025-08-12T10:20:08.000Z,2,desktop,79.52,0.2,397.6,false,326.07,ORD-10512,returned,2025-08-10T10:20:08.000Z,digital_wallet,Books,PRD-3218,Python for Data,4,null,web,7.99,same_day,FL,99.4,WH-NY-01,on_time
Back to School,Houston,NO_COUPON,USD,CUST-2270,vip,2025-09-09T01:52:14.000Z,4,tablet,332.99,0.15,2219.9,false,1896.9,ORD-10513,completed,2025-09-05T01:52:14.000Z,debit_card,Books,PRD-3113,Data Engineering Basics,5,2,marketplace,9.99,express,TX,443.98,WH-NY-01,on_time
Weekend Flash,New York,WELCOME10,USD,CUST-2437,vip,2025-08-26T12:18:29.000Z,2,mobile,0,0,766.52,false,774.51,ORD-10514,returned,2025-08-24T12:18:29.000Z,credit_card,Fashion,PRD-3108,T-Shirt,1,null,web,7.99,same_day,NY,766.52,WH-NY-01,on_time
UNKNOWN,Chicago,WELCOME10,USD,CUST-2016,new,2025-09-15T11:42:37.000Z,1,mobile,111.99,0.05,2239.76,false,2127.77,ORD-10515,completed,2025-09-14T11:42:37.000Z,credit_card,Books,PRD-3041,Python for Data,4,4,web,0,standard,IL,559.94,WH-CA-02,on_time
Back to School,Chicago,WELCOME10,USD,CUST-2331,vip,2025-09-04T21:46:21.000Z,4,desktop,597.41,0.2,2987.05,false,2397.63,ORD-10516,returned,2025-08-31T21:46:21.000Z,credit_card,Home,PRD-3057,Coffee Machine,5,null,mobile_app,7.99,same_day,IL,597.41,WH-TX-03,on_time
Weekend Flash,Chicago,NO_COUPON,USD,CUST-2364,new,2025-09-11T06:53:16.000Z,5,mobile,14.87,0.2,74.36,true,69.48,ORD-10517,shipped,2025-09-06T06:53:16.000Z,digital_wallet,Sports,PRD-3140,Dumbbell Set,4,5,web,9.99,standard,IL,18.59,WH-CA-02,late
AI Promo,Boston,SUMMER15,USD,CUST-2329,returning,null,null,mobile,239.93,0.15,1599.55,null,1359.62,ORD-10518,cancelled,2025-09-23T06:29:30.000Z,digital_wallet,Electronics,PRD-3028,Smart Watch,5,null,web,0,standard,MA,319.91,WH-NY-01,on_time
Back to School,Los Angeles,NO_COUPON,USD,CUST-2388,returning,2025-08-20T13:34:06.000Z,1,tablet,0,0,1459.56,false,1464.55,ORD-10519,completed,2025-08-19T13:34:06.000Z,debit_card,Electronics,PRD-3104,Bluetooth Speaker,3,3,mobile_app,4.99,express,CA,486.52,WH-TX-03,on_time
UNKNOWN,Boston,NO_COUPON,USD,CUST-2162,returning,2025-08-05T19:48:18.000Z,4,desktop,0,0,138.27,false,146.26,ORD-10520,shipped,2025-08-01T19:48:18.000Z,bank_transfer,Electronics,PRD-3067,Tablet Stand,3,5,marketplace,7.99,express,MA,46.09,WH-NY-01,on_time
Weekend Flash,Dallas,WELCOME10,USD,CUST-2238,new,null,null,mobile,189.55,0.1,1895.48,null,1720.92,ORD-10521,cancelled,2025-09-25T09:18:10.000Z,debit_card,Home,PRD-3119,Air Fryer,4,null,marketplace,14.99,same_day,TX,473.87,WH-TX-03,on_time
UNKNOWN,Dallas,DATA20,USD,CUST-2397,vip,null,null,mobile,36.35,0.05,727.02,null,698.66,ORD-10522,cancelled,2025-08-25T03:54:27.000Z,credit_card,Sports,PRD-3107,Cycling Helmet,2,null,web,7.99,standard,TX,363.51,WH-TX-03,on_time
Summer Deals,Miami,NO_COUPON,USD,CUST-2035,returning,2025-09-03T11:29:20.000Z,2,desktop,55.2,0.15,368.01,false,312.81,ORD-10523,completed,2025-09-01T11:29:20.000Z,credit_card,Electronics,PRD-3181,Wireless Earbuds,3,4,marketplace,0,standard,FL,122.67,WH-CA-02,on_time
Back to School,Miami,SUMMER15,USD,CUST-2439,vip,2025-09-04T09:23:54.000Z,3,mobile,0,0,1047.46,false,1062.45,ORD-10524,completed,2025-09-01T09:23:54.000Z,bank_transfer,Fashion,PRD-3226,T-Shirt,2,2,marketplace,14.99,express,FL,523.73,WH-TX-03,on_time
Weekend Flash,Seattle,DATA20,USD,CUST-2437,new,2025-09-22T15:44:52.000Z,5,desktop,32.64,0.15,217.63,true,184.99,ORD-10525,completed,2025-09-17T15:44:52.000Z,digital_wallet,Sports,PRD-3082,Resistance Bands,1,4,web,0,standard,WA,217.63,WH-CA-02,late
Summer Deals,Miami,SUMMER15,USD,CUST-2222,new,2025-08-10T13:46:06.000Z,4,desktop,189.02,0.1,1890.2,false,1701.18,ORD-10526,returned,2025-08-06T13:46:06.000Z,bank_transfer,Electronics,PRD-3034,Bluetooth Speaker,5,null,web,0,same_day,FL,378.04,WH-NY-01,on_time
Summer Deals,Miami,NO_COUPON,USD,CUST-2032,returning,2025-08-16T04:13:20.000Z,5,desktop,0,0,1845.6,true,1855.59,ORD-10527,completed,2025-08-11T04:13:20.000Z,debit_card,Electronics,PRD-3110,Bluetooth Speaker,5,2,web,9.99,standard,FL,369.12,WH-CA-02,late
Weekend Flash,Phoenix,FREESHIP,USD,CUST-2343,returning,2025-08-25T06:28:55.000Z,4,mobile,36.59,0.1,365.91,false,329.32,ORD-10528,shipped,2025-08-21T06:28:55.000Z,bank_transfer,Home,PRD-3048,Air Fryer,3,5,mobile_app,0,express,AZ,121.97,WH-NY-01,on_time
Weekend Flash,San Francisco,SUMMER15,USD,CUST-2040,vip,2025-08-31T06:36:24.000Z,7,tablet,154.26,0.2,771.28,true,627.01,ORD-10529,completed,2025-08-24T06:36:24.000Z,bank_transfer,Books,PRD-3075,Data Engineering Basics,2,5,marketplace,9.99,standard,CA,385.64,WH-CA-02,late
UNKNOWN,Chicago,WELCOME10,USD,CUST-2328,vip,2025-09-23T08:28:53.000Z,7,mobile,19.95,0.05,399,true,394.04,ORD-10530,completed,2025-09-16T08:28:53.000Z,digital_wallet,Books,PRD-3112,AI for Everyone,4,1,mobile_app,14.99,same_day,IL,99.75,WH-NY-01,late
AI Promo,Boston,FREESHIP,USD,CUST-2258,new,2025-08-02T19:52:23.000Z,1,desktop,114,0.2,569.98,false,470.97,ORD-10531,completed,2025-08-01T19:52:23.000Z,digital_wallet,Books,PRD-3234,SQL Fundamentals,2,5,marketplace,14.99,express,MA,284.99,WH-TX-03,on_time
Back to School,Seattle,SUMMER15,USD,CUST-2196,returning,2025-08-26T13:35:38.000Z,2,tablet,19.91,0.1,199.14,false,189.22,ORD-10532,shipped,2025-08-24T13:35:38.000Z,credit_card,Sports,PRD-3224,Cycling Helmet,2,2,marketplace,9.99,standard,WA,99.57,WH-NY-01,on_time
Weekend Flash,New York,DATA20,USD,CUST-2437,returning,2025-09-17T22:32:37.000Z,7,mobile,68.92,0.15,459.5,true,390.58,ORD-10533,completed,2025-09-10T22:32:37.000Z,digital_wallet,Sports,PRD-3233,Resistance Bands,5,5,mobile_app,0,standard,NY,91.9,WH-CA-02,late
Back to School,Los Angeles,NO_COUPON,USD,CUST-2136,returning,null,null,tablet,0,0,1344.88,null,1352.87,ORD-10534,cancelled,2025-09-20T15:32:18.000Z,digital_wallet,Fashion,PRD-3124,T-Shirt,4,null,web,7.99,standard,CA,336.22,WH-NY-01,on_time
UNKNOWN,Chicago,WELCOME10,USD,CUST-2411,vip,2025-09-11T20:12:39.000Z,6,mobile,137.36,0.1,1373.6,true,1241.23,ORD-10535,completed,2025-09-05T20:12:39.000Z,digital_wallet,Fashion,PRD-3200,Jacket,5,3,web,4.99,express,IL,274.72,WH-NY-01,late
Back to School,Seattle,WELCOME10,USD,CUST-2322,returning,2025-09-18T02:50:25.000Z,7,mobile,171.28,0.15,1141.84,true,970.56,ORD-10536,returned,2025-09-11T02:50:25.000Z,credit_card,Home,PRD-3166,Air Fryer,2,null,marketplace,0,standard,WA,570.92,WH-CA-02,late
Summer Deals,New York,WELCOME10,USD,CUST-2096,new,2025-08-27T08:47:46.000Z,2,mobile,0,0,159.9,false,174.89,ORD-10537,completed,2025-08-25T08:47:46.000Z,debit_card,Sports,PRD-3153,Dumbbell Set,5,5,marketplace,14.99,same_day,NY,31.98,WH-CA-02,on_time
Weekend Flash,New York,NO_COUPON,USD,CUST-2073,returning,2025-09-30T11:07:29.000Z,5,mobile,149.73,0.2,748.63,true,613.89,ORD-10538,completed,2025-09-25T11:07:29.000Z,digital_wallet,Fashion,PRD-3048,Sneakers,1,4,web,14.99,express,NY,748.63,WH-CA-02,late
UNKNOWN,Los Angeles,NO_COUPON,USD,CUST-2466,returning,null,null,mobile,269.49,0.2,1347.44,null,1077.95,ORD-10539,cancelled,2025-08-15T05:26:24.000Z,debit_card,Books,PRD-3153,Python for Data,4,null,mobile_app,0,same_day,CA,336.86,WH-TX-03,on_time
UNKNOWN,Boston,DATA20,USD,CUST-2131,new,null,null,tablet,234.29,0.1,2342.91,null,2123.61,ORD-10540,cancelled,2025-09-09T01:00:10.000Z,credit_card,Electronics,PRD-3016,Wireless Earbuds,3,null,mobile_app,14.99,same_day,MA,780.97,WH-NY-01,on_time
Summer Deals,Houston,SUMMER15,USD,CUST-2247,new,2025-08-17T10:46:44.000Z,2,desktop,35.99,0.05,719.87,false,688.87,ORD-10541,completed,2025-08-15T10:46:44.000Z,digital_wallet,Fashion,PRD-3283,Sneakers,1,5,mobile_app,4.99,same_day,TX,719.87,WH-CA-02,on_time
AI Promo,Dallas,FREESHIP,USD,CUST-2085,new,2025-09-02T11:37:50.000Z,7,desktop,83.03,0.2,415.14,true,340.1,ORD-10542,shipped,2025-08-26T11:37:50.000Z,digital_wallet,Books,PRD-3222,SQL Fundamentals,2,5,marketplace,7.99,same_day,TX,207.57,WH-CA-02,late
Back to School,Boston,SUMMER15,USD,CUST-2491,vip,2025-10-02T04:52:04.000Z,4,tablet,87.29,0.05,1745.8,false,1666.5,ORD-10543,completed,2025-09-28T04:52:04.000Z,bank_transfer,Electronics,PRD-3210,Tablet Stand,5,3,web,7.99,express,MA,349.16,WH-NY-01,on_time
UNKNOWN,Chicago,SUMMER15,USD,CUST-2161,new,2025-08-17T05:23:23.000Z,2,desktop,0,0,1904.43,false,1904.43,ORD-10544,returned,2025-08-15T05:23:23.000Z,debit_card,Fashion,PRD-3006,T-Shirt,3,null,mobile_app,0,express,IL,634.81,WH-CA-02,on_time
Weekend Flash,Houston,SUMMER15,USD,CUST-2294,vip,2025-08-20T11:35:17.000Z,6,tablet,0,0,1573.1,true,1588.09,ORD-10545,shipped,2025-08-14T11:35:17.000Z,bank_transfer,Sports,PRD-3223,Yoga Mat,5,4,web,14.99,standard,TX,314.62,WH-NY-01,late
Weekend Flash,Miami,NO_COUPON,USD,CUST-2296,new,2025-09-03T13:38:20.000Z,5,mobile,0,0,3169.24,true,3169.24,ORD-10546,completed,2025-08-29T13:38:20.000Z,digital_wallet,Books,PRD-3295,Python for Data,4,5,web,0,express,FL,792.31,WH-CA-02,late
AI Promo,New York,DATA20,USD,CUST-2205,new,2025-08-10T21:46:19.000Z,3,desktop,0,0,276.54,false,286.53,ORD-10547,completed,2025-08-07T21:46:19.000Z,credit_card,Sports,PRD-3253,Yoga Mat,1,5,marketplace,9.99,express,NY,276.54,WH-TX-03,on_time
AI Promo,Miami,WELCOME10,USD,CUST-2442,vip,2025-08-17T09:52:00.000Z,2,desktop,0,0,3380.15,false,3380.15,ORD-10548,completed,2025-08-15T09:52:00.000Z,credit_card,Books,PRD-3116,Python for Data,5,5,marketplace,0,standard,FL,676.03,WH-TX-03,on_time
Weekend Flash,New York,WELCOME10,USD,CUST-2314,returning,null,null,tablet,0,0,707.82,null,707.82,ORD-10549,cancelled,2025-09-30T17:04:16.000Z,digital_wallet,Electronics,PRD-3088,Bluetooth Speaker,1,null,web,0,standard,NY,707.82,WH-CA-02,on_time
Back to School,Chicago,SUMMER15,USD,CUST-2396,vip,2025-08-21T02:30:42.000Z,4,mobile,76.97,0.15,513.15,false,451.17,ORD-10550,completed,2025-08-17T02:30:42.000Z,bank_transfer,Sports,PRD-3048,Resistance Bands,1,5,web,14.99,same_day,IL,513.15,WH-CA-02,on_time
Summer Deals,Dallas,WELCOME10,USD,CUST-2198,new,2025-08-18T08:42:13.000Z,4,mobile,55.9,0.1,559.02,false,503.12,ORD-10551,returned,2025-08-14T08:42:13.000Z,bank_transfer,Home,PRD-3175,Vacuum Cleaner,1,null,web,0,express,TX,559.02,WH-TX-03,on_time
Summer Deals,Chicago,DATA20,USD,CUST-2036,returning,2025-09-06T03:32:12.000Z,7,mobile,73.22,0.05,1464.32,true,1401.09,ORD-10552,completed,2025-08-30T03:32:12.000Z,credit_card,Sports,PRD-3158,Yoga Mat,2,5,web,9.99,standard,IL,732.16,WH-NY-01,late
UNKNOWN,Los Angeles,WELCOME10,USD,CUST-2475,vip,2025-09-04T05:33:28.000Z,3,desktop,71.63,0.05,1432.68,false,1361.05,ORD-10553,completed,2025-09-01T05:33:28.000Z,debit_card,Home,PRD-3221,Air Fryer,2,4,mobile_app,0,express,CA,716.34,WH-CA-02,on_time
Summer Deals,Dallas,DATA20,USD,CUST-2097,returning,2025-09-15T20:46:59.000Z,4,tablet,0,0,1075.98,false,1075.98,ORD-10554,completed,2025-09-11T20:46:59.000Z,digital_wallet,Fashion,PRD-3142,Sneakers,3,5,mobile_app,0,same_day,TX,358.66,WH-NY-01,on_time
Weekend Flash,New York,FREESHIP,USD,CUST-2452,vip,2025-08-19T15:04:34.000Z,1,tablet,0,0,183.47,false,198.46,ORD-10555,completed,2025-08-18T15:04:34.000Z,digital_wallet,Home,PRD-3208,Air Fryer,1,5,marketplace,14.99,standard,NY,183.47,WH-TX-03,on_time
Back to School,Phoenix,WELCOME10,USD,CUST-2258,vip,2025-09-17T03:18:46.000Z,1,desktop,14.51,0.05,290.22,false,283.7,ORD-10556,completed,2025-09-16T03:18:46.000Z,debit_card,Books,PRD-3157,SQL Fundamentals,2,4,marketplace,7.99,express,AZ,145.11,WH-NY-01,on_time
Weekend Flash,Chicago,DATA20,USD,CUST-2348,new,2025-08-31T18:01:11.000Z,3,desktop,24.41,0.2,122.05,false,107.63,ORD-10557,completed,2025-08-28T18:01:11.000Z,credit_card,Fashion,PRD-3243,T-Shirt,1,4,marketplace,9.99,express,IL,122.05,WH-CA-02,on_time
Summer Deals,Los Angeles,SUMMER15,USD,CUST-2156,vip,2025-09-09T13:48:09.000Z,7,desktop,0,0,1374.42,true,1389.41,ORD-10558,completed,2025-09-02T13:48:09.000Z,bank_transfer,Electronics,PRD-3252,Wireless Earbuds,3,4,web,14.99,same_day,CA,458.14,WH-CA-02,late
Summer Deals,San Francisco,DATA20,USD,CUST-2462,vip,2025-10-05T00:49:42.000Z,7,mobile,398.35,0.2,1991.76,true,1601.4,ORD-10559,returned,2025-09-28T00:49:42.000Z,credit_card,Books,PRD-3139,Python for Data,3,null,web,7.99,standard,CA,663.92,WH-NY-01,late
AI Promo,Chicago,FREESHIP,USD,CUST-2495,returning,2025-08-26T14:47:05.000Z,2,tablet,34.41,0.2,172.05,false,147.63,ORD-10560,completed,2025-08-24T14:47:05.000Z,debit_card,Fashion,PRD-3279,T-Shirt,5,4,marketplace,9.99,express,IL,34.41,WH-CA-02,on_time
Back to School,Seattle,SUMMER15,USD,CUST-2314,new,2025-08-07T02:33:44.000Z,3,desktop,113.51,0.05,2270.28,false,2161.76,ORD-10561,returned,2025-08-04T02:33:44.000Z,bank_transfer,Sports,PRD-3291,Resistance Bands,3,null,web,4.99,standard,WA,756.76,WH-CA-02,on_time
Summer Deals,Chicago,DATA20,USD,CUST-2008,returning,2025-09-15T13:19:31.000Z,3,mobile,190.49,0.15,1269.96,false,1094.46,ORD-10562,completed,2025-09-12T13:19:31.000Z,credit_card,Books,PRD-3145,SQL Fundamentals,3,5,mobile_app,14.99,standard,IL,423.32,WH-CA-02,on_time
Weekend Flash,New York,SUMMER15,USD,CUST-2258,vip,2025-08-16T19:56:18.000Z,7,mobile,0,0,531.6,true,539.59,ORD-10563,returned,2025-08-09T19:56:18.000Z,debit_card,Books,PRD-3045,AI for Everyone,1,null,marketplace,7.99,same_day,NY,531.6,WH-CA-02,late
AI Promo,Boston,WELCOME10,USD,CUST-2458,returning,2025-09-26T05:40:24.000Z,4,tablet,36.58,0.05,731.6,false,700.01,ORD-10564,completed,2025-09-22T05:40:24.000Z,digital_wallet,Electronics,PRD-3160,Bluetooth Speaker,4,4,web,4.99,same_day,MA,182.9,WH-TX-03,on_time
AI Promo,Chicago,FREESHIP,USD,CUST-2193,returning,2025-08-26T10:19:36.000Z,6,mobile,0,0,586,true,593.99,ORD-10565,completed,2025-08-20T10:19:36.000Z,bank_transfer,Home,PRD-3270,LED Lamp,5,4,mobile_app,7.99,same_day,IL,117.2,WH-CA-02,late
UNKNOWN,San Francisco,SUMMER15,USD,CUST-2315,returning,2025-10-03T01:01:49.000Z,4,tablet,136.88,0.1,1368.8,false,1231.92,ORD-10566,completed,2025-09-29T01:01:49.000Z,debit_card,Books,PRD-3263,Data Engineering Basics,4,4,mobile_app,0,same_day,CA,342.2,WH-TX-03,on_time
AI Promo,Phoenix,SUMMER15,USD,CUST-2333,new,2025-09-02T09:05:03.000Z,3,tablet,10.95,0.1,109.49,false,113.53,ORD-10567,returned,2025-08-30T09:05:03.000Z,digital_wallet,Electronics,PRD-3050,Tablet Stand,1,null,web,14.99,same_day,AZ,109.49,WH-NY-01,on_time
Weekend Flash,Los Angeles,NO_COUPON,USD,CUST-2437,new,null,null,tablet,0,0,2821.2,null,2836.19,ORD-10568,cancelled,2025-09-17T23:08:14.000Z,digital_wallet,Sports,PRD-3160,Yoga Mat,5,null,web,14.99,same_day,CA,564.24,WH-NY-01,on_time
Weekend Flash,Los Angeles,SUMMER15,USD,CUST-2259,returning,2025-08-17T14:06:30.000Z,1,mobile,73.05,0.15,486.99,false,413.94,ORD-10569,returned,2025-08-16T14:06:30.000Z,digital_wallet,Electronics,PRD-3063,Smart Watch,1,null,web,0,express,CA,486.99,WH-NY-01,on_time
Summer Deals,Dallas,DATA20,USD,CUST-2382,vip,2025-08-13T04:01:11.000Z,2,mobile,0,0,3444.3,false,3454.29,ORD-10570,returned,2025-08-11T04:01:11.000Z,debit_card,Fashion,PRD-3262,T-Shirt,5,null,mobile_app,9.99,express,TX,688.86,WH-CA-02,on_time
AI Promo,Phoenix,FREESHIP,USD,CUST-2015,returning,2025-09-21T11:29:26.000Z,7,mobile,90.06,0.1,900.6,true,820.53,ORD-10571,completed,2025-09-14T11:29:26.000Z,credit_card,Electronics,PRD-3289,Tablet Stand,3,4,web,9.99,same_day,AZ,300.2,WH-NY-01,late
Weekend Flash,Boston,FREESHIP,USD,CUST-2257,vip,2025-09-28T07:29:17.000Z,1,desktop,0,0,2182.23,false,2192.22,ORD-10572,completed,2025-09-27T07:29:17.000Z,credit_card,Books,PRD-3269,Python for Data,3,5,mobile_app,9.99,standard,MA,727.41,WH-CA-02,on_time
AI Promo,Boston,DATA20,USD,CUST-2248,returning,null,null,tablet,57.5,0.05,1149.98,null,1100.47,ORD-10573,cancelled,2025-09-29T20:04:58.000Z,bank_transfer,Fashion,PRD-3093,T-Shirt,2,null,web,7.99,standard,MA,574.99,WH-TX-03,on_time
Summer Deals,Boston,NO_COUPON,USD,CUST-2244,returning,null,null,tablet,12.68,0.2,63.38,null,55.69,ORD-10574,cancelled,2025-08-15T11:42:06.000Z,debit_card,Fashion,PRD-3122,T-Shirt,1,null,mobile_app,4.99,same_day,MA,63.38,WH-CA-02,on_time
AI Promo,Los Angeles,DATA20,USD,CUST-2358,returning,2025-09-11T04:53:01.000Z,2,mobile,10.04,0.1,100.43,false,98.38,ORD-10575,completed,2025-09-09T04:53:01.000Z,debit_card,Electronics,PRD-3294,Bluetooth Speaker,1,4,web,7.99,standard,CA,100.43,WH-CA-02,on_time
Summer Deals,Miami,WELCOME10,USD,CUST-2492,vip,null,null,mobile,33.79,0.1,337.88,null,319.08,ORD-10576,cancelled,2025-09-21T14:05:37.000Z,credit_card,Fashion,PRD-3018,Backpack,2,null,mobile_app,14.99,express,FL,168.94,WH-TX-03,on_time
Summer Deals,Dallas,FREESHIP,USD,CUST-2183,vip,2025-09-27T14:36:52.000Z,4,mobile,78.2,0.1,781.95,false,708.74,ORD-10577,shipped,2025-09-23T14:36:52.000Z,digital_wallet,Electronics,PRD-3035,Bluetooth Speaker,5,5,marketplace,4.99,same_day,TX,156.39,WH-NY-01,on_time
Back to School,Boston,NO_COUPON,USD,CUST-2115,returning,2025-09-06T15:03:38.000Z,5,desktop,0,0,1884.27,true,1884.27,ORD-10578,completed,2025-09-01T15:03:38.000Z,debit_card,Electronics,PRD-3184,Smart Watch,3,3,web,0,express,MA,628.09,WH-TX-03,late
Weekend Flash,Boston,WELCOME10,USD,CUST-2016,new,null,null,desktop,48.81,0.15,325.38,null,276.57,ORD-10579,cancelled,2025-09-07T23:59:58.000Z,bank_transfer,Home,PRD-3134,LED Lamp,1,null,web,0,standard,MA,325.38,WH-NY-01,on_time
Summer Deals,Dallas,NO_COUPON,USD,CUST-2455,vip,2025-09-18T09:22:04.000Z,4,mobile,29.42,0.15,196.14,false,181.71,ORD-10580,shipped,2025-09-14T09:22:04.000Z,credit_card,Fashion,PRD-3139,Sneakers,1,4,web,14.99,standard,TX,196.14,WH-TX-03,on_time
Summer Deals,Houston,WELCOME10,USD,CUST-2283,returning,2025-08-09T14:34:38.000Z,7,desktop,0,0,774.6,true,774.6,ORD-10581,completed,2025-08-02T14:34:38.000Z,digital_wallet,Fashion,PRD-3194,T-Shirt,2,3,mobile_app,0,same_day,TX,387.3,WH-TX-03,late
Weekend Flash,Chicago,DATA20,USD,CUST-2048,vip,2025-08-14T18:27:58.000Z,1,mobile,25.8,0.05,516.05,false,498.24,ORD-10582,completed,2025-08-13T18:27:58.000Z,credit_card,Electronics,PRD-3212,Tablet Stand,5,5,mobile_app,7.99,standard,IL,103.21,WH-NY-01,on_time
UNKNOWN,Los Angeles,NO_COUPON,USD,CUST-2311,returning,2025-08-26T03:41:56.000Z,2,tablet,0,0,1069.38,false,1077.37,ORD-10583,completed,2025-08-24T03:41:56.000Z,credit_card,Electronics,PRD-3063,Smart Watch,3,4,web,7.99,express,CA,356.46,WH-NY-01,on_time
Weekend Flash,Miami,SUMMER15,USD,CUST-2028,returning,2025-08-23T04:15:33.000Z,3,tablet,54.06,0.05,1081.2,false,1042.13,ORD-10584,completed,2025-08-20T04:15:33.000Z,credit_card,Fashion,PRD-3249,Backpack,3,4,web,14.99,standard,FL,360.4,WH-TX-03,on_time
AI Promo,Houston,SUMMER15,USD,CUST-2256,new,2025-09-18T22:41:48.000Z,4,desktop,0,0,213.94,false,218.93,ORD-10585,completed,2025-09-14T22:41:48.000Z,credit_card,Fashion,PRD-3197,Backpack,2,3,web,4.99,standard,TX,106.97,WH-TX-03,on_time
UNKNOWN,Seattle,NO_COUPON,USD,CUST-2339,returning,2025-08-21T14:24:11.000Z,6,tablet,276.64,0.1,2766.36,true,2489.72,ORD-10586,completed,2025-08-15T14:24:11.000Z,bank_transfer,Books,PRD-3179,Python for Data,4,3,mobile_app,0,express,WA,691.59,WH-NY-01,late
Summer Deals,New York,DATA20,USD,CUST-2481,vip,2025-08-29T07:59:43.000Z,3,desktop,0,0,693.94,false,708.93,ORD-10587,returned,2025-08-26T07:59:43.000Z,bank_transfer,Fashion,PRD-3294,T-Shirt,1,null,web,14.99,standard,NY,693.94,WH-CA-02,on_time
AI Promo,Houston,DATA20,USD,CUST-2316,returning,2025-09-25T01:18:21.000Z,5,desktop,0,0,695.25,true,700.24,ORD-10588,completed,2025-09-20T01:18:21.000Z,credit_card,Home,PRD-3129,Air Fryer,3,3,web,4.99,standard,TX,231.75,WH-TX-03,late
UNKNOWN,San Francisco,NO_COUPON,USD,CUST-2285,new,2025-09-05T09:22:30.000Z,6,mobile,36.06,0.1,360.61,true,324.55,ORD-10589,returned,2025-08-30T09:22:30.000Z,bank_transfer,Fashion,PRD-3297,Backpack,1,null,web,0,same_day,CA,360.61,WH-CA-02,late
UNKNOWN,Los Angeles,NO_COUPON,USD,CUST-2317,vip,2025-08-11T15:40:11.000Z,2,mobile,32.07,0.05,641.49,false,619.41,ORD-10590,returned,2025-08-09T15:40:11.000Z,debit_card,Books,PRD-3059,SQL Fundamentals,3,null,mobile_app,9.99,same_day,CA,213.83,WH-CA-02,on_time
UNKNOWN,Boston,SUMMER15,USD,CUST-2181,vip,2025-08-24T08:43:54.000Z,7,mobile,0,0,894.38,true,902.37,ORD-10591,returned,2025-08-17T08:43:54.000Z,credit_card,Fashion,PRD-3121,Sneakers,2,null,marketplace,7.99,standard,MA,447.19,WH-CA-02,late
AI Promo,Los Angeles,SUMMER15,USD,CUST-2074,new,2025-09-30T05:26:04.000Z,6,tablet,88.74,0.15,591.63,true,510.88,ORD-10592,completed,2025-09-24T05:26:04.000Z,digital_wallet,Sports,PRD-3185,Yoga Mat,3,5,web,7.99,same_day,CA,197.21,WH-CA-02,late
UNKNOWN,Phoenix,SUMMER15,USD,CUST-2262,vip,2025-10-04T02:01:06.000Z,5,tablet,6.83,0.05,136.65,true,134.81,ORD-10593,completed,2025-09-29T02:01:06.000Z,debit_card,Sports,PRD-3298,Yoga Mat,1,5,marketplace,4.99,express,AZ,136.65,WH-NY-01,late
AI Promo,Chicago,DATA20,USD,CUST-2434,vip,2025-09-11T04:35:46.000Z,4,tablet,229.38,0.15,1529.18,false,1314.79,ORD-10594,shipped,2025-09-07T04:35:46.000Z,digital_wallet,Books,PRD-3242,Python for Data,2,4,mobile_app,14.99,express,IL,764.59,WH-NY-01,on_time
Summer Deals,Boston,NO_COUPON,USD,CUST-2186,new,2025-08-24T07:07:44.000Z,2,tablet,0,0,808.98,false,818.97,ORD-10595,completed,2025-08-22T07:07:44.000Z,bank_transfer,Fashion,PRD-3259,Backpack,3,2,web,9.99,same_day,MA,269.66,WH-TX-03,on_time
UNKNOWN,Houston,NO_COUPON,USD,CUST-2408,returning,2025-09-25T21:43:37.000Z,6,desktop,57.45,0.15,383.02,true,330.56,ORD-10596,completed,2025-09-19T21:43:37.000Z,digital_wallet,Books,PRD-3061,Data Engineering Basics,2,5,web,4.99,express,TX,191.51,WH-NY-01,late
Weekend Flash,Boston,NO_COUPON,USD,CUST-2477,returning,null,null,mobile,0,0,2883.6,null,2888.59,ORD-10597,cancelled,2025-08-08T21:16:48.000Z,digital_wallet,Books,PRD-3065,SQL Fundamentals,4,null,marketplace,4.99,standard,MA,720.9,WH-NY-01,on_time
AI Promo,Chicago,NO_COUPON,USD,CUST-2460,returning,2025-09-18T01:15:45.000Z,3,tablet,0,0,2173.11,false,2183.1,ORD-10598,completed,2025-09-15T01:15:45.000Z,credit_card,Sports,PRD-3056,Resistance Bands,3,5,marketplace,9.99,same_day,IL,724.37,WH-CA-02,on_time
Summer Deals,Seattle,DATA20,USD,CUST-2480,vip,2025-09-21T13:46:49.000Z,5,mobile,190.83,0.2,954.16,true,768.32,ORD-10599,returned,2025-09-16T13:46:49.000Z,bank_transfer,Books,PRD-3004,Data Engineering Basics,4,null,mobile_app,4.99,same_day,WA,238.54,WH-CA-02,late
Weekend Flash,San Francisco,WELCOME10,USD,CUST-2147,returning,2025-08-16T17:31:21.000Z,1,desktop,102.96,0.05,2059.25,false,1956.29,ORD-10600,shipped,2025-08-15T17:31:21.000Z,credit_card,Books,PRD-3092,SQL Fundamentals,5,2,web,0,same_day,CA,411.85,WH-CA-02,on_time
Weekend Flash,Dallas,SUMMER15,USD,CUST-2481,returning,2025-08-21T16:31:28.000Z,2,mobile,0,0,265.74,false,265.74,ORD-10601,completed,2025-08-19T16:31:28.000Z,debit_card,Fashion,PRD-3119,Jacket,3,5,marketplace,0,standard,TX,88.58,WH-TX-03,on_time
Weekend Flash,Dallas,FREESHIP,USD,CUST-2014,returning,2025-09-28T14:00:31.000Z,7,desktop,72.41,0.15,482.73,true,425.31,ORD-10602,returned,2025-09-21T14:00:31.000Z,digital_wallet,Home,PRD-3293,Air Fryer,1,null,mobile_app,14.99,same_day,TX,482.73,WH-CA-02,late
AI Promo,Phoenix,SUMMER15,USD,CUST-2412,new,2025-08-12T12:17:46.000Z,6,mobile,144.43,0.1,1444.32,true,1307.88,ORD-10603,completed,2025-08-06T12:17:46.000Z,debit_card,Electronics,PRD-3039,Wireless Earbuds,4,5,marketplace,7.99,same_day,AZ,361.08,WH-CA-02,late
Weekend Flash,Miami,WELCOME10,USD,CUST-2486,vip,2025-08-11T06:50:33.000Z,3,mobile,0,0,1705.14,false,1715.13,ORD-10604,completed,2025-08-08T06:50:33.000Z,digital_wallet,Sports,PRD-3126,Yoga Mat,3,3,marketplace,9.99,standard,FL,568.38,WH-CA-02,on_time
UNKNOWN,Miami,NO_COUPON,USD,CUST-2371,vip,2025-08-19T04:56:05.000Z,5,mobile,130.59,0.05,2611.84,true,2486.24,ORD-10605,returned,2025-08-14T04:56:05.000Z,digital_wallet,Home,PRD-3223,Coffee Machine,4,null,mobile_app,4.99,same_day,FL,652.96,WH-NY-01,late
Summer Deals,Chicago,FREESHIP,USD,CUST-2489,new,null,null,mobile,276.76,0.1,2767.55,null,2505.78,ORD-10606,cancelled,2025-08-17T04:22:30.000Z,digital_wallet,Electronics,PRD-3150,Tablet Stand,5,null,web,14.99,same_day,IL,553.51,WH-TX-03,on_time
Weekend Flash,San Francisco,SUMMER15,USD,CUST-2091,returning,2025-09-02T22:20:15.000Z,6,tablet,0,0,486.76,true,494.75,ORD-10607,completed,2025-08-27T22:20:15.000Z,digital_wallet,Sports,PRD-3059,Resistance Bands,2,4,web,7.99,same_day,CA,243.38,WH-CA-02,late
Summer Deals,Miami,FREESHIP,USD,CUST-2288,returning,2025-09-09T14:56:54.000Z,7,tablet,27.65,0.05,552.91,true,533.25,ORD-10608,completed,2025-09-02T14:56:54.000Z,digital_wallet,Sports,PRD-3163,Resistance Bands,1,3,web,7.99,express,FL,552.91,WH-CA-02,late
Back to School,Phoenix,WELCOME10,USD,CUST-2400,vip,2025-08-25T22:26:14.000Z,5,tablet,39.36,0.05,787.1,true,747.74,ORD-10609,completed,2025-08-20T22:26:14.000Z,credit_card,Electronics,PRD-3169,Bluetooth Speaker,2,5,mobile_app,0,same_day,AZ,393.55,WH-CA-02,late
Weekend Flash,Los Angeles,SUMMER15,USD,CUST-2441,vip,2025-09-05T14:23:34.000Z,2,desktop,0,0,3079.05,false,3079.05,ORD-10610,completed,2025-09-03T14:23:34.000Z,bank_transfer,Fashion,PRD-3083,Jacket,5,2,mobile_app,0,express,CA,615.81,WH-TX-03,on_time
Summer Deals,Houston,SUMMER15,USD,CUST-2118,vip,2025-08-29T23:02:10.000Z,3,mobile,0,0,3389.65,false,3404.64,ORD-10611,completed,2025-08-26T23:02:10.000Z,credit_card,Electronics,PRD-3018,Wireless Earbuds,5,3,marketplace,14.99,express,TX,677.93,WH-NY-01,on_time
AI Promo,Phoenix,DATA20,USD,CUST-2100,vip,2025-09-20T01:38:58.000Z,2,desktop,0,0,273.48,false,273.48,ORD-10612,completed,2025-09-18T01:38:58.000Z,credit_card,Electronics,PRD-3218,Wireless Earbuds,4,2,web,0,express,AZ,68.37,WH-CA-02,on_time
Summer Deals,Houston,WELCOME10,USD,CUST-2248,returning,2025-08-23T21:05:14.000Z,4,tablet,387.86,0.1,3878.6,false,3500.73,ORD-10613,shipped,2025-08-19T21:05:14.000Z,digital_wallet,Electronics,PRD-3260,Bluetooth Speaker,5,5,marketplace,9.99,standard,TX,775.72,WH-TX-03,on_time
Summer Deals,Seattle,NO_COUPON,USD,CUST-2330,returning,2025-09-23T15:28:23.000Z,4,mobile,0,0,1836.45,false,1846.44,ORD-10614,shipped,2025-09-19T15:28:23.000Z,debit_card,Fashion,PRD-3043,Sneakers,5,4,web,9.99,standard,WA,367.29,WH-TX-03,on_time
AI Promo,Houston,SUMMER15,USD,CUST-2160,vip,2025-09-22T15:03:49.000Z,4,mobile,197.11,0.15,1314.08,false,1131.96,ORD-10615,completed,2025-09-18T15:03:49.000Z,digital_wallet,Electronics,PRD-3019,Smart Watch,4,2,web,14.99,standard,TX,328.52,WH-TX-03,on_time
Weekend Flash,Houston,FREESHIP,USD,CUST-2472,new,2025-08-26T22:45:30.000Z,5,tablet,264.61,0.2,1323.06,true,1063.44,ORD-10616,shipped,2025-08-21T22:45:30.000Z,debit_card,Sports,PRD-3040,Resistance Bands,3,4,web,4.99,standard,TX,441.02,WH-TX-03,late
AI Promo,Los Angeles,SUMMER15,USD,CUST-2384,vip,2025-09-06T13:40:51.000Z,5,desktop,0,0,355.7,true,365.69,ORD-10617,completed,2025-09-01T13:40:51.000Z,credit_card,Home,PRD-3005,Vacuum Cleaner,1,4,web,9.99,express,CA,355.7,WH-TX-03,late
AI Promo,Phoenix,FREESHIP,USD,CUST-2315,vip,2025-08-12T17:33:43.000Z,2,tablet,223.17,0.15,1487.79,false,1269.61,ORD-10618,returned,2025-08-10T17:33:43.000Z,digital_wallet,Sports,PRD-3129,Cycling Helmet,3,null,web,4.99,standard,AZ,495.93,WH-TX-03,on_time
Summer Deals,Chicago,NO_COUPON,USD,CUST-2356,new,2025-09-06T10:00:19.000Z,6,desktop,0,0,71.04,true,76.03,ORD-10619,completed,2025-08-31T10:00:19.000Z,credit_card,Home,PRD-3170,Coffee Machine,4,5,marketplace,4.99,same_day,IL,17.76,WH-TX-03,late
UNKNOWN,Chicago,DATA20,USD,CUST-2219,vip,2025-10-06T14:17:18.000Z,7,desktop,51.27,0.05,1025.42,true,974.15,ORD-10620,returned,2025-09-29T14:17:18.000Z,digital_wallet,Electronics,PRD-3189,Bluetooth Speaker,2,null,marketplace,0,express,IL,512.71,WH-TX-03,late
Weekend Flash,Houston,DATA20,USD,CUST-2170,vip,2025-08-25T02:06:08.000Z,7,tablet,9.13,0.05,182.7,true,178.56,ORD-10621,shipped,2025-08-18T02:06:08.000Z,digital_wallet,Electronics,PRD-3142,Smart Watch,2,2,marketplace,4.99,standard,TX,91.35,WH-NY-01,late
Back to School,Houston,SUMMER15,USD,CUST-2071,vip,2025-08-14T23:55:00.000Z,3,desktop,0,0,3721.7,false,3726.69,ORD-10622,completed,2025-08-11T23:55:00.000Z,bank_transfer,Home,PRD-3242,Air Fryer,5,3,web,4.99,same_day,TX,744.34,WH-NY-01,on_time
AI Promo,Dallas,FREESHIP,USD,CUST-2490,new,2025-09-25T00:20:33.000Z,1,desktop,124.28,0.05,2485.6,false,2369.31,ORD-10623,shipped,2025-09-24T00:20:33.000Z,digital_wallet,Books,PRD-3074,Data Engineering Basics,4,5,marketplace,7.99,express,TX,621.4,WH-TX-03,on_time
Back to School,Los Angeles,FREESHIP,USD,CUST-2218,new,null,null,tablet,0,0,1050.3,null,1058.29,ORD-10624,cancelled,2025-09-24T22:49:42.000Z,bank_transfer,Sports,PRD-3098,Resistance Bands,2,null,marketplace,7.99,standard,CA,525.15,WH-NY-01,on_time
AI Promo,Miami,FREESHIP,USD,CUST-2018,vip,2025-10-03T19:58:16.000Z,5,tablet,2.17,0.05,43.32,true,41.15,ORD-10625,completed,2025-09-28T19:58:16.000Z,credit_card,Fashion,PRD-3246,Backpack,3,5,web,0,same_day,FL,14.44,WH-CA-02,late
Weekend Flash,New York,NO_COUPON,USD,CUST-2385,vip,null,null,mobile,415.15,0.15,2767.68,null,2362.52,ORD-10626,cancelled,2025-09-01T13:30:47.000Z,debit_card,Sports,PRD-3190,Yoga Mat,4,null,mobile_app,9.99,same_day,NY,691.92,WH-NY-01,on_time
Back to School,Los Angeles,WELCOME10,USD,CUST-2315,vip,null,null,desktop,2.71,0.05,54.28,null,51.57,ORD-10627,cancelled,2025-09-25T01:17:54.000Z,bank_transfer,Books,PRD-3163,Python for Data,1,null,mobile_app,0,same_day,CA,54.28,WH-TX-03,on_time
AI Promo,Seattle,SUMMER15,USD,CUST-2353,vip,2025-08-09T13:28:02.000Z,3,mobile,0,0,306.55,false,314.54,ORD-10628,shipped,2025-08-06T13:28:02.000Z,bank_transfer,Books,PRD-3002,Python for Data,5,5,web,7.99,same_day,WA,61.31,WH-NY-01,on_time
Back to School,San Francisco,WELCOME10,USD,CUST-2303,vip,2025-09-29T10:11:46.000Z,1,mobile,0,0,1829.16,false,1829.16,ORD-10629,completed,2025-09-28T10:11:46.000Z,bank_transfer,Books,PRD-3006,Python for Data,4,5,mobile_app,0,express,CA,457.29,WH-TX-03,on_time
Summer Deals,Houston,WELCOME10,USD,CUST-2212,new,2025-08-29T06:18:11.000Z,3,desktop,60.05,0.05,1200.9,false,1140.85,ORD-10630,completed,2025-08-26T06:18:11.000Z,bank_transfer,Fashion,PRD-3103,Backpack,2,5,mobile_app,0,express,TX,600.45,WH-CA-02,on_time
AI Promo,Los Angeles,SUMMER15,USD,CUST-2080,vip,2025-09-01T04:43:53.000Z,2,mobile,280.3,0.2,1401.51,false,1136.2,ORD-10631,completed,2025-08-30T04:43:53.000Z,bank_transfer,Books,PRD-3223,AI for Everyone,3,2,marketplace,14.99,standard,CA,467.17,WH-TX-03,on_time
UNKNOWN,Dallas,SUMMER15,USD,CUST-2244,new,2025-08-31T16:02:59.000Z,1,tablet,8.17,0.05,163.4,false,160.22,ORD-10632,shipped,2025-08-30T16:02:59.000Z,digital_wallet,Sports,PRD-3166,Cycling Helmet,2,4,web,4.99,same_day,TX,81.7,WH-NY-01,on_time
Summer Deals,San Francisco,NO_COUPON,USD,CUST-2157,new,2025-09-01T18:21:41.000Z,1,tablet,0,0,696.77,false,706.76,ORD-10633,completed,2025-08-31T18:21:41.000Z,digital_wallet,Electronics,PRD-3096,Bluetooth Speaker,1,5,web,9.99,same_day,CA,696.77,WH-TX-03,on_time
Summer Deals,Boston,FREESHIP,USD,CUST-2498,new,2025-09-12T18:30:43.000Z,4,mobile,38.41,0.05,768.24,false,737.82,ORD-10634,completed,2025-09-08T18:30:43.000Z,bank_transfer,Books,PRD-3216,Data Engineering Basics,2,3,marketplace,7.99,same_day,MA,384.12,WH-TX-03,on_time
Weekend Flash,New York,SUMMER15,USD,CUST-2171,new,null,null,desktop,738.66,0.2,3693.3,null,2969.63,ORD-10635,cancelled,2025-08-14T02:48:08.000Z,digital_wallet,Home,PRD-3073,Vacuum Cleaner,5,null,mobile_app,14.99,express,NY,738.66,WH-CA-02,on_time
Back to School,New York,FREESHIP,USD,CUST-2079,vip,2025-08-16T15:54:13.000Z,4,desktop,106.13,0.05,2122.59,false,2016.46,ORD-10636,completed,2025-08-12T15:54:13.000Z,debit_card,Home,PRD-3003,Vacuum Cleaner,3,5,marketplace,0,express,NY,707.53,WH-CA-02,on_time
Back to School,Dallas,FREESHIP,USD,CUST-2479,new,2025-09-21T11:24:08.000Z,3,desktop,292.46,0.1,2924.56,false,2637.09,ORD-10637,returned,2025-09-18T11:24:08.000Z,digital_wallet,Books,PRD-3145,SQL Fundamentals,4,null,web,4.99,same_day,TX,731.14,WH-CA-02,on_time
Weekend Flash,Miami,FREESHIP,USD,CUST-2469,new,2025-08-31T19:21:32.000Z,7,mobile,0,0,925.7,true,930.69,ORD-10638,completed,2025-08-24T19:21:32.000Z,debit_card,Sports,PRD-3071,Yoga Mat,5,2,marketplace,4.99,standard,FL,185.14,WH-CA-02,late
Back to School,Seattle,DATA20,USD,CUST-2134,returning,2025-08-26T17:24:43.000Z,7,mobile,62.68,0.1,626.82,true,569.13,ORD-10639,completed,2025-08-19T17:24:43.000Z,credit_card,Electronics,PRD-3204,Bluetooth Speaker,2,3,mobile_app,4.99,express,WA,313.41,WH-CA-02,late
Back to School,Los Angeles,SUMMER15,USD,CUST-2492,vip,null,null,desktop,41.13,0.15,274.2,null,248.06,ORD-10640,cancelled,2025-08-26T05:29:00.000Z,digital_wallet,Books,PRD-3028,Python for Data,2,null,web,14.99,express,CA,137.1,WH-TX-03,on_time
Back to School,Miami,WELCOME10,USD,CUST-2077,new,2025-08-15T13:27:34.000Z,7,tablet,282.15,0.15,1880.97,true,1606.81,ORD-10641,completed,2025-08-08T13:27:34.000Z,digital_wallet,Sports,PRD-3133,Cycling Helmet,3,4,web,7.99,express,FL,626.99,WH-CA-02,late
Summer Deals,Phoenix,WELCOME10,USD,CUST-2346,returning,2025-09-30T03:43:23.000Z,3,tablet,139.13,0.05,2782.56,false,2643.43,ORD-10642,completed,2025-09-27T03:43:23.000Z,bank_transfer,Electronics,PRD-3137,Wireless Earbuds,4,5,mobile_app,0,express,AZ,695.64,WH-NY-01,on_time
AI Promo,Miami,FREESHIP,USD,CUST-2044,vip,2025-09-20T09:34:47.000Z,4,mobile,0,0,2562.15,false,2570.14,ORD-10643,completed,2025-09-16T09:34:47.000Z,digital_wallet,Fashion,PRD-3075,Jacket,5,4,mobile_app,7.99,express,FL,512.43,WH-CA-02,on_time
Weekend Flash,Boston,FREESHIP,USD,CUST-2263,vip,2025-08-18T03:46:40.000Z,7,desktop,6.32,0.05,126.33,true,120.01,ORD-10644,completed,2025-08-11T03:46:40.000Z,digital_wallet,Home,PRD-3155,Coffee Machine,3,2,mobile_app,0,standard,MA,42.11,WH-TX-03,late
AI Promo,Phoenix,FREESHIP,USD,CUST-2125,vip,2025-08-28T03:32:34.000Z,7,desktop,231.74,0.15,1544.96,true,1321.21,ORD-10645,returned,2025-08-21T03:32:34.000Z,debit_card,Electronics,PRD-3294,Tablet Stand,2,null,mobile_app,7.99,express,AZ,772.48,WH-TX-03,late
Weekend Flash,Chicago,FREESHIP,USD,CUST-2213,vip,2025-08-19T08:26:13.000Z,1,desktop,195.06,0.2,975.3,false,788.23,ORD-10646,returned,2025-08-18T08:26:13.000Z,bank_transfer,Fashion,PRD-3137,Sneakers,2,null,mobile_app,7.99,standard,IL,487.65,WH-NY-01,on_time
AI Promo,New York,SUMMER15,USD,CUST-2278,returning,2025-09-28T22:37:26.000Z,6,tablet,36.2,0.2,181.02,true,159.81,ORD-10647,shipped,2025-09-22T22:37:26.000Z,bank_transfer,Fashion,PRD-3007,Backpack,3,5,web,14.99,express,NY,60.34,WH-CA-02,late
AI Promo,Chicago,WELCOME10,USD,CUST-2324,returning,2025-08-24T20:02:42.000Z,7,desktop,70.56,0.2,352.8,true,292.23,ORD-10648,shipped,2025-08-17T20:02:42.000Z,bank_transfer,Books,PRD-3043,Data Engineering Basics,2,4,marketplace,9.99,express,IL,176.4,WH-CA-02,late
UNKNOWN,Miami,DATA20,USD,CUST-2285,vip,2025-08-31T02:27:26.000Z,7,mobile,0,0,665.8,true,680.79,ORD-10649,completed,2025-08-24T02:27:26.000Z,debit_card,Books,PRD-3193,Python for Data,5,5,web,14.99,express,FL,133.16,WH-NY-01,late
Back to School,Los Angeles,SUMMER15,USD,CUST-2181,new,2025-08-18T13:49:49.000Z,6,tablet,26.54,0.15,176.93,true,158.38,ORD-10650,completed,2025-08-12T13:49:49.000Z,bank_transfer,Books,PRD-3143,SQL Fundamentals,1,2,web,7.99,same_day,CA,176.93,WH-TX-03,late
UNKNOWN,San Francisco,WELCOME10,USD,CUST-2148,new,2025-08-26T22:10:59.000Z,7,desktop,75.13,0.1,751.32,true,686.18,ORD-10651,completed,2025-08-19T22:10:59.000Z,credit_card,Sports,PRD-3238,Resistance Bands,4,2,marketplace,9.99,express,CA,187.83,WH-TX-03,late
Back to School,Seattle,WELCOME10,USD,CUST-2485,new,2025-08-11T03:39:32.000Z,1,tablet,23.88,0.15,159.21,false,140.32,ORD-10652,shipped,2025-08-10T03:39:32.000Z,digital_wallet,Books,PRD-3128,Data Engineering Basics,1,2,web,4.99,same_day,WA,159.21,WH-CA-02,on_time
Weekend Flash,New York,WELCOME10,USD,CUST-2166,new,2025-08-27T07:55:15.000Z,2,mobile,0,0,892.26,false,902.25,ORD-10653,completed,2025-08-25T07:55:15.000Z,digital_wallet,Sports,PRD-3016,Resistance Bands,2,5,web,9.99,express,NY,446.13,WH-TX-03,on_time
Back to School,Boston,FREESHIP,USD,CUST-2237,vip,2025-09-29T03:53:21.000Z,7,mobile,383.66,0.15,2557.76,true,2174.1,ORD-10654,completed,2025-09-22T03:53:21.000Z,digital_wallet,Books,PRD-3017,SQL Fundamentals,4,5,mobile_app,0,express,MA,639.44,WH-CA-02,late
UNKNOWN,Phoenix,SUMMER15,USD,CUST-2031,returning,null,null,tablet,575.48,0.2,2877.4,null,2316.91,ORD-10655,cancelled,2025-09-15T08:28:30.000Z,digital_wallet,Sports,PRD-3021,Yoga Mat,5,null,web,14.99,same_day,AZ,575.48,WH-TX-03,on_time
Back to School,Miami,NO_COUPON,USD,CUST-2468,new,2025-09-22T13:23:26.000Z,6,mobile,41.34,0.15,275.58,true,234.24,ORD-10656,completed,2025-09-16T13:23:26.000Z,bank_transfer,Books,PRD-3136,Python for Data,3,4,web,0,same_day,FL,91.86,WH-CA-02,late
AI Promo,Miami,SUMMER15,USD,CUST-2076,vip,2025-09-19T16:36:17.000Z,5,mobile,56.11,0.05,1122.12,true,1076,ORD-10657,completed,2025-09-14T16:36:17.000Z,bank_transfer,Home,PRD-3114,LED Lamp,4,4,web,9.99,same_day,FL,280.53,WH-CA-02,late
AI Promo,Chicago,NO_COUPON,USD,CUST-2440,returning,2025-08-13T07:51:44.000Z,2,tablet,308.38,0.2,1541.92,false,1241.53,ORD-10658,completed,2025-08-11T07:51:44.000Z,debit_card,Sports,PRD-3117,Cycling Helmet,4,5,web,7.99,same_day,IL,385.48,WH-NY-01,on_time
Weekend Flash,Boston,FREESHIP,USD,CUST-2301,vip,2025-08-28T23:39:57.000Z,2,tablet,297.69,0.2,1488.45,false,1205.75,ORD-10659,completed,2025-08-26T23:39:57.000Z,digital_wallet,Electronics,PRD-3192,Bluetooth Speaker,5,4,web,14.99,same_day,MA,297.69,WH-TX-03,on_time
UNKNOWN,Miami,SUMMER15,USD,CUST-2312,vip,2025-08-24T15:19:13.000Z,2,tablet,143.75,0.2,718.74,false,574.99,ORD-10660,completed,2025-08-22T15:19:13.000Z,digital_wallet,Home,PRD-3101,Coffee Machine,1,5,mobile_app,0,express,FL,718.74,WH-TX-03,on_time
UNKNOWN,New York,NO_COUPON,USD,CUST-2284,vip,2025-09-01T04:06:21.000Z,5,tablet,357.41,0.2,1787.07,true,1429.66,ORD-10661,completed,2025-08-27T04:06:21.000Z,digital_wallet,Sports,PRD-3041,Dumbbell Set,3,5,marketplace,0,same_day,NY,595.69,WH-NY-01,late
Weekend Flash,Houston,DATA20,USD,CUST-2381,new,2025-08-17T09:38:17.000Z,5,mobile,0,0,1109.72,true,1119.71,ORD-10662,completed,2025-08-12T09:38:17.000Z,bank_transfer,Fashion,PRD-3068,Backpack,2,4,marketplace,9.99,standard,TX,554.86,WH-NY-01,late
Summer Deals,Houston,DATA20,USD,CUST-2043,returning,2025-09-25T04:04:12.000Z,4,mobile,0,0,1883.85,false,1891.84,ORD-10663,completed,2025-09-21T04:04:12.000Z,debit_card,Sports,PRD-3278,Resistance Bands,5,1,mobile_app,7.99,same_day,TX,376.77,WH-CA-02,on_time
Weekend Flash,Boston,DATA20,USD,CUST-2315,returning,null,null,desktop,138.06,0.2,690.3,null,562.23,ORD-10664,cancelled,2025-09-20T04:12:37.000Z,bank_transfer,Electronics,PRD-3209,Tablet Stand,1,null,mobile_app,9.99,express,MA,690.3,WH-CA-02,on_time
Summer Deals,Dallas,NO_COUPON,USD,CUST-2321,returning,2025-08-21T18:17:43.000Z,5,mobile,114.24,0.05,2284.89,true,2185.64,ORD-10665,shipped,2025-08-16T18:17:43.000Z,bank_transfer,Books,PRD-3250,AI for Everyone,3,5,mobile_app,14.99,same_day,TX,761.63,WH-CA-02,late
UNKNOWN,Chicago,DATA20,USD,CUST-2399,new,2025-08-30T04:43:34.000Z,7,mobile,0,0,1832.25,true,1842.24,ORD-10666,completed,2025-08-23T04:43:34.000Z,bank_transfer,Home,PRD-3158,Air Fryer,3,5,mobile_app,9.99,express,IL,610.75,WH-CA-02,late
Summer Deals,Los Angeles,SUMMER15,USD,CUST-2167,vip,2025-08-20T20:50:10.000Z,7,tablet,46.11,0.05,922.2,true,881.08,ORD-10667,completed,2025-08-13T20:50:10.000Z,debit_card,Fashion,PRD-3214,Backpack,2,4,web,4.99,express,CA,461.1,WH-CA-02,late
AI Promo,San Francisco,SUMMER15,USD,CUST-2214,new,2025-09-02T17:27:36.000Z,4,mobile,164.18,0.2,820.92,false,664.73,ORD-10668,returned,2025-08-29T17:27:36.000Z,debit_card,Home,PRD-3210,LED Lamp,3,null,web,7.99,express,CA,273.64,WH-NY-01,on_time
Weekend Flash,Houston,SUMMER15,USD,CUST-2103,new,null,null,tablet,0,0,728.67,null,736.66,ORD-10669,cancelled,2025-08-28T20:20:35.000Z,credit_card,Home,PRD-3226,LED Lamp,3,null,marketplace,7.99,standard,TX,242.89,WH-NY-01,on_time
AI Promo,San Francisco,SUMMER15,USD,CUST-2031,new,2025-09-18T06:31:15.000Z,3,tablet,152.42,0.2,762.12,false,619.69,ORD-10670,shipped,2025-09-15T06:31:15.000Z,bank_transfer,Books,PRD-3176,Data Engineering Basics,1,2,mobile_app,9.99,express,CA,762.12,WH-NY-01,on_time
Back to School,Miami,DATA20,USD,CUST-2126,returning,2025-09-12T17:36:12.000Z,5,tablet,0,0,1065.56,true,1070.55,ORD-10671,completed,2025-09-07T17:36:12.000Z,bank_transfer,Home,PRD-3134,Air Fryer,4,1,marketplace,4.99,same_day,FL,266.39,WH-NY-01,late
Back to School,Los Angeles,DATA20,USD,CUST-2102,vip,2025-08-16T18:29:14.000Z,4,desktop,580.02,0.2,2900.12,false,2325.09,ORD-10672,completed,2025-08-12T18:29:14.000Z,credit_card,Fashion,PRD-3131,Jacket,4,5,marketplace,4.99,standard,CA,725.03,WH-TX-03,on_time
Back to School,Seattle,SUMMER15,USD,CUST-2492,vip,2025-10-04T00:23:01.000Z,5,tablet,97.02,0.15,646.79,true,549.77,ORD-10673,completed,2025-09-29T00:23:01.000Z,bank_transfer,Books,PRD-3252,Data Engineering Basics,1,3,web,0,same_day,WA,646.79,WH-TX-03,late
Weekend Flash,Los Angeles,SUMMER15,USD,CUST-2313,vip,2025-09-23T00:54:54.000Z,1,mobile,116.95,0.15,779.64,false,667.68,ORD-10674,shipped,2025-09-22T00:54:54.000Z,digital_wallet,Sports,PRD-3221,Yoga Mat,1,1,mobile_app,4.99,express,CA,779.64,WH-TX-03,on_time
AI Promo,San Francisco,NO_COUPON,USD,CUST-2295,returning,2025-09-24T06:47:52.000Z,4,tablet,156.54,0.1,1565.37,false,1423.82,ORD-10675,completed,2025-09-20T06:47:52.000Z,credit_card,Electronics,PRD-3200,Smart Watch,3,2,mobile_app,14.99,standard,CA,521.79,WH-CA-02,on_time
Weekend Flash,Chicago,WELCOME10,USD,CUST-2458,vip,2025-09-19T05:12:49.000Z,7,mobile,212.25,0.15,1414.98,true,1212.72,ORD-10676,shipped,2025-09-12T05:12:49.000Z,debit_card,Fashion,PRD-3097,Backpack,3,5,marketplace,9.99,express,IL,471.66,WH-NY-01,late
Weekend Flash,New York,WELCOME10,USD,CUST-2156,new,2025-08-27T18:59:14.000Z,6,desktop,156.45,0.05,3128.9,true,2972.45,ORD-10677,completed,2025-08-21T18:59:14.000Z,bank_transfer,Sports,PRD-3120,Yoga Mat,5,5,web,0,standard,NY,625.78,WH-CA-02,late
Weekend Flash,Los Angeles,DATA20,USD,CUST-2195,vip,2025-08-31T22:25:12.000Z,2,mobile,72.14,0.1,721.44,false,649.3,ORD-10678,returned,2025-08-29T22:25:12.000Z,credit_card,Books,PRD-3090,Python for Data,2,null,mobile_app,0,standard,CA,360.72,WH-NY-01,on_time
Back to School,Miami,FREESHIP,USD,CUST-2261,new,2025-08-17T10:51:32.000Z,3,mobile,180.68,0.1,1806.75,false,1631.06,ORD-10679,completed,2025-08-14T10:51:32.000Z,digital_wallet,Sports,PRD-3004,Cycling Helmet,3,5,web,4.99,express,FL,602.25,WH-CA-02,on_time
Back to School,San Francisco,WELCOME10,USD,CUST-2374,vip,2025-09-16T04:51:24.000Z,4,mobile,0,0,1058.94,false,1058.94,ORD-10680,completed,2025-09-12T04:51:24.000Z,debit_card,Fashion,PRD-3073,Sneakers,3,5,web,0,same_day,CA,352.98,WH-NY-01,on_time
Weekend Flash,Dallas,WELCOME10,USD,CUST-2317,returning,2025-09-27T14:55:47.000Z,6,desktop,0,0,559.11,true,574.1,ORD-10681,completed,2025-09-21T14:55:47.000Z,debit_card,Home,PRD-3089,Vacuum Cleaner,1,5,mobile_app,14.99,same_day,TX,559.11,WH-CA-02,late
UNKNOWN,Los Angeles,WELCOME10,USD,CUST-2014,returning,2025-09-29T16:39:20.000Z,1,desktop,120.92,0.1,1209.21,false,1096.28,ORD-10682,returned,2025-09-28T16:39:20.000Z,digital_wallet,Home,PRD-3018,Air Fryer,3,null,mobile_app,7.99,standard,CA,403.07,WH-CA-02,on_time
AI Promo,Boston,SUMMER15,USD,CUST-2439,vip,2025-08-10T21:04:07.000Z,4,mobile,6.75,0.05,134.96,false,133.2,ORD-10683,completed,2025-08-06T21:04:07.000Z,digital_wallet,Sports,PRD-3001,Dumbbell Set,1,2,web,4.99,express,MA,134.96,WH-NY-01,on_time
UNKNOWN,San Francisco,NO_COUPON,USD,CUST-2413,new,2025-09-20T02:12:08.000Z,2,tablet,76.6,0.1,765.96,false,699.35,ORD-10684,shipped,2025-09-18T02:12:08.000Z,digital_wallet,Sports,PRD-3043,Cycling Helmet,1,4,mobile_app,9.99,express,CA,765.96,WH-NY-01,on_time
Summer Deals,Houston,DATA20,USD,CUST-2168,returning,2025-09-18T02:33:33.000Z,5,tablet,23.38,0.05,467.58,true,454.19,ORD-10685,completed,2025-09-13T02:33:33.000Z,credit_card,Home,PRD-3075,LED Lamp,3,4,web,9.99,same_day,TX,155.86,WH-TX-03,late
AI Promo,New York,WELCOME10,USD,CUST-2097,vip,2025-08-30T18:00:36.000Z,4,desktop,0,0,21.31,false,26.3,ORD-10686,completed,2025-08-26T18:00:36.000Z,digital_wallet,Home,PRD-3232,Vacuum Cleaner,1,5,marketplace,4.99,same_day,NY,21.31,WH-TX-03,on_time
AI Promo,Miami,SUMMER15,USD,CUST-2250,vip,2025-10-04T13:16:21.000Z,7,tablet,131.95,0.05,2639.05,true,2515.09,ORD-10687,returned,2025-09-27T13:16:21.000Z,bank_transfer,Electronics,PRD-3050,Bluetooth Speaker,5,null,web,7.99,standard,FL,527.81,WH-CA-02,late
Weekend Flash,New York,WELCOME10,USD,CUST-2232,returning,2025-09-13T06:18:08.000Z,7,mobile,0,0,338.88,true,338.88,ORD-10688,completed,2025-09-06T06:18:08.000Z,digital_wallet,Sports,PRD-3259,Dumbbell Set,4,5,marketplace,0,same_day,NY,84.72,WH-NY-01,late
Weekend Flash,Houston,DATA20,USD,CUST-2410,vip,2025-09-24T12:36:55.000Z,5,tablet,265.23,0.15,1768.2,true,1517.96,ORD-10689,shipped,2025-09-19T12:36:55.000Z,debit_card,Electronics,PRD-3118,Smart Watch,3,3,web,14.99,express,TX,589.4,WH-NY-01,late
AI Promo,Chicago,SUMMER15,USD,CUST-2462,vip,2025-09-01T14:17:03.000Z,4,desktop,202.85,0.15,1352.32,false,1164.46,ORD-10690,completed,2025-08-28T14:17:03.000Z,debit_card,Sports,PRD-3240,Dumbbell Set,2,2,web,14.99,same_day,IL,676.16,WH-NY-01,on_time
AI Promo,Los Angeles,FREESHIP,USD,CUST-2083,new,2025-08-08T21:08:09.000Z,4,mobile,131.19,0.15,874.6,false,743.41,ORD-10691,returned,2025-08-04T21:08:09.000Z,debit_card,Fashion,PRD-3215,Jacket,5,null,web,0,standard,CA,174.92,WH-NY-01,on_time
Back to School,Houston,DATA20,USD,CUST-2390,returning,2025-10-05T05:09:13.000Z,4,tablet,143.04,0.2,715.18,false,587.13,ORD-10692,completed,2025-10-01T05:09:13.000Z,bank_transfer,Fashion,PRD-3061,Backpack,1,5,mobile_app,14.99,same_day,TX,715.18,WH-TX-03,on_time
Summer Deals,Boston,FREESHIP,USD,CUST-2467,vip,2025-09-19T03:29:09.000Z,1,desktop,0,0,1595.19,false,1610.18,ORD-10693,returned,2025-09-18T03:29:09.000Z,bank_transfer,Books,PRD-3021,SQL Fundamentals,3,null,web,14.99,standard,MA,531.73,WH-CA-02,on_time
Back to School,Boston,FREESHIP,USD,CUST-2446,vip,2025-08-14T07:38:38.000Z,7,tablet,182.75,0.15,1218.36,true,1035.61,ORD-10694,completed,2025-08-07T07:38:38.000Z,credit_card,Home,PRD-3222,Coffee Machine,2,5,web,0,same_day,MA,609.18,WH-CA-02,late
UNKNOWN,Phoenix,NO_COUPON,USD,CUST-2114,vip,2025-08-05T11:45:51.000Z,4,tablet,51.23,0.05,1024.56,false,973.33,ORD-10695,completed,2025-08-01T11:45:51.000Z,digital_wallet,Fashion,PRD-3137,Jacket,3,1,web,0,same_day,AZ,341.52,WH-TX-03,on_time
UNKNOWN,Seattle,SUMMER15,USD,CUST-2418,returning,2025-09-08T11:07:48.000Z,2,tablet,6.49,0.15,43.26,false,36.77,ORD-10696,completed,2025-09-06T11:07:48.000Z,digital_wallet,Sports,PRD-3021,Resistance Bands,1,2,marketplace,0,express,WA,43.26,WH-TX-03,on_time
Weekend Flash,New York,SUMMER15,USD,CUST-2411,new,2025-08-13T08:40:21.000Z,1,desktop,0,0,538.56,false,553.55,ORD-10697,completed,2025-08-12T08:40:21.000Z,bank_transfer,Books,PRD-3130,Data Engineering Basics,1,2,marketplace,14.99,express,NY,538.56,WH-CA-02,on_time
AI Promo,Miami,SUMMER15,USD,CUST-2400,new,2025-09-12T01:41:20.000Z,6,mobile,0,0,1115.94,true,1120.93,ORD-10698,completed,2025-09-06T01:41:20.000Z,debit_card,Electronics,PRD-3171,Bluetooth Speaker,3,5,web,4.99,express,FL,371.98,WH-NY-01,late
UNKNOWN,Los Angeles,NO_COUPON,USD,CUST-2225,returning,2025-08-21T06:31:22.000Z,3,mobile,100.24,0.1,1002.44,false,907.19,ORD-10699,returned,2025-08-18T06:31:22.000Z,credit_card,Books,PRD-3166,AI for Everyone,2,null,mobile_app,4.99,standard,CA,501.22,WH-CA-02,on_time
Weekend Flash,Dallas,DATA20,USD,CUST-2437,returning,2025-09-11T06:04:12.000Z,1,tablet,0,0,3039.25,false,3049.24,ORD-10700,completed,2025-09-10T06:04:12.000Z,bank_transfer,Sports,PRD-3175,Cycling Helmet,5,2,mobile_app,9.99,express,TX,607.85,WH-CA-02,on_time
Back to School,Los Angeles,FREESHIP,USD,CUST-2115,vip,2025-08-20T01:09:42.000Z,3,mobile,53.17,0.1,531.66,false,478.49,ORD-10701,completed,2025-08-17T01:09:42.000Z,debit_card,Fashion,PRD-3116,Sneakers,2,1,mobile_app,0,standard,CA,265.83,WH-CA-02,on_time
AI Promo,Houston,SUMMER15,USD,CUST-2322,vip,2025-09-13T14:26:11.000Z,7,tablet,403.18,0.15,2687.88,true,2299.69,ORD-10702,shipped,2025-09-06T14:26:11.000Z,bank_transfer,Electronics,PRD-3134,Tablet Stand,4,2,web,14.99,express,TX,671.97,WH-CA-02,late
AI Promo,Houston,NO_COUPON,USD,CUST-2260,vip,2025-09-22T01:37:08.000Z,1,tablet,7.09,0.05,141.72,false,139.62,ORD-10703,returned,2025-09-21T01:37:08.000Z,debit_card,Fashion,PRD-3161,Jacket,2,null,web,4.99,same_day,TX,70.86,WH-TX-03,on_time
Weekend Flash,Dallas,SUMMER15,USD,CUST-2287,returning,2025-08-30T23:37:27.000Z,1,tablet,22.26,0.1,222.62,false,215.35,ORD-10704,completed,2025-08-29T23:37:27.000Z,digital_wallet,Home,PRD-3030,Coffee Machine,1,3,marketplace,14.99,same_day,TX,222.62,WH-NY-01,on_time
UNKNOWN,San Francisco,SUMMER15,USD,CUST-2339,returning,2025-09-03T21:45:48.000Z,2,tablet,92.02,0.2,460.11,false,383.08,ORD-10705,completed,2025-09-01T21:45:48.000Z,debit_card,Electronics,PRD-3156,Bluetooth Speaker,1,5,web,14.99,same_day,CA,460.11,WH-CA-02,on_time
Back to School,Chicago,DATA20,USD,CUST-2374,new,2025-09-12T11:49:04.000Z,5,mobile,0,0,3457.8,true,3465.79,ORD-10706,completed,2025-09-07T11:49:04.000Z,debit_card,Sports,PRD-3128,Cycling Helmet,5,2,marketplace,7.99,standard,IL,691.56,WH-TX-03,late
Back to School,Miami,FREESHIP,USD,CUST-2094,new,2025-09-25T21:24:44.000Z,4,desktop,48.23,0.15,321.56,false,283.32,ORD-10707,completed,2025-09-21T21:24:44.000Z,bank_transfer,Electronics,PRD-3091,Bluetooth Speaker,4,5,web,9.99,express,FL,80.39,WH-NY-01,on_time
Back to School,Phoenix,WELCOME10,USD,CUST-2286,new,2025-09-19T11:33:16.000Z,1,desktop,9.45,0.05,189.05,false,189.59,ORD-10708,shipped,2025-09-18T11:33:16.000Z,credit_card,Books,PRD-3049,SQL Fundamentals,1,3,marketplace,9.99,same_day,AZ,189.05,WH-NY-01,on_time
Weekend Flash,San Francisco,WELCOME10,USD,CUST-2094,vip,2025-09-30T10:11:12.000Z,6,desktop,23.89,0.15,159.25,true,143.35,ORD-10709,shipped,2025-09-24T10:11:12.000Z,bank_transfer,Books,PRD-3050,AI for Everyone,5,1,mobile_app,7.99,same_day,CA,31.85,WH-CA-02,late
Summer Deals,Chicago,WELCOME10,USD,CUST-2479,returning,2025-08-05T01:56:50.000Z,1,mobile,0,0,2613.4,false,2628.39,ORD-10710,returned,2025-08-04T01:56:50.000Z,debit_card,Sports,PRD-3179,Dumbbell Set,4,null,web,14.99,standard,IL,653.35,WH-NY-01,on_time
Back to School,Boston,FREESHIP,USD,CUST-2188,new,2025-10-01T11:42:35.000Z,1,desktop,375.44,0.1,3754.4,false,3388.95,ORD-10711,completed,2025-09-30T11:42:35.000Z,credit_card,Home,PRD-3097,LED Lamp,5,5,mobile_app,9.99,express,MA,750.88,WH-CA-02,on_time
AI Promo,Boston,WELCOME10,USD,CUST-2280,vip,2025-09-11T06:34:33.000Z,4,desktop,240.38,0.15,1602.51,false,1377.12,ORD-10712,returned,2025-09-07T06:34:33.000Z,digital_wallet,Electronics,PRD-3165,Wireless Earbuds,3,null,mobile_app,14.99,standard,MA,534.17,WH-TX-03,on_time
Back to School,Seattle,DATA20,USD,CUST-2255,returning,2025-08-12T18:35:30.000Z,5,tablet,0,0,1231.52,true,1241.51,ORD-10713,completed,2025-08-07T18:35:30.000Z,credit_card,Books,PRD-3029,Data Engineering Basics,4,5,marketplace,9.99,standard,WA,307.88,WH-CA-02,late
AI Promo,Boston,DATA20,USD,CUST-2422,vip,2025-08-07T17:24:12.000Z,3,tablet,77.45,0.15,516.34,false,438.89,ORD-10714,shipped,2025-08-04T17:24:12.000Z,debit_card,Sports,PRD-3261,Dumbbell Set,1,3,web,0,same_day,MA,516.34,WH-TX-03,on_time
AI Promo,New York,SUMMER15,USD,CUST-2024,returning,2025-08-08T06:13:31.000Z,2,tablet,0,0,742.42,false,750.41,ORD-10715,shipped,2025-08-06T06:13:31.000Z,credit_card,Home,PRD-3060,Air Fryer,2,3,mobile_app,7.99,standard,NY,371.21,WH-NY-01,on_time
Back to School,Seattle,WELCOME10,USD,CUST-2349,vip,2025-08-17T03:15:39.000Z,6,tablet,0,0,2939.56,true,2944.55,ORD-10716,completed,2025-08-11T03:15:39.000Z,bank_transfer,Home,PRD-3159,LED Lamp,4,2,marketplace,4.99,express,WA,734.89,WH-CA-02,late
Summer Deals,Seattle,NO_COUPON,USD,CUST-2066,vip,2025-09-12T08:40:44.000Z,4,mobile,135.14,0.1,1351.36,false,1224.21,ORD-10717,completed,2025-09-08T08:40:44.000Z,credit_card,Books,PRD-3037,AI for Everyone,2,1,marketplace,7.99,standard,WA,675.68,WH-NY-01,on_time
Weekend Flash,Chicago,DATA20,USD,CUST-2056,new,2025-08-27T01:18:18.000Z,7,mobile,85.33,0.2,426.66,true,351.32,ORD-10718,shipped,2025-08-20T01:18:18.000Z,digital_wallet,Sports,PRD-3045,Cycling Helmet,3,5,web,9.99,standard,IL,142.22,WH-TX-03,late
UNKNOWN,New York,FREESHIP,USD,CUST-2224,vip,2025-08-19T10:48:44.000Z,7,desktop,0,0,192.76,true,202.75,ORD-10719,completed,2025-08-12T10:48:44.000Z,credit_card,Books,PRD-3074,Data Engineering Basics,2,5,web,9.99,same_day,NY,96.38,WH-NY-01,late
Weekend Flash,Houston,DATA20,USD,CUST-2029,returning,null,null,mobile,45.94,0.05,918.7,null,880.75,ORD-10720,cancelled,2025-09-28T13:22:29.000Z,credit_card,Fashion,PRD-3150,Sneakers,2,null,web,7.99,standard,TX,459.35,WH-TX-03,on_time
Weekend Flash,Houston,DATA20,USD,CUST-2030,new,2025-09-11T00:18:35.000Z,2,mobile,0,0,119.96,false,124.95,ORD-10721,completed,2025-09-09T00:18:35.000Z,credit_card,Fashion,PRD-3210,T-Shirt,4,5,marketplace,4.99,same_day,TX,29.99,WH-TX-03,on_time
Summer Deals,San Francisco,DATA20,USD,CUST-2199,vip,2025-08-02T20:00:36.000Z,1,mobile,24.67,0.2,123.35,false,103.67,ORD-10722,returned,2025-08-01T20:00:36.000Z,credit_card,Fashion,PRD-3019,Sneakers,1,null,mobile_app,4.99,standard,CA,123.35,WH-TX-03,on_time
AI Promo,Seattle,SUMMER15,USD,CUST-2233,vip,2025-09-13T16:22:40.000Z,4,mobile,146.1,0.2,730.48,false,594.37,ORD-10723,completed,2025-09-09T16:22:40.000Z,debit_card,Fashion,PRD-3074,T-Shirt,2,4,web,9.99,express,WA,365.24,WH-NY-01,on_time
Summer Deals,San Francisco,FREESHIP,USD,CUST-2065,vip,2025-09-04T06:56:34.000Z,7,mobile,0,0,1292.62,true,1302.61,ORD-10724,completed,2025-08-28T06:56:34.000Z,digital_wallet,Electronics,PRD-3208,Tablet Stand,2,2,web,9.99,express,CA,646.31,WH-CA-02,late
AI Promo,Seattle,FREESHIP,USD,CUST-2486,vip,2025-08-16T15:13:45.000Z,2,tablet,0,0,1107.44,false,1122.43,ORD-10725,shipped,2025-08-14T15:13:45.000Z,digital_wallet,Books,PRD-3187,AI for Everyone,4,5,marketplace,14.99,express,WA,276.86,WH-NY-01,on_time
Weekend Flash,Seattle,FREESHIP,USD,CUST-2338,returning,2025-08-30T09:12:13.000Z,3,desktop,19.17,0.05,383.32,false,379.14,ORD-10726,shipped,2025-08-27T09:12:13.000Z,credit_card,Home,PRD-3093,Coffee Machine,4,4,marketplace,14.99,same_day,WA,95.83,WH-CA-02,on_time
Back to School,Boston,DATA20,USD,CUST-2445,vip,2025-09-09T14:09:26.000Z,3,desktop,0,0,3935.35,false,3945.34,ORD-10727,completed,2025-09-06T14:09:26.000Z,credit_card,Home,PRD-3162,LED Lamp,5,5,mobile_app,9.99,same_day,MA,787.07,WH-NY-01,on_time
AI Promo,Los Angeles,DATA20,USD,CUST-2431,new,2025-08-23T19:12:47.000Z,2,tablet,36.85,0.05,736.94,false,700.09,ORD-10728,completed,2025-08-21T19:12:47.000Z,digital_wallet,Electronics,PRD-3162,Wireless Earbuds,1,5,web,0,express,CA,736.94,WH-TX-03,on_time
Weekend Flash,Chicago,WELCOME10,USD,CUST-2288,vip,2025-08-16T21:07:34.000Z,5,desktop,0,0,450.9,true,455.89,ORD-10729,completed,2025-08-11T21:07:34.000Z,credit_card,Fashion,PRD-3144,Jacket,5,4,marketplace,4.99,same_day,IL,90.18,WH-CA-02,late
Back to School,Los Angeles,FREESHIP,USD,CUST-2300,vip,2025-08-18T08:37:44.000Z,7,desktop,282.15,0.1,2821.52,true,2549.36,ORD-10730,completed,2025-08-11T08:37:44.000Z,bank_transfer,Electronics,PRD-3011,Smart Watch,4,1,mobile_app,9.99,express,CA,705.38,WH-CA-02,late
Weekend Flash,Los Angeles,WELCOME10,USD,CUST-2182,vip,2025-10-03T05:12:40.000Z,3,mobile,0,0,2011.92,false,2011.92,ORD-10731,completed,2025-09-30T05:12:40.000Z,bank_transfer,Home,PRD-3214,Vacuum Cleaner,4,4,web,0,express,CA,502.98,WH-TX-03,on_time
UNKNOWN,Phoenix,SUMMER15,USD,CUST-2140,vip,2025-09-18T17:16:28.000Z,4,desktop,0,0,793.58,false,798.57,ORD-10732,completed,2025-09-14T17:16:28.000Z,credit_card,Sports,PRD-3042,Yoga Mat,2,3,marketplace,4.99,standard,AZ,396.79,WH-NY-01,on_time
AI Promo,Boston,WELCOME10,USD,CUST-2188,vip,2025-08-10T06:43:17.000Z,6,desktop,124.29,0.1,1242.92,true,1128.62,ORD-10733,completed,2025-08-04T06:43:17.000Z,bank_transfer,Electronics,PRD-3176,Bluetooth Speaker,4,5,web,9.99,same_day,MA,310.73,WH-TX-03,late
Weekend Flash,Houston,WELCOME10,USD,CUST-2012,new,2025-09-29T05:58:20.000Z,7,mobile,176.54,0.2,882.68,true,706.14,ORD-10734,shipped,2025-09-22T05:58:20.000Z,bank_transfer,Books,PRD-3039,AI for Everyone,4,4,mobile_app,0,standard,TX,220.67,WH-TX-03,late
Weekend Flash,Houston,DATA20,USD,CUST-2495,returning,null,null,desktop,3.52,0.2,17.62,null,22.09,ORD-10735,cancelled,2025-09-26T03:04:09.000Z,credit_card,Electronics,PRD-3055,Wireless Earbuds,1,null,marketplace,7.99,standard,TX,17.62,WH-NY-01,on_time
Summer Deals,Los Angeles,WELCOME10,USD,CUST-2041,returning,null,null,tablet,0,0,577.42,null,587.41,ORD-10736,cancelled,2025-09-21T05:14:13.000Z,digital_wallet,Home,PRD-3272,Air Fryer,1,null,web,9.99,standard,CA,577.42,WH-TX-03,on_time
AI Promo,Chicago,NO_COUPON,USD,CUST-2074,vip,2025-08-15T00:00:05.000Z,2,mobile,0,0,2939.7,false,2949.69,ORD-10737,completed,2025-08-13T00:00:05.000Z,debit_card,Books,PRD-3064,AI for Everyone,5,5,marketplace,9.99,standard,IL,587.94,WH-NY-01,on_time
Back to School,Chicago,SUMMER15,USD,CUST-2124,vip,null,null,tablet,485.23,0.2,2426.15,null,1948.91,ORD-10738,cancelled,2025-08-14T21:16:52.000Z,debit_card,Books,PRD-3129,AI for Everyone,5,null,mobile_app,7.99,standard,IL,485.23,WH-NY-01,on_time
AI Promo,Miami,DATA20,USD,CUST-2358,vip,2025-08-05T07:43:05.000Z,3,tablet,0,0,1998.72,false,2008.71,ORD-10739,shipped,2025-08-02T07:43:05.000Z,bank_transfer,Fashion,PRD-3034,Sneakers,4,5,marketplace,9.99,same_day,FL,499.68,WH-CA-02,on_time
Weekend Flash,San Francisco,FREESHIP,USD,CUST-2210,returning,2025-09-19T14:14:37.000Z,2,desktop,80.95,0.05,1619.04,false,1553.08,ORD-10740,completed,2025-09-17T14:14:37.000Z,digital_wallet,Books,PRD-3207,AI for Everyone,4,5,web,14.99,express,CA,404.76,WH-NY-01,on_time
Summer Deals,Seattle,WELCOME10,USD,CUST-2339,new,2025-09-02T19:00:27.000Z,7,tablet,209.99,0.1,2099.88,true,1894.88,ORD-10741,returned,2025-08-26T19:00:27.000Z,credit_card,Books,PRD-3095,Python for Data,3,null,mobile_app,4.99,standard,WA,699.96,WH-CA-02,late
AI Promo,Chicago,SUMMER15,USD,CUST-2222,returning,2025-08-23T01:17:14.000Z,2,desktop,66.49,0.1,664.92,false,603.42,ORD-10742,completed,2025-08-21T01:17:14.000Z,credit_card,Fashion,PRD-3031,Jacket,4,1,mobile_app,4.99,standard,IL,166.23,WH-TX-03,on_time
Weekend Flash,Miami,DATA20,USD,CUST-2323,returning,2025-09-02T23:00:19.000Z,6,tablet,60.89,0.1,608.85,true,552.95,ORD-10743,completed,2025-08-27T23:00:19.000Z,credit_card,Sports,PRD-3220,Cycling Helmet,5,5,marketplace,4.99,same_day,FL,121.77,WH-TX-03,late
AI Promo,Phoenix,FREESHIP,USD,CUST-2108,returning,2025-09-03T10:01:28.000Z,3,mobile,64.76,0.05,1295.26,false,1245.49,ORD-10744,completed,2025-08-31T10:01:28.000Z,bank_transfer,Fashion,PRD-3161,Jacket,2,5,marketplace,14.99,same_day,AZ,647.63,WH-TX-03,on_time
AI Promo,San Francisco,FREESHIP,USD,CUST-2456,new,2025-09-11T15:52:52.000Z,2,tablet,0,0,3863.6,false,3878.59,ORD-10745,completed,2025-09-09T15:52:52.000Z,debit_card,Home,PRD-3049,Vacuum Cleaner,5,1,web,14.99,same_day,CA,772.72,WH-NY-01,on_time
AI Promo,Dallas,WELCOME10,USD,CUST-2074,returning,null,null,desktop,0,0,1458.15,null,1468.14,ORD-10746,cancelled,2025-08-25T14:50:49.000Z,credit_card,Books,PRD-3127,Data Engineering Basics,3,null,mobile_app,9.99,express,TX,486.05,WH-TX-03,on_time
UNKNOWN,Miami,NO_COUPON,USD,CUST-2097,vip,null,null,mobile,188.73,0.1,1887.33,null,1706.59,ORD-10747,cancelled,2025-09-09T01:12:52.000Z,debit_card,Sports,PRD-3152,Dumbbell Set,3,null,marketplace,7.99,same_day,FL,629.11,WH-CA-02,on_time
Summer Deals,Houston,WELCOME10,USD,CUST-2330,returning,null,null,desktop,28.18,0.05,563.51,null,543.32,ORD-10748,cancelled,2025-08-14T12:18:01.000Z,digital_wallet,Books,PRD-3239,Data Engineering Basics,1,null,mobile_app,7.99,same_day,TX,563.51,WH-TX-03,on_time
Summer Deals,Chicago,NO_COUPON,USD,CUST-2301,new,2025-08-22T14:45:38.000Z,4,mobile,30.46,0.05,609.18,false,588.71,ORD-10749,completed,2025-08-18T14:45:38.000Z,bank_transfer,Sports,PRD-3064,Resistance Bands,1,4,web,9.99,same_day,IL,609.18,WH-CA-02,on_time
Back to School,Chicago,DATA20,USD,CUST-2018,vip,2025-09-02T13:20:39.000Z,7,desktop,355.68,0.2,1778.4,true,1430.71,ORD-10750,returned,2025-08-26T13:20:39.000Z,credit_card,Fashion,PRD-3290,T-Shirt,4,null,web,7.99,same_day,IL,444.6,WH-TX-03,late
Summer Deals,Chicago,SUMMER15,USD,CUST-2185,returning,2025-09-04T13:45:15.000Z,1,mobile,0,0,1484.58,false,1484.58,ORD-10751,returned,2025-09-03T13:45:15.000Z,credit_card,Books,PRD-3212,Python for Data,2,null,web,0,express,IL,742.29,WH-TX-03,on_time
Weekend Flash,New York,DATA20,USD,CUST-2391,returning,2025-09-09T10:52:13.000Z,4,mobile,413.63,0.2,2068.16,false,1659.52,ORD-10752,completed,2025-09-05T10:52:13.000Z,credit_card,Sports,PRD-3029,Resistance Bands,4,4,mobile_app,4.99,standard,NY,517.04,WH-CA-02,on_time
Back to School,New York,NO_COUPON,USD,CUST-2203,new,null,null,desktop,0,0,1218.48,null,1233.47,ORD-10753,cancelled,2025-08-21T18:24:48.000Z,digital_wallet,Electronics,PRD-3253,Smart Watch,2,null,marketplace,14.99,same_day,NY,609.24,WH-NY-01,on_time
UNKNOWN,Houston,DATA20,USD,CUST-2204,new,2025-08-27T06:05:37.000Z,3,tablet,87.49,0.1,874.9,false,787.41,ORD-10754,shipped,2025-08-24T06:05:37.000Z,bank_transfer,Sports,PRD-3004,Yoga Mat,5,4,mobile_app,0,express,TX,174.98,WH-CA-02,on_time
Back to School,Dallas,FREESHIP,USD,CUST-2232,new,2025-08-17T18:57:16.000Z,4,tablet,167.38,0.05,3347.55,false,3188.16,ORD-10755,completed,2025-08-13T18:57:16.000Z,debit_card,Books,PRD-3263,SQL Fundamentals,5,5,web,7.99,standard,TX,669.51,WH-NY-01,on_time
UNKNOWN,Seattle,DATA20,USD,CUST-2156,returning,2025-09-29T06:43:13.000Z,5,mobile,168.11,0.2,840.55,true,680.43,ORD-10756,returned,2025-09-24T06:43:13.000Z,bank_transfer,Electronics,PRD-3118,Smart Watch,5,null,web,7.99,standard,WA,168.11,WH-NY-01,late
Weekend Flash,Phoenix,DATA20,USD,CUST-2309,new,2025-10-04T07:24:46.000Z,3,desktop,0,0,1996.11,false,2006.1,ORD-10757,completed,2025-10-01T07:24:46.000Z,bank_transfer,Electronics,PRD-3288,Smart Watch,3,2,web,9.99,same_day,AZ,665.37,WH-NY-01,on_time
Weekend Flash,Boston,SUMMER15,USD,CUST-2374,vip,2025-10-03T16:59:00.000Z,3,mobile,0,0,3418.1,false,3418.1,ORD-10758,completed,2025-09-30T16:59:00.000Z,debit_card,Electronics,PRD-3028,Wireless Earbuds,5,2,mobile_app,0,same_day,MA,683.62,WH-CA-02,on_time
Back to School,San Francisco,FREESHIP,USD,CUST-2062,vip,2025-09-30T11:19:09.000Z,3,tablet,16.99,0.05,339.81,false,322.82,ORD-10759,completed,2025-09-27T11:19:09.000Z,debit_card,Electronics,PRD-3016,Bluetooth Speaker,1,5,marketplace,0,standard,CA,339.81,WH-NY-01,on_time
UNKNOWN,Houston,FREESHIP,USD,CUST-2016,new,2025-09-18T06:09:13.000Z,1,desktop,111.68,0.1,1116.75,false,1005.07,ORD-10760,completed,2025-09-17T06:09:13.000Z,debit_card,Books,PRD-3239,AI for Everyone,5,2,web,0,standard,TX,223.35,WH-NY-01,on_time
Back to School,Los Angeles,FREESHIP,USD,CUST-2230,new,null,null,mobile,57.79,0.05,1155.82,null,1098.03,ORD-10761,cancelled,2025-09-12T16:55:12.000Z,digital_wallet,Fashion,PRD-3289,Jacket,2,null,marketplace,0,standard,CA,577.91,WH-CA-02,on_time
Summer Deals,San Francisco,WELCOME10,USD,CUST-2165,vip,2025-08-31T05:57:23.000Z,6,desktop,222.26,0.15,1481.76,true,1264.49,ORD-10762,shipped,2025-08-25T05:57:23.000Z,digital_wallet,Electronics,PRD-3209,Bluetooth Speaker,4,4,marketplace,4.99,express,CA,370.44,WH-CA-02,late
Weekend Flash,Phoenix,NO_COUPON,USD,CUST-2331,returning,2025-08-09T03:16:56.000Z,2,tablet,108.76,0.05,2175.24,false,2076.47,ORD-10763,completed,2025-08-07T03:16:56.000Z,bank_transfer,Home,PRD-3085,Coffee Machine,4,5,web,9.99,same_day,AZ,543.81,WH-TX-03,on_time
UNKNOWN,San Francisco,DATA20,USD,CUST-2257,vip,2025-09-30T06:25:05.000Z,7,tablet,0,0,3411.85,true,3416.84,ORD-10764,completed,2025-09-23T06:25:05.000Z,credit_card,Sports,PRD-3054,Dumbbell Set,5,4,mobile_app,4.99,express,CA,682.37,WH-TX-03,late
Weekend Flash,Chicago,WELCOME10,USD,CUST-2296,returning,2025-09-12T20:33:42.000Z,7,desktop,237.87,0.2,1189.35,true,959.47,ORD-10765,completed,2025-09-05T20:33:42.000Z,digital_wallet,Home,PRD-3055,LED Lamp,3,5,marketplace,7.99,standard,IL,396.45,WH-TX-03,late
Weekend Flash,New York,SUMMER15,USD,CUST-2488,new,2025-08-18T20:19:52.000Z,2,mobile,80.24,0.2,401.21,false,328.96,ORD-10766,shipped,2025-08-16T20:19:52.000Z,credit_card,Sports,PRD-3016,Yoga Mat,1,4,mobile_app,7.99,standard,NY,401.21,WH-TX-03,on_time
UNKNOWN,Los Angeles,DATA20,USD,CUST-2199,returning,2025-09-17T20:00:44.000Z,5,desktop,36.76,0.1,367.55,true,338.78,ORD-10767,completed,2025-09-12T20:00:44.000Z,digital_wallet,Electronics,PRD-3220,Bluetooth Speaker,1,5,mobile_app,7.99,same_day,CA,367.55,WH-TX-03,late
Back to School,New York,FREESHIP,USD,CUST-2276,new,2025-09-18T23:55:51.000Z,4,tablet,0,0,1215,false,1222.99,ORD-10768,returned,2025-09-14T23:55:51.000Z,credit_card,Books,PRD-3180,Python for Data,3,null,web,7.99,express,NY,405,WH-CA-02,on_time
Back to School,Los Angeles,WELCOME10,USD,CUST-2018,returning,2025-09-01T20:47:21.000Z,2,tablet,0,0,439.55,false,439.55,ORD-10769,shipped,2025-08-30T20:47:21.000Z,digital_wallet,Books,PRD-3232,AI for Everyone,1,1,web,0,standard,CA,439.55,WH-TX-03,on_time
AI Promo,Chicago,FREESHIP,USD,CUST-2130,vip,2025-08-17T22:17:44.000Z,5,tablet,0,0,2996.32,true,3011.31,ORD-10770,completed,2025-08-12T22:17:44.000Z,debit_card,Sports,PRD-3265,Yoga Mat,4,3,mobile_app,14.99,express,IL,749.08,WH-NY-01,late
AI Promo,New York,SUMMER15,USD,CUST-2382,vip,2025-09-04T23:15:00.000Z,4,desktop,0,0,694.24,false,699.23,ORD-10771,returned,2025-08-31T23:15:00.000Z,debit_card,Fashion,PRD-3023,Jacket,2,null,mobile_app,4.99,standard,NY,347.12,WH-TX-03,on_time
UNKNOWN,Boston,DATA20,USD,CUST-2255,returning,2025-08-14T12:47:38.000Z,5,desktop,0,0,573.92,true,578.91,ORD-10772,completed,2025-08-09T12:47:38.000Z,bank_transfer,Books,PRD-3011,SQL Fundamentals,1,1,marketplace,4.99,same_day,MA,573.92,WH-NY-01,late
UNKNOWN,Seattle,NO_COUPON,USD,CUST-2206,vip,2025-08-11T10:05:16.000Z,6,mobile,230.33,0.2,1151.65,true,931.31,ORD-10773,completed,2025-08-05T10:05:16.000Z,debit_card,Books,PRD-3062,Python for Data,5,1,mobile_app,9.99,standard,WA,230.33,WH-NY-01,late
UNKNOWN,Houston,NO_COUPON,USD,CUST-2076,returning,2025-09-08T21:07:35.000Z,1,tablet,0,0,1801.28,false,1806.27,ORD-10774,completed,2025-09-07T21:07:35.000Z,bank_transfer,Books,PRD-3201,AI for Everyone,4,5,mobile_app,4.99,standard,TX,450.32,WH-NY-01,on_time
UNKNOWN,Los Angeles,NO_COUPON,USD,CUST-2340,returning,2025-08-28T15:55:30.000Z,7,desktop,23.63,0.05,472.6,true,453.96,ORD-10775,completed,2025-08-21T15:55:30.000Z,debit_card,Sports,PRD-3110,Cycling Helmet,1,5,web,4.99,express,CA,472.6,WH-TX-03,late
Back to School,Dallas,FREESHIP,USD,CUST-2430,vip,2025-09-03T00:04:36.000Z,2,mobile,0,0,2685,false,2685,ORD-10776,completed,2025-09-01T00:04:36.000Z,credit_card,Electronics,PRD-3135,Smart Watch,5,2,web,0,express,TX,537,WH-CA-02,on_time
Summer Deals,Seattle,SUMMER15,USD,CUST-2331,vip,2025-09-10T15:47:58.000Z,2,mobile,162.18,0.1,1621.83,false,1469.64,ORD-10777,completed,2025-09-08T15:47:58.000Z,digital_wallet,Electronics,PRD-3267,Smart Watch,3,2,mobile_app,9.99,standard,WA,540.61,WH-TX-03,on_time
Summer Deals,New York,SUMMER15,USD,CUST-2414,returning,null,null,tablet,181.49,0.2,907.46,null,725.97,ORD-10778,cancelled,2025-08-24T16:25:17.000Z,digital_wallet,Books,PRD-3168,Python for Data,2,null,web,0,same_day,NY,453.73,WH-CA-02,on_time
Weekend Flash,Boston,WELCOME10,USD,CUST-2323,returning,2025-08-29T01:33:39.000Z,6,desktop,76.15,0.2,380.77,true,314.61,ORD-10779,completed,2025-08-23T01:33:39.000Z,bank_transfer,Sports,PRD-3263,Dumbbell Set,1,5,web,9.99,express,MA,380.77,WH-TX-03,late
UNKNOWN,Houston,WELCOME10,USD,CUST-2097,vip,null,null,tablet,72.7,0.15,484.68,null,421.97,ORD-10780,cancelled,2025-08-18T16:38:27.000Z,bank_transfer,Fashion,PRD-3152,Jacket,3,null,mobile_app,9.99,same_day,TX,161.56,WH-TX-03,on_time
Summer Deals,San Francisco,SUMMER15,USD,CUST-2426,returning,null,null,tablet,0,0,939.16,null,947.15,ORD-10781,cancelled,2025-09-10T15:13:38.000Z,debit_card,Home,PRD-3255,Coffee Machine,2,null,mobile_app,7.99,express,CA,469.58,WH-TX-03,on_time
UNKNOWN,Phoenix,FREESHIP,USD,CUST-2002,new,2025-08-12T16:07:24.000Z,7,desktop,43.46,0.05,869.1,true,840.63,ORD-10782,shipped,2025-08-05T16:07:24.000Z,bank_transfer,Sports,PRD-3254,Resistance Bands,2,2,mobile_app,14.99,same_day,AZ,434.55,WH-CA-02,late
UNKNOWN,Houston,SUMMER15,USD,CUST-2063,returning,2025-09-01T21:24:20.000Z,1,mobile,471.27,0.15,3141.8,false,2670.53,ORD-10783,completed,2025-08-31T21:24:20.000Z,credit_card,Fashion,PRD-3036,Sneakers,4,4,mobile_app,0,same_day,TX,785.45,WH-CA-02,on_time
Weekend Flash,Chicago,SUMMER15,USD,CUST-2124,new,2025-08-11T18:39:46.000Z,3,tablet,0,0,859.35,false,859.35,ORD-10784,completed,2025-08-08T18:39:46.000Z,bank_transfer,Electronics,PRD-3293,Tablet Stand,5,2,mobile_app,0,standard,IL,171.87,WH-NY-01,on_time
Summer Deals,Dallas,FREESHIP,USD,CUST-2415,returning,2025-09-06T03:01:10.000Z,1,mobile,122.45,0.1,1224.52,false,1107.06,ORD-10785,shipped,2025-09-05T03:01:10.000Z,debit_card,Sports,PRD-3127,Cycling Helmet,2,5,mobile_app,4.99,standard,TX,612.26,WH-TX-03,on_time
Summer Deals,Chicago,FREESHIP,USD,CUST-2110,new,2025-09-05T02:55:38.000Z,7,mobile,0,0,230.78,true,238.77,ORD-10786,completed,2025-08-29T02:55:38.000Z,digital_wallet,Home,PRD-3210,Vacuum Cleaner,1,1,mobile_app,7.99,standard,IL,230.78,WH-TX-03,late
Summer Deals,Seattle,WELCOME10,USD,CUST-2430,returning,2025-08-27T18:01:31.000Z,5,mobile,68.82,0.1,688.2,true,634.37,ORD-10787,shipped,2025-08-22T18:01:31.000Z,credit_card,Electronics,PRD-3191,Bluetooth Speaker,4,2,marketplace,14.99,same_day,WA,172.05,WH-NY-01,late
Back to School,Seattle,NO_COUPON,USD,CUST-2492,new,2025-09-19T17:57:14.000Z,4,tablet,51.65,0.05,1032.92,false,986.26,ORD-10788,shipped,2025-09-15T17:57:14.000Z,digital_wallet,Home,PRD-3125,Vacuum Cleaner,4,1,marketplace,4.99,same_day,WA,258.23,WH-CA-02,on_time
UNKNOWN,Boston,WELCOME10,USD,CUST-2138,returning,2025-10-01T21:05:27.000Z,3,desktop,124.39,0.1,1243.88,false,1129.48,ORD-10789,completed,2025-09-28T21:05:27.000Z,debit_card,Fashion,PRD-3081,Jacket,4,5,web,9.99,same_day,MA,310.97,WH-TX-03,on_time
Summer Deals,Dallas,WELCOME10,USD,CUST-2129,new,2025-08-08T06:58:10.000Z,1,desktop,0,0,2350.62,false,2355.61,ORD-10790,shipped,2025-08-07T06:58:10.000Z,bank_transfer,Home,PRD-3232,Air Fryer,3,3,marketplace,4.99,standard,TX,783.54,WH-CA-02,on_time
Weekend Flash,Chicago,FREESHIP,USD,CUST-2401,vip,null,null,desktop,0,0,1280.8,null,1285.79,ORD-10791,cancelled,2025-09-25T10:39:03.000Z,digital_wallet,Home,PRD-3281,Coffee Machine,5,null,mobile_app,4.99,standard,IL,256.16,WH-NY-01,on_time
AI Promo,Houston,WELCOME10,USD,CUST-2189,vip,2025-09-09T11:49:29.000Z,5,mobile,3.16,0.05,63.23,true,65.06,ORD-10792,returned,2025-09-04T11:49:29.000Z,debit_card,Sports,PRD-3274,Yoga Mat,1,null,mobile_app,4.99,standard,TX,63.23,WH-NY-01,late
Weekend Flash,Phoenix,FREESHIP,USD,CUST-2442,vip,2025-08-18T09:30:09.000Z,7,tablet,40.57,0.1,405.72,true,370.14,ORD-10793,completed,2025-08-11T09:30:09.000Z,debit_card,Sports,PRD-3143,Yoga Mat,1,5,web,4.99,express,AZ,405.72,WH-TX-03,late
UNKNOWN,Los Angeles,FREESHIP,USD,CUST-2251,vip,2025-08-14T08:18:29.000Z,5,tablet,0,0,515.71,true,525.7,ORD-10794,returned,2025-08-09T08:18:29.000Z,digital_wallet,Home,PRD-3278,Vacuum Cleaner,1,null,web,9.99,same_day,CA,515.71,WH-CA-02,late
AI Promo,Boston,FREESHIP,USD,CUST-2308,returning,2025-09-03T23:08:51.000Z,1,mobile,301.89,0.1,3018.95,false,2722.05,ORD-10795,completed,2025-09-02T23:08:51.000Z,digital_wallet,Sports,PRD-3212,Resistance Bands,5,4,web,4.99,express,MA,603.79,WH-NY-01,on_time
Summer Deals,San Francisco,FREESHIP,USD,CUST-2203,new,2025-09-05T02:50:48.000Z,6,mobile,120.55,0.1,1205.5,true,1089.94,ORD-10796,completed,2025-08-30T02:50:48.000Z,bank_transfer,Books,PRD-3117,SQL Fundamentals,2,5,mobile_app,4.99,express,CA,602.75,WH-CA-02,late
UNKNOWN,Miami,NO_COUPON,USD,CUST-2028,returning,2025-10-01T12:57:40.000Z,1,desktop,0,0,1504.04,false,1509.03,ORD-10797,completed,2025-09-30T12:57:40.000Z,bank_transfer,Fashion,PRD-3222,Backpack,4,5,web,4.99,express,FL,376.01,WH-TX-03,on_time
Summer Deals,Miami,SUMMER15,USD,CUST-2031,new,2025-10-01T00:10:00.000Z,1,mobile,0,0,190.59,false,198.58,ORD-10798,completed,2025-09-30T00:10:00.000Z,credit_card,Electronics,PRD-3267,Tablet Stand,3,5,marketplace,7.99,express,FL,63.53,WH-CA-02,on_time
Summer Deals,Boston,DATA20,USD,CUST-2250,returning,2025-09-26T00:37:07.000Z,4,mobile,75.18,0.05,1503.6,false,1428.42,ORD-10799,returned,2025-09-22T00:37:07.000Z,credit_card,Books,PRD-3281,AI for Everyone,3,null,marketplace,0,standard,MA,501.2,WH-CA-02,on_time
Summer Deals,Miami,WELCOME10,USD,CUST-2007,new,2025-08-26T16:25:14.000Z,1,desktop,0,0,244.7,false,259.69,ORD-10800,completed,2025-08-25T16:25:14.000Z,digital_wallet,Fashion,PRD-3292,Backpack,2,5,mobile_app,14.99,standard,FL,122.35,WH-TX-03,on_time
UNKNOWN,Boston,NO_COUPON,USD,CUST-2469,new,2025-08-19T07:30:50.000Z,1,desktop,0,0,10.45,false,10.45,ORD-10801,completed,2025-08-18T07:30:50.000Z,digital_wallet,Fashion,PRD-3059,Backpack,1,1,marketplace,0,express,MA,10.45,WH-TX-03,on_time
Back to School,San Francisco,DATA20,USD,CUST-2350,vip,null,null,tablet,465.86,0.2,2329.3,null,1871.43,ORD-10802,cancelled,2025-09-11T05:20:33.000Z,debit_card,Books,PRD-3143,AI for Everyone,5,null,marketplace,7.99,standard,CA,465.86,WH-CA-02,on_time
Back to School,Miami,WELCOME10,USD,CUST-2422,new,2025-08-12T02:19:51.000Z,7,mobile,225.77,0.1,2257.65,true,2041.87,ORD-10803,completed,2025-08-05T02:19:51.000Z,digital_wallet,Fashion,PRD-3113,Jacket,3,4,marketplace,9.99,standard,FL,752.55,WH-TX-03,late
Weekend Flash,Dallas,FREESHIP,USD,CUST-2486,vip,2025-08-24T17:05:15.000Z,2,desktop,134.4,0.1,1343.96,false,1224.55,ORD-10804,shipped,2025-08-22T17:05:15.000Z,digital_wallet,Sports,PRD-3030,Cycling Helmet,4,1,mobile_app,14.99,express,TX,335.99,WH-CA-02,on_time
AI Promo,Miami,SUMMER15,USD,CUST-2221,new,2025-09-06T23:59:25.000Z,5,mobile,37.54,0.05,750.7,true,718.15,ORD-10805,completed,2025-09-01T23:59:25.000Z,debit_card,Electronics,PRD-3085,Bluetooth Speaker,1,2,web,4.99,same_day,FL,750.7,WH-TX-03,late
Weekend Flash,Seattle,FREESHIP,USD,CUST-2358,vip,2025-09-04T23:57:05.000Z,7,mobile,0,0,74.85,true,89.84,ORD-10806,returned,2025-08-28T23:57:05.000Z,debit_card,Electronics,PRD-3002,Wireless Earbuds,1,null,mobile_app,14.99,standard,WA,74.85,WH-CA-02,late
UNKNOWN,San Francisco,SUMMER15,USD,CUST-2405,new,2025-08-09T02:05:02.000Z,5,desktop,6.29,0.05,125.82,true,119.53,ORD-10807,completed,2025-08-04T02:05:02.000Z,bank_transfer,Fashion,PRD-3056,Sneakers,3,5,web,0,same_day,CA,41.94,WH-NY-01,late
AI Promo,Boston,WELCOME10,USD,CUST-2353,returning,2025-09-16T06:32:06.000Z,4,desktop,15.33,0.05,306.5,false,296.16,ORD-10808,shipped,2025-09-12T06:32:06.000Z,digital_wallet,Fashion,PRD-3174,Backpack,5,5,mobile_app,4.99,express,MA,61.3,WH-TX-03,on_time
Weekend Flash,Phoenix,NO_COUPON,USD,CUST-2041,new,2025-08-20T15:29:09.000Z,6,mobile,34.02,0.05,680.4,true,654.37,ORD-10809,completed,2025-08-14T15:29:09.000Z,digital_wallet,Fashion,PRD-3076,T-Shirt,2,3,marketplace,7.99,standard,AZ,340.2,WH-TX-03,late
Back to School,Los Angeles,WELCOME10,USD,CUST-2483,vip,null,null,tablet,0,0,2766.5,null,2776.49,ORD-10810,cancelled,2025-08-28T21:07:59.000Z,digital_wallet,Fashion,PRD-3155,Jacket,5,null,marketplace,9.99,same_day,CA,553.3,WH-CA-02,on_time
Summer Deals,Chicago,WELCOME10,USD,CUST-2495,returning,null,null,desktop,0,0,282.62,null,290.61,ORD-10811,cancelled,2025-08-25T13:52:31.000Z,bank_transfer,Books,PRD-3231,SQL Fundamentals,1,null,marketplace,7.99,same_day,IL,282.62,WH-TX-03,on_time
Back to School,San Francisco,WELCOME10,USD,CUST-2123,vip,2025-08-08T23:56:21.000Z,2,desktop,1.59,0.05,31.76,false,40.16,ORD-10812,completed,2025-08-06T23:56:21.000Z,debit_card,Sports,PRD-3143,Dumbbell Set,2,4,marketplace,9.99,express,CA,15.88,WH-NY-01,on_time
UNKNOWN,San Francisco,DATA20,USD,CUST-2440,vip,null,null,tablet,27.64,0.1,276.37,null,263.72,ORD-10813,cancelled,2025-08-13T14:09:21.000Z,digital_wallet,Fashion,PRD-3141,Jacket,1,null,marketplace,14.99,same_day,CA,276.37,WH-TX-03,on_time
UNKNOWN,Boston,FREESHIP,USD,CUST-2171,new,2025-09-09T17:34:48.000Z,4,tablet,61.81,0.1,618.07,false,571.25,ORD-10814,completed,2025-09-05T17:34:48.000Z,digital_wallet,Home,PRD-3033,Coffee Machine,1,5,web,14.99,express,MA,618.07,WH-TX-03,on_time
Summer Deals,Houston,WELCOME10,USD,CUST-2136,new,2025-09-27T15:42:57.000Z,5,mobile,218.95,0.2,1094.76,true,875.81,ORD-10815,completed,2025-09-22T15:42:57.000Z,digital_wallet,Fashion,PRD-3021,Backpack,3,2,marketplace,0,standard,TX,364.92,WH-NY-01,late
UNKNOWN,Seattle,FREESHIP,USD,CUST-2407,vip,null,null,tablet,289.75,0.15,1931.67,null,1656.91,ORD-10816,cancelled,2025-09-30T21:01:32.000Z,debit_card,Electronics,PRD-3027,Wireless Earbuds,3,null,web,14.99,same_day,WA,643.89,WH-CA-02,on_time
AI Promo,Los Angeles,WELCOME10,USD,CUST-2332,new,2025-09-15T14:00:43.000Z,4,mobile,0,0,1359,false,1373.99,ORD-10817,completed,2025-09-11T14:00:43.000Z,bank_transfer,Home,PRD-3051,Coffee Machine,3,5,web,14.99,standard,CA,453,WH-TX-03,on_time
Back to School,Phoenix,NO_COUPON,USD,CUST-2040,new,2025-08-27T11:48:59.000Z,3,mobile,290.28,0.2,1451.4,false,1166.11,ORD-10818,completed,2025-08-24T11:48:59.000Z,bank_transfer,Books,PRD-3123,SQL Fundamentals,2,4,mobile_app,4.99,standard,AZ,725.7,WH-CA-02,on_time
Weekend Flash,San Francisco,DATA20,USD,CUST-2199,new,2025-08-19T10:22:50.000Z,1,desktop,330.82,0.2,1654.08,false,1338.25,ORD-10819,completed,2025-08-18T10:22:50.000Z,credit_card,Electronics,PRD-3010,Tablet Stand,4,4,marketplace,14.99,standard,CA,413.52,WH-NY-01,on_time
Weekend Flash,San Francisco,DATA20,USD,CUST-2109,new,2025-09-28T20:50:48.000Z,4,tablet,0,0,1164.51,false,1172.5,ORD-10820,completed,2025-09-24T20:50:48.000Z,credit_card,Home,PRD-3248,Vacuum Cleaner,3,2,mobile_app,7.99,same_day,CA,388.17,WH-TX-03,on_time
Back to School,Miami,NO_COUPON,USD,CUST-2341,returning,2025-08-08T22:12:00.000Z,5,desktop,0,0,947.85,true,947.85,ORD-10821,completed,2025-08-03T22:12:00.000Z,bank_transfer,Sports,PRD-3213,Resistance Bands,3,3,marketplace,0,express,FL,315.95,WH-NY-01,late
Back to School,Los Angeles,DATA20,USD,CUST-2403,vip,2025-09-07T07:48:21.000Z,1,mobile,191.35,0.1,1913.52,false,1737.16,ORD-10822,shipped,2025-09-06T07:48:21.000Z,digital_wallet,Sports,PRD-3160,Yoga Mat,4,3,web,14.99,express,CA,478.38,WH-NY-01,on_time
Weekend Flash,New York,NO_COUPON,USD,CUST-2158,vip,2025-08-25T21:04:33.000Z,3,desktop,0,0,2239.08,false,2247.07,ORD-10823,completed,2025-08-22T21:04:33.000Z,bank_transfer,Fashion,PRD-3012,Backpack,4,1,web,7.99,express,NY,559.77,WH-TX-03,on_time
UNKNOWN,Los Angeles,DATA20,USD,CUST-2119,new,2025-08-23T11:11:36.000Z,2,desktop,14.82,0.05,296.4,false,289.57,ORD-10824,shipped,2025-08-21T11:11:36.000Z,credit_card,Home,PRD-3282,Air Fryer,1,4,web,7.99,same_day,CA,296.4,WH-TX-03,on_time
Summer Deals,Dallas,NO_COUPON,USD,CUST-2071,new,2025-10-01T21:05:42.000Z,3,tablet,0,0,357.36,false,365.35,ORD-10825,completed,2025-09-28T21:05:42.000Z,digital_wallet,Fashion,PRD-3003,Jacket,4,3,mobile_app,7.99,standard,TX,89.34,WH-CA-02,on_time
Back to School,Seattle,WELCOME10,USD,CUST-2323,new,2025-08-12T18:10:11.000Z,6,mobile,164.09,0.15,1093.9,true,934.8,ORD-10826,shipped,2025-08-06T18:10:11.000Z,debit_card,Sports,PRD-3065,Yoga Mat,5,4,web,4.99,express,WA,218.78,WH-TX-03,late
AI Promo,Dallas,DATA20,USD,CUST-2271,returning,2025-08-17T03:42:24.000Z,2,mobile,0,0,798.4,false,808.39,ORD-10827,returned,2025-08-15T03:42:24.000Z,digital_wallet,Fashion,PRD-3208,Backpack,2,null,web,9.99,same_day,TX,399.2,WH-CA-02,on_time
Back to School,Houston,NO_COUPON,USD,CUST-2354,new,2025-09-06T08:07:25.000Z,5,mobile,341.07,0.2,1705.35,true,1379.27,ORD-10828,completed,2025-09-01T08:07:25.000Z,debit_card,Sports,PRD-3298,Yoga Mat,3,5,marketplace,14.99,standard,TX,568.45,WH-NY-01,late
Weekend Flash,Houston,SUMMER15,USD,CUST-2057,vip,null,null,desktop,0,0,1100.82,null,1108.81,ORD-10829,cancelled,2025-08-09T02:00:41.000Z,debit_card,Electronics,PRD-3055,Wireless Earbuds,2,null,mobile_app,7.99,express,TX,550.41,WH-NY-01,on_time
Summer Deals,Los Angeles,WELCOME10,USD,CUST-2326,new,2025-09-15T16:28:42.000Z,2,desktop,625.62,0.2,3128.12,false,2517.49,ORD-10830,returned,2025-09-13T16:28:42.000Z,debit_card,Fashion,PRD-3181,Jacket,4,null,mobile_app,14.99,express,CA,782.03,WH-CA-02,on_time
Back to School,Seattle,SUMMER15,USD,CUST-2212,new,2025-09-25T09:47:29.000Z,5,mobile,0,0,49.68,true,49.68,ORD-10831,completed,2025-09-20T09:47:29.000Z,debit_card,Electronics,PRD-3146,Bluetooth Speaker,4,5,web,0,express,WA,12.42,WH-CA-02,late
Weekend Flash,Dallas,WELCOME10,USD,CUST-2246,new,2025-09-18T16:53:30.000Z,4,mobile,56.96,0.1,569.6,false,517.63,ORD-10832,completed,2025-09-14T16:53:30.000Z,digital_wallet,Electronics,PRD-3009,Tablet Stand,2,4,web,4.99,express,TX,284.8,WH-TX-03,on_time
AI Promo,Dallas,NO_COUPON,USD,CUST-2383,returning,2025-09-20T11:17:55.000Z,6,mobile,99.66,0.15,664.38,true,572.71,ORD-10833,shipped,2025-09-14T11:17:55.000Z,debit_card,Home,PRD-3291,Air Fryer,3,5,mobile_app,7.99,express,TX,221.46,WH-NY-01,late
AI Promo,Dallas,WELCOME10,USD,CUST-2291,returning,2025-08-09T18:49:44.000Z,7,desktop,0,0,2528.7,true,2533.69,ORD-10834,shipped,2025-08-02T18:49:44.000Z,credit_card,Sports,PRD-3100,Dumbbell Set,5,2,mobile_app,4.99,same_day,TX,505.74,WH-TX-03,late
UNKNOWN,Seattle,SUMMER15,USD,CUST-2456,new,2025-09-11T02:22:06.000Z,4,mobile,378.47,0.2,1892.36,false,1528.88,ORD-10835,completed,2025-09-07T02:22:06.000Z,digital_wallet,Fashion,PRD-3173,Jacket,4,5,web,14.99,standard,WA,473.09,WH-CA-02,on_time
Weekend Flash,Miami,NO_COUPON,USD,CUST-2105,returning,2025-08-10T02:57:08.000Z,2,tablet,153.29,0.2,766.43,false,613.14,ORD-10836,completed,2025-08-08T02:57:08.000Z,digital_wallet,Home,PRD-3038,Coffee Machine,1,3,web,0,same_day,FL,766.43,WH-NY-01,on_time
UNKNOWN,Houston,NO_COUPON,USD,CUST-2048,returning,2025-09-01T11:17:41.000Z,5,tablet,0,0,259.56,true,274.55,ORD-10837,completed,2025-08-27T11:17:41.000Z,bank_transfer,Home,PRD-3061,LED Lamp,3,5,mobile_app,14.99,same_day,TX,86.52,WH-TX-03,late
Summer Deals,Houston,DATA20,USD,CUST-2052,new,2025-10-06T23:52:13.000Z,7,tablet,0,0,2771.55,true,2771.55,ORD-10838,completed,2025-09-29T23:52:13.000Z,bank_transfer,Electronics,PRD-3118,Tablet Stand,5,5,marketplace,0,standard,TX,554.31,WH-TX-03,late
Weekend Flash,San Francisco,WELCOME10,USD,CUST-2422,new,2025-09-14T02:01:42.000Z,3,tablet,0,0,898.94,false,898.94,ORD-10839,completed,2025-09-11T02:01:42.000Z,debit_card,Fashion,PRD-3024,T-Shirt,2,4,mobile_app,0,standard,CA,449.47,WH-NY-01,on_time
Summer Deals,Phoenix,NO_COUPON,USD,CUST-2322,returning,2025-08-09T11:46:58.000Z,6,desktop,159.81,0.15,1065.42,true,910.6,ORD-10840,completed,2025-08-03T11:46:58.000Z,debit_card,Books,PRD-3079,Python for Data,2,5,marketplace,4.99,express,AZ,532.71,WH-NY-01,late
Weekend Flash,Chicago,DATA20,USD,CUST-2223,new,2025-09-20T13:13:04.000Z,2,mobile,0,0,1724.36,false,1724.36,ORD-10841,completed,2025-09-18T13:13:04.000Z,bank_transfer,Fashion,PRD-3137,Sneakers,4,4,marketplace,0,express,IL,431.09,WH-TX-03,on_time
Summer Deals,Dallas,SUMMER15,USD,CUST-2475,vip,2025-09-26T22:17:20.000Z,3,mobile,0,0,3053.44,false,3068.43,ORD-10842,shipped,2025-09-23T22:17:20.000Z,digital_wallet,Sports,PRD-3208,Dumbbell Set,4,5,mobile_app,14.99,same_day,TX,763.36,WH-NY-01,on_time
Weekend Flash,Boston,DATA20,USD,CUST-2298,vip,null,null,mobile,288.66,0.2,1443.32,null,1169.65,ORD-10843,cancelled,2025-09-30T11:35:30.000Z,debit_card,Electronics,PRD-3028,Smart Watch,2,null,marketplace,14.99,same_day,MA,721.66,WH-NY-01,on_time
Back to School,Houston,WELCOME10,USD,CUST-2424,new,2025-09-07T01:05:16.000Z,3,desktop,0,0,1003.9,false,1011.89,ORD-10844,completed,2025-09-04T01:05:16.000Z,debit_card,Electronics,PRD-3252,Wireless Earbuds,5,4,mobile_app,7.99,standard,TX,200.78,WH-TX-03,on_time
Weekend Flash,Chicago,NO_COUPON,USD,CUST-2017,new,2025-09-06T13:43:17.000Z,7,tablet,0,0,332.15,true,340.14,ORD-10845,completed,2025-08-30T13:43:17.000Z,credit_card,Sports,PRD-3013,Resistance Bands,5,3,mobile_app,7.99,express,IL,66.43,WH-TX-03,late
Back to School,Boston,SUMMER15,USD,CUST-2323,vip,2025-09-22T01:41:23.000Z,1,mobile,0,0,2213.96,false,2223.95,ORD-10846,returned,2025-09-21T01:41:23.000Z,bank_transfer,Electronics,PRD-3077,Wireless Earbuds,4,null,marketplace,9.99,express,MA,553.49,WH-TX-03,on_time
Back to School,Phoenix,SUMMER15,USD,CUST-2078,new,2025-09-16T02:34:30.000Z,3,tablet,0,0,679.15,false,694.14,ORD-10847,completed,2025-09-13T02:34:30.000Z,digital_wallet,Fashion,PRD-3022,Jacket,5,4,web,14.99,express,AZ,135.83,WH-TX-03,on_time
UNKNOWN,Seattle,WELCOME10,USD,CUST-2186,vip,2025-10-02T15:24:22.000Z,6,desktop,0,0,44.88,true,52.87,ORD-10848,completed,2025-09-26T15:24:22.000Z,digital_wallet,Books,PRD-3272,Python for Data,1,4,marketplace,7.99,express,WA,44.88,WH-NY-01,late
Summer Deals,Houston,DATA20,USD,CUST-2088,vip,2025-08-28T05:03:23.000Z,3,tablet,0,0,3200.9,false,3208.89,ORD-10849,returned,2025-08-25T05:03:23.000Z,credit_card,Books,PRD-3022,SQL Fundamentals,5,null,web,7.99,same_day,TX,640.18,WH-NY-01,on_time
UNKNOWN,Seattle,NO_COUPON,USD,CUST-2065,new,2025-09-16T19:50:01.000Z,7,desktop,250.53,0.15,1670.2,true,1429.66,ORD-10850,shipped,2025-09-09T19:50:01.000Z,digital_wallet,Home,PRD-3025,Vacuum Cleaner,5,4,mobile_app,9.99,express,WA,334.04,WH-NY-01,late
Weekend Flash,Dallas,FREESHIP,USD,CUST-2194,vip,2025-09-07T23:31:56.000Z,2,tablet,130,0.2,650.01,false,525,ORD-10851,shipped,2025-09-05T23:31:56.000Z,bank_transfer,Sports,PRD-3033,Yoga Mat,3,5,mobile_app,4.99,standard,TX,216.67,WH-TX-03,on_time
Weekend Flash,Los Angeles,WELCOME10,USD,CUST-2158,returning,null,null,mobile,299.44,0.2,1497.21,null,1202.76,ORD-10852,cancelled,2025-09-04T02:41:42.000Z,digital_wallet,Home,PRD-3011,Coffee Machine,3,null,web,4.99,same_day,CA,499.07,WH-CA-02,on_time
Weekend Flash,Dallas,NO_COUPON,USD,CUST-2200,new,null,null,desktop,0,0,276.69,null,286.68,ORD-10853,cancelled,2025-09-25T09:52:24.000Z,debit_card,Books,PRD-3149,SQL Fundamentals,3,null,web,9.99,express,TX,92.23,WH-TX-03,on_time
Weekend Flash,San Francisco,WELCOME10,USD,CUST-2263,vip,2025-09-07T20:19:26.000Z,7,tablet,48.43,0.2,242.13,true,193.7,ORD-10854,completed,2025-08-31T20:19:26.000Z,credit_card,Fashion,PRD-3012,Backpack,1,5,marketplace,0,express,CA,242.13,WH-TX-03,late
Weekend Flash,Dallas,SUMMER15,USD,CUST-2353,returning,null,null,desktop,99.9,0.05,1998.09,null,1903.18,ORD-10855,cancelled,2025-08-31T03:53:44.000Z,debit_card,Sports,PRD-3030,Dumbbell Set,3,null,mobile_app,4.99,standard,TX,666.03,WH-NY-01,on_time
UNKNOWN,San Francisco,NO_COUPON,USD,CUST-2270,returning,2025-09-22T12:51:06.000Z,1,mobile,47.38,0.1,473.83,false,431.44,ORD-10856,completed,2025-09-21T12:51:06.000Z,debit_card,Home,PRD-3279,LED Lamp,1,1,marketplace,4.99,standard,CA,473.83,WH-NY-01,on_time
UNKNOWN,Houston,FREESHIP,USD,CUST-2471,vip,2025-10-02T21:54:02.000Z,6,desktop,0,0,349.26,true,349.26,ORD-10857,completed,2025-09-26T21:54:02.000Z,credit_card,Books,PRD-3168,SQL Fundamentals,3,4,marketplace,0,express,TX,116.42,WH-CA-02,late
Summer Deals,Dallas,NO_COUPON,USD,CUST-2213,new,2025-09-24T08:37:06.000Z,3,mobile,0,0,36.86,false,36.86,ORD-10858,returned,2025-09-21T08:37:06.000Z,debit_card,Sports,PRD-3269,Yoga Mat,2,null,marketplace,0,same_day,TX,18.43,WH-CA-02,on_time
Back to School,Miami,NO_COUPON,USD,CUST-2189,vip,2025-10-04T08:56:39.000Z,6,mobile,0,0,2930.6,true,2940.59,ORD-10859,completed,2025-09-28T08:56:39.000Z,bank_transfer,Books,PRD-3030,AI for Everyone,5,2,web,9.99,same_day,FL,586.12,WH-NY-01,late
Weekend Flash,Dallas,WELCOME10,USD,CUST-2388,returning,2025-09-03T00:30:21.000Z,7,mobile,0,0,288,true,292.99,ORD-10860,completed,2025-08-27T00:30:21.000Z,debit_card,Sports,PRD-3081,Cycling Helmet,3,4,mobile_app,4.99,standard,TX,96,WH-CA-02,late
Summer Deals,Phoenix,SUMMER15,USD,CUST-2482,vip,2025-09-18T07:54:46.000Z,3,desktop,17.02,0.05,340.43,false,323.41,ORD-10861,completed,2025-09-15T07:54:46.000Z,debit_card,Fashion,PRD-3011,Jacket,1,2,mobile_app,0,express,AZ,340.43,WH-CA-02,on_time
Summer Deals,Seattle,NO_COUPON,USD,CUST-2185,returning,2025-10-01T09:12:55.000Z,1,tablet,20.41,0.1,204.08,false,183.67,ORD-10862,shipped,2025-09-30T09:12:55.000Z,digital_wallet,Electronics,PRD-3046,Wireless Earbuds,2,5,web,0,standard,WA,102.04,WH-NY-01,on_time
Weekend Flash,San Francisco,FREESHIP,USD,CUST-2224,vip,2025-08-28T09:52:27.000Z,5,desktop,76.27,0.05,1525.4,true,1457.12,ORD-10863,shipped,2025-08-23T09:52:27.000Z,debit_card,Home,PRD-3249,Air Fryer,2,4,mobile_app,7.99,same_day,CA,762.7,WH-TX-03,late
Weekend Flash,Phoenix,WELCOME10,USD,CUST-2122,returning,2025-09-23T00:28:49.000Z,2,tablet,45.67,0.15,304.5,false,258.83,ORD-10864,completed,2025-09-21T00:28:49.000Z,digital_wallet,Fashion,PRD-3271,Sneakers,3,5,marketplace,0,standard,AZ,101.5,WH-NY-01,on_time
UNKNOWN,San Francisco,NO_COUPON,USD,CUST-2412,returning,2025-09-13T09:32:23.000Z,5,tablet,15.66,0.1,156.57,true,140.91,ORD-10865,shipped,2025-09-08T09:32:23.000Z,digital_wallet,Sports,PRD-3094,Yoga Mat,3,4,web,0,express,CA,52.19,WH-NY-01,late
UNKNOWN,Seattle,SUMMER15,USD,CUST-2046,vip,2025-10-01T01:41:38.000Z,7,mobile,307.82,0.1,3078.2,true,2778.37,ORD-10866,shipped,2025-09-24T01:41:38.000Z,digital_wallet,Sports,PRD-3275,Resistance Bands,5,1,web,7.99,same_day,WA,615.64,WH-NY-01,late
UNKNOWN,Chicago,FREESHIP,USD,CUST-2430,new,2025-09-11T14:11:56.000Z,2,mobile,60.65,0.05,1212.9,false,1167.24,ORD-10867,completed,2025-09-09T14:11:56.000Z,credit_card,Fashion,PRD-3221,Sneakers,5,4,web,14.99,express,IL,242.58,WH-TX-03,on_time
UNKNOWN,New York,DATA20,USD,CUST-2111,returning,null,null,tablet,13.24,0.1,132.45,null,129.2,ORD-10868,cancelled,2025-09-27T08:41:28.000Z,debit_card,Sports,PRD-3117,Resistance Bands,1,null,marketplace,9.99,express,NY,132.45,WH-CA-02,on_time
Weekend Flash,Houston,SUMMER15,USD,CUST-2061,new,null,null,tablet,0,0,2646.15,null,2654.14,ORD-10869,cancelled,2025-09-22T08:57:22.000Z,credit_card,Sports,PRD-3223,Dumbbell Set,5,null,marketplace,7.99,same_day,TX,529.23,WH-CA-02,on_time
Weekend Flash,Boston,FREESHIP,USD,CUST-2038,new,null,null,tablet,0,0,1058.94,null,1073.93,ORD-10870,cancelled,2025-08-26T02:24:22.000Z,credit_card,Fashion,PRD-3247,Backpack,3,null,mobile_app,14.99,same_day,MA,352.98,WH-NY-01,on_time
Weekend Flash,Dallas,NO_COUPON,USD,CUST-2436,vip,2025-09-21T16:25:34.000Z,2,tablet,39.23,0.05,784.57,false,750.33,ORD-10871,completed,2025-09-19T16:25:34.000Z,debit_card,Fashion,PRD-3021,Jacket,1,5,web,4.99,express,TX,784.57,WH-NY-01,on_time
Back to School,New York,NO_COUPON,USD,CUST-2417,vip,2025-08-09T20:32:12.000Z,1,mobile,0,0,1937.24,false,1937.24,ORD-10872,completed,2025-08-08T20:32:12.000Z,digital_wallet,Sports,PRD-3025,Resistance Bands,4,5,web,0,same_day,NY,484.31,WH-TX-03,on_time
AI Promo,Phoenix,FREESHIP,USD,CUST-2323,vip,2025-08-06T22:26:49.000Z,2,tablet,101.52,0.2,507.59,false,414.06,ORD-10873,returned,2025-08-04T22:26:49.000Z,debit_card,Electronics,PRD-3227,Bluetooth Speaker,1,null,mobile_app,7.99,standard,AZ,507.59,WH-NY-01,on_time
Back to School,Phoenix,DATA20,USD,CUST-2372,returning,2025-08-25T20:10:03.000Z,6,tablet,287.05,0.1,2870.48,true,2598.42,ORD-10874,completed,2025-08-19T20:10:03.000Z,debit_card,Fashion,PRD-3067,Sneakers,4,4,web,14.99,express,AZ,717.62,WH-TX-03,late
Weekend Flash,Los Angeles,NO_COUPON,USD,CUST-2204,vip,2025-09-22T03:04:49.000Z,7,tablet,0,0,739.03,true,754.02,ORD-10875,completed,2025-09-15T03:04:49.000Z,debit_card,Books,PRD-3135,Data Engineering Basics,1,3,marketplace,14.99,standard,CA,739.03,WH-CA-02,late
Summer Deals,Houston,NO_COUPON,USD,CUST-2238,new,2025-08-14T19:58:25.000Z,1,mobile,114.57,0.05,2291.43,false,2181.85,ORD-10876,completed,2025-08-13T19:58:25.000Z,debit_card,Electronics,PRD-3053,Smart Watch,3,4,mobile_app,4.99,standard,TX,763.81,WH-NY-01,on_time
UNKNOWN,Houston,SUMMER15,USD,CUST-2112,returning,2025-09-06T01:36:22.000Z,4,tablet,0,0,1985.64,false,1995.63,ORD-10877,completed,2025-09-02T01:36:22.000Z,bank_transfer,Books,PRD-3280,SQL Fundamentals,3,5,mobile_app,9.99,express,TX,661.88,WH-NY-01,on_time
Back to School,Chicago,FREESHIP,USD,CUST-2232,new,2025-08-06T11:27:17.000Z,3,desktop,9.55,0.05,191,false,196.44,ORD-10878,completed,2025-08-03T11:27:17.000Z,digital_wallet,Sports,PRD-3053,Cycling Helmet,4,5,marketplace,14.99,same_day,IL,47.75,WH-NY-01,on_time
UNKNOWN,Miami,FREESHIP,USD,CUST-2053,vip,2025-09-17T10:56:31.000Z,7,desktop,0,0,732.98,true,737.97,ORD-10879,shipped,2025-09-10T10:56:31.000Z,debit_card,Books,PRD-3266,SQL Fundamentals,1,4,mobile_app,4.99,same_day,FL,732.98,WH-CA-02,late
UNKNOWN,Miami,FREESHIP,USD,CUST-2210,new,2025-08-18T11:54:32.000Z,2,mobile,0,0,779,false,793.99,ORD-10880,shipped,2025-08-16T11:54:32.000Z,credit_card,Sports,PRD-3294,Resistance Bands,4,5,web,14.99,express,FL,194.75,WH-TX-03,on_time
Weekend Flash,Seattle,NO_COUPON,USD,CUST-2187,new,2025-08-23T20:33:49.000Z,7,tablet,36.83,0.1,368.32,true,341.48,ORD-10881,completed,2025-08-16T20:33:49.000Z,debit_card,Books,PRD-3074,Python for Data,1,3,web,9.99,standard,WA,368.32,WH-TX-03,late
UNKNOWN,San Francisco,DATA20,USD,CUST-2136,returning,null,null,mobile,62.47,0.2,312.36,null,257.88,ORD-10882,cancelled,2025-08-01T18:34:28.000Z,debit_card,Fashion,PRD-3038,Backpack,4,null,marketplace,7.99,standard,CA,78.09,WH-NY-01,on_time
Back to School,San Francisco,NO_COUPON,USD,CUST-2320,vip,2025-09-11T01:49:43.000Z,3,desktop,0,0,3877.2,false,3892.19,ORD-10883,completed,2025-09-08T01:49:43.000Z,debit_card,Sports,PRD-3280,Resistance Bands,5,2,marketplace,14.99,standard,CA,775.44,WH-CA-02,on_time
Back to School,New York,DATA20,USD,CUST-2067,returning,null,null,desktop,266.62,0.1,2666.15,null,2414.52,ORD-10884,cancelled,2025-09-16T06:16:32.000Z,credit_card,Sports,PRD-3263,Dumbbell Set,5,null,marketplace,14.99,same_day,NY,533.23,WH-CA-02,on_time
Summer Deals,San Francisco,WELCOME10,USD,CUST-2230,returning,2025-08-08T19:59:11.000Z,2,mobile,154.06,0.2,770.32,false,626.25,ORD-10885,shipped,2025-08-06T19:59:11.000Z,credit_card,Books,PRD-3277,Data Engineering Basics,1,2,web,9.99,same_day,CA,770.32,WH-CA-02,on_time
UNKNOWN,Seattle,WELCOME10,USD,CUST-2320,vip,2025-09-06T23:24:34.000Z,2,tablet,231.33,0.1,2313.32,false,2096.98,ORD-10886,returned,2025-09-04T23:24:34.000Z,debit_card,Electronics,PRD-3255,Wireless Earbuds,4,null,web,14.99,express,WA,578.33,WH-TX-03,on_time
Summer Deals,Houston,NO_COUPON,USD,CUST-2406,new,null,null,mobile,158.63,0.05,3172.6,null,3028.96,ORD-10887,cancelled,2025-08-01T20:41:11.000Z,bank_transfer,Books,PRD-3138,Python for Data,5,null,web,14.99,express,TX,634.52,WH-TX-03,on_time
UNKNOWN,Boston,WELCOME10,USD,CUST-2383,returning,2025-08-13T16:57:34.000Z,2,desktop,91.93,0.2,459.66,false,367.73,ORD-10888,returned,2025-08-11T16:57:34.000Z,digital_wallet,Fashion,PRD-3129,T-Shirt,1,null,web,0,express,MA,459.66,WH-CA-02,on_time
Summer Deals,Houston,DATA20,USD,CUST-2405,returning,2025-09-16T15:40:08.000Z,6,mobile,165.73,0.05,3314.55,true,3153.81,ORD-10889,shipped,2025-09-10T15:40:08.000Z,credit_card,Home,PRD-3280,LED Lamp,5,5,mobile_app,4.99,express,TX,662.91,WH-NY-01,late
Weekend Flash,Phoenix,SUMMER15,USD,CUST-2485,vip,2025-08-17T18:24:10.000Z,5,tablet,94.45,0.2,472.26,true,387.8,ORD-10890,completed,2025-08-12T18:24:10.000Z,bank_transfer,Electronics,PRD-3114,Bluetooth Speaker,3,2,mobile_app,9.99,standard,AZ,157.42,WH-TX-03,late
Weekend Flash,Los Angeles,SUMMER15,USD,CUST-2313,returning,2025-09-08T16:24:54.000Z,5,tablet,60.34,0.2,301.69,true,251.34,ORD-10891,completed,2025-09-03T16:24:54.000Z,debit_card,Sports,PRD-3148,Resistance Bands,1,3,web,9.99,standard,CA,301.69,WH-CA-02,late
Weekend Flash,Boston,NO_COUPON,USD,CUST-2361,returning,2025-09-05T13:03:12.000Z,5,mobile,74.18,0.1,741.79,true,682.6,ORD-10892,returned,2025-08-31T13:03:12.000Z,credit_card,Electronics,PRD-3138,Wireless Earbuds,1,null,marketplace,14.99,express,MA,741.79,WH-CA-02,late
Summer Deals,Phoenix,NO_COUPON,USD,CUST-2419,returning,2025-08-15T11:13:46.000Z,2,tablet,12.1,0.05,241.98,false,237.87,ORD-10893,completed,2025-08-13T11:13:46.000Z,debit_card,Electronics,PRD-3269,Bluetooth Speaker,1,5,web,7.99,express,AZ,241.98,WH-CA-02,on_time
Weekend Flash,New York,FREESHIP,USD,CUST-2197,vip,2025-08-22T10:02:49.000Z,3,mobile,305.06,0.2,1525.32,false,1220.26,ORD-10894,completed,2025-08-19T10:02:49.000Z,credit_card,Electronics,PRD-3269,Bluetooth Speaker,2,1,marketplace,0,same_day,NY,762.66,WH-CA-02,on_time
Summer Deals,New York,FREESHIP,USD,CUST-2214,new,2025-09-26T19:25:10.000Z,2,tablet,84.39,0.15,562.6,false,493.2,ORD-10895,completed,2025-09-24T19:25:10.000Z,digital_wallet,Fashion,PRD-3260,Jacket,5,2,web,14.99,same_day,NY,112.52,WH-CA-02,on_time
UNKNOWN,Phoenix,WELCOME10,USD,CUST-2494,returning,2025-09-24T05:17:34.000Z,6,tablet,179.66,0.15,1197.72,true,1026.05,ORD-10896,completed,2025-09-18T05:17:34.000Z,debit_card,Home,PRD-3148,Vacuum Cleaner,3,2,web,7.99,express,AZ,399.24,WH-NY-01,late
Weekend Flash,Los Angeles,SUMMER15,USD,CUST-2038,new,2025-08-12T17:23:40.000Z,2,tablet,0,0,30.06,false,30.06,ORD-10897,shipped,2025-08-10T17:23:40.000Z,bank_transfer,Books,PRD-3060,AI for Everyone,1,5,mobile_app,0,standard,CA,30.06,WH-NY-01,on_time
Summer Deals,San Francisco,FREESHIP,USD,CUST-2146,vip,2025-09-07T07:11:43.000Z,1,tablet,14.68,0.2,73.38,false,68.69,ORD-10898,completed,2025-09-06T07:11:43.000Z,digital_wallet,Fashion,PRD-3197,T-Shirt,2,5,marketplace,9.99,standard,CA,36.69,WH-TX-03,on_time
Back to School,Houston,SUMMER15,USD,CUST-2434,vip,2025-09-12T21:09:47.000Z,1,tablet,576.09,0.2,2880.44,false,2312.34,ORD-10899,completed,2025-09-11T21:09:47.000Z,bank_transfer,Books,PRD-3086,Data Engineering Basics,4,5,marketplace,7.99,standard,TX,720.11,WH-TX-03,on_time
Back to School,Houston,NO_COUPON,USD,CUST-2004,vip,null,null,tablet,0,0,1184.54,null,1189.53,ORD-10900,cancelled,2025-08-14T03:09:56.000Z,digital_wallet,Home,PRD-3048,Air Fryer,2,null,web,4.99,same_day,TX,592.27,WH-NY-01,on_time
AI Promo,Dallas,FREESHIP,USD,CUST-2242,returning,2025-09-01T19:01:34.000Z,2,tablet,0,0,434.58,false,449.57,ORD-10901,returned,2025-08-30T19:01:34.000Z,debit_card,Home,PRD-3045,Coffee Machine,2,null,marketplace,14.99,standard,TX,217.29,WH-CA-02,on_time
UNKNOWN,Miami,FREESHIP,USD,CUST-2167,new,2025-09-07T12:24:09.000Z,7,mobile,270,0.15,1799.97,true,1537.96,ORD-10902,shipped,2025-08-31T12:24:09.000Z,digital_wallet,Fashion,PRD-3262,Jacket,3,3,marketplace,7.99,same_day,FL,599.99,WH-NY-01,late
AI Promo,Los Angeles,DATA20,USD,CUST-2102,returning,2025-08-10T04:30:11.000Z,1,tablet,177.6,0.2,888.02,false,720.41,ORD-10903,completed,2025-08-09T04:30:11.000Z,debit_card,Books,PRD-3112,Python for Data,2,5,marketplace,9.99,standard,CA,444.01,WH-NY-01,on_time
AI Promo,Chicago,WELCOME10,USD,CUST-2121,vip,2025-09-26T18:42:54.000Z,5,mobile,0,0,1190.78,true,1200.77,ORD-10904,completed,2025-09-21T18:42:54.000Z,bank_transfer,Home,PRD-3122,Vacuum Cleaner,2,5,marketplace,9.99,same_day,IL,595.39,WH-TX-03,late
UNKNOWN,Houston,SUMMER15,USD,CUST-2381,returning,null,null,mobile,39.44,0.05,788.88,null,759.43,ORD-10905,cancelled,2025-08-08T23:46:41.000Z,debit_card,Sports,PRD-3202,Dumbbell Set,3,null,mobile_app,9.99,standard,TX,262.96,WH-CA-02,on_time
Summer Deals,Phoenix,WELCOME10,USD,CUST-2226,new,2025-09-11T02:28:00.000Z,2,mobile,0,0,492.86,false,502.85,ORD-10906,shipped,2025-09-09T02:28:00.000Z,digital_wallet,Fashion,PRD-3170,T-Shirt,1,4,mobile_app,9.99,same_day,AZ,492.86,WH-TX-03,on_time
Weekend Flash,Los Angeles,FREESHIP,USD,CUST-2015,vip,2025-10-03T01:58:33.000Z,2,mobile,0,0,1707.78,false,1722.77,ORD-10907,completed,2025-10-01T01:58:33.000Z,credit_card,Home,PRD-3187,Coffee Machine,3,4,mobile_app,14.99,same_day,CA,569.26,WH-NY-01,on_time
Weekend Flash,New York,DATA20,USD,CUST-2351,new,2025-09-09T00:32:55.000Z,5,tablet,366.71,0.15,2444.76,true,2088.04,ORD-10908,completed,2025-09-04T00:32:55.000Z,bank_transfer,Electronics,PRD-3191,Bluetooth Speaker,4,5,marketplace,9.99,standard,NY,611.19,WH-TX-03,late
Weekend Flash,Dallas,FREESHIP,USD,CUST-2042,vip,null,null,desktop,0,0,640.97,null,640.97,ORD-10909,cancelled,2025-08-18T17:15:59.000Z,credit_card,Books,PRD-3057,Python for Data,1,null,marketplace,0,express,TX,640.97,WH-NY-01,on_time
Weekend Flash,Boston,WELCOME10,USD,CUST-2245,returning,2025-09-18T19:42:01.000Z,1,tablet,0,0,3126.85,false,3141.84,ORD-10910,completed,2025-09-17T19:42:01.000Z,credit_card,Electronics,PRD-3262,Wireless Earbuds,5,5,marketplace,14.99,same_day,MA,625.37,WH-NY-01,on_time
Summer Deals,Boston,WELCOME10,USD,CUST-2078,vip,null,null,mobile,37.65,0.1,376.45,null,338.8,ORD-10911,cancelled,2025-09-08T11:09:25.000Z,credit_card,Books,PRD-3107,Data Engineering Basics,5,null,mobile_app,0,same_day,MA,75.29,WH-CA-02,on_time
Weekend Flash,Miami,SUMMER15,USD,CUST-2317,vip,2025-08-27T20:06:08.000Z,2,desktop,0,0,100.98,false,100.98,ORD-10912,completed,2025-08-25T20:06:08.000Z,digital_wallet,Home,PRD-3070,Air Fryer,1,4,mobile_app,0,standard,FL,100.98,WH-TX-03,on_time
AI Promo,Houston,WELCOME10,USD,CUST-2398,vip,2025-08-17T01:00:42.000Z,2,mobile,184.72,0.1,1847.16,false,1670.43,ORD-10913,completed,2025-08-15T01:00:42.000Z,credit_card,Electronics,PRD-3145,Bluetooth Speaker,4,5,mobile_app,7.99,standard,TX,461.79,WH-NY-01,on_time
Back to School,Dallas,SUMMER15,USD,CUST-2431,vip,2025-08-13T12:38:18.000Z,4,tablet,110.75,0.15,738.32,false,635.56,ORD-10914,completed,2025-08-09T12:38:18.000Z,digital_wallet,Books,PRD-3188,SQL Fundamentals,1,3,mobile_app,7.99,standard,TX,738.32,WH-NY-01,on_time
AI Promo,Boston,DATA20,USD,CUST-2098,returning,2025-09-20T11:14:29.000Z,1,tablet,55.64,0.1,556.4,false,500.76,ORD-10915,completed,2025-09-19T11:14:29.000Z,bank_transfer,Sports,PRD-3168,Cycling Helmet,5,5,web,0,express,MA,111.28,WH-NY-01,on_time
UNKNOWN,Houston,NO_COUPON,USD,CUST-2246,new,2025-09-03T09:27:07.000Z,3,desktop,0,0,1507.6,false,1512.59,ORD-10916,shipped,2025-08-31T09:27:07.000Z,debit_card,Electronics,PRD-3143,Bluetooth Speaker,2,4,marketplace,4.99,same_day,TX,753.8,WH-NY-01,on_time
Weekend Flash,Miami,WELCOME10,USD,CUST-2176,returning,2025-08-18T12:08:55.000Z,3,mobile,0,0,1733.5,false,1743.49,ORD-10917,shipped,2025-08-15T12:08:55.000Z,bank_transfer,Electronics,PRD-3004,Tablet Stand,5,4,web,9.99,standard,FL,346.7,WH-NY-01,on_time
AI Promo,Los Angeles,DATA20,USD,CUST-2158,vip,2025-10-03T04:28:23.000Z,4,desktop,290.92,0.1,2909.2,false,2633.27,ORD-10918,returned,2025-09-29T04:28:23.000Z,bank_transfer,Electronics,PRD-3227,Bluetooth Speaker,4,null,mobile_app,14.99,express,CA,727.3,WH-CA-02,on_time
Summer Deals,Chicago,WELCOME10,USD,CUST-2394,new,2025-08-31T21:00:07.000Z,1,mobile,0,0,388.86,false,396.85,ORD-10919,shipped,2025-08-30T21:00:07.000Z,credit_card,Home,PRD-3020,LED Lamp,1,3,marketplace,7.99,same_day,IL,388.86,WH-TX-03,on_time
Back to School,Houston,NO_COUPON,USD,CUST-2416,vip,2025-08-30T00:02:34.000Z,1,desktop,32.49,0.1,324.92,false,297.42,ORD-10920,shipped,2025-08-29T00:02:34.000Z,debit_card,Electronics,PRD-3230,Tablet Stand,1,4,marketplace,4.99,same_day,TX,324.92,WH-TX-03,on_time
AI Promo,Los Angeles,DATA20,USD,CUST-2171,new,2025-08-28T22:06:15.000Z,1,desktop,112.84,0.15,752.26,false,639.42,ORD-10921,completed,2025-08-27T22:06:15.000Z,bank_transfer,Fashion,PRD-3185,Sneakers,2,5,mobile_app,0,express,CA,376.13,WH-NY-01,on_time
Back to School,Seattle,FREESHIP,USD,CUST-2229,returning,2025-09-04T13:22:34.000Z,7,desktop,0,0,566.21,true,581.2,ORD-10922,shipped,2025-08-28T13:22:34.000Z,credit_card,Home,PRD-3130,Air Fryer,1,5,marketplace,14.99,standard,WA,566.21,WH-TX-03,late
Summer Deals,New York,NO_COUPON,USD,CUST-2224,new,2025-08-18T22:59:16.000Z,7,desktop,239.94,0.15,1599.62,true,1369.67,ORD-10923,completed,2025-08-11T22:59:16.000Z,debit_card,Fashion,PRD-3300,Backpack,2,2,mobile_app,9.99,standard,NY,799.81,WH-NY-01,late
Back to School,New York,NO_COUPON,USD,CUST-2026,returning,2025-08-30T04:37:01.000Z,7,desktop,0,0,1313.44,true,1321.43,ORD-10924,completed,2025-08-23T04:37:01.000Z,bank_transfer,Electronics,PRD-3240,Bluetooth Speaker,4,4,marketplace,7.99,standard,NY,328.36,WH-TX-03,late
Back to School,Phoenix,NO_COUPON,USD,CUST-2139,vip,null,null,desktop,0,0,2198.3,null,2213.29,ORD-10925,cancelled,2025-09-19T06:54:45.000Z,bank_transfer,Sports,PRD-3128,Dumbbell Set,5,null,mobile_app,14.99,standard,AZ,439.66,WH-CA-02,on_time
UNKNOWN,Boston,NO_COUPON,USD,CUST-2311,vip,2025-09-26T23:59:58.000Z,4,tablet,388.91,0.2,1944.57,false,1570.65,ORD-10926,returned,2025-09-22T23:59:58.000Z,debit_card,Sports,PRD-3115,Yoga Mat,3,null,web,14.99,express,MA,648.19,WH-CA-02,on_time
Weekend Flash,Los Angeles,SUMMER15,USD,CUST-2488,new,2025-09-30T20:06:09.000Z,2,desktop,0,0,1459.08,false,1469.07,ORD-10927,completed,2025-09-28T20:06:09.000Z,debit_card,Books,PRD-3293,Data Engineering Basics,3,5,web,9.99,standard,CA,486.36,WH-CA-02,on_time
Weekend Flash,Seattle,WELCOME10,USD,CUST-2414,new,2025-09-09T17:37:36.000Z,1,tablet,592.2,0.2,2961,false,2383.79,ORD-10928,shipped,2025-09-08T17:37:36.000Z,digital_wallet,Home,PRD-3136,Vacuum Cleaner,5,1,mobile_app,14.99,same_day,WA,592.2,WH-NY-01,on_time
AI Promo,Houston,NO_COUPON,USD,CUST-2341,vip,null,null,tablet,0,0,2086.5,null,2086.5,ORD-10929,cancelled,2025-08-06T21:03:53.000Z,credit_card,Books,PRD-3133,Python for Data,5,null,mobile_app,0,standard,TX,417.3,WH-TX-03,on_time
AI Promo,Boston,NO_COUPON,USD,CUST-2301,returning,null,null,tablet,0,0,721.66,null,731.65,ORD-10930,cancelled,2025-08-03T07:53:34.000Z,digital_wallet,Sports,PRD-3016,Resistance Bands,1,null,marketplace,9.99,express,MA,721.66,WH-TX-03,on_time
Back to School,Chicago,NO_COUPON,USD,CUST-2478,new,2025-09-22T15:36:28.000Z,5,mobile,164.93,0.15,1099.56,true,949.62,ORD-10931,completed,2025-09-17T15:36:28.000Z,bank_transfer,Home,PRD-3032,Air Fryer,3,1,marketplace,14.99,same_day,IL,366.52,WH-CA-02,late
UNKNOWN,Miami,WELCOME10,USD,CUST-2479,new,2025-09-10T10:19:38.000Z,4,desktop,0,0,1073.2,false,1083.19,ORD-10932,completed,2025-09-06T10:19:38.000Z,digital_wallet,Fashion,PRD-3139,T-Shirt,2,4,marketplace,9.99,same_day,FL,536.6,WH-NY-01,on_time
UNKNOWN,Miami,FREESHIP,USD,CUST-2405,vip,2025-09-08T19:14:45.000Z,1,mobile,26.75,0.05,535.02,false,508.27,ORD-10933,completed,2025-09-07T19:14:45.000Z,credit_card,Books,PRD-3182,Data Engineering Basics,1,4,web,0,express,FL,535.02,WH-TX-03,on_time
Back to School,Houston,WELCOME10,USD,CUST-2477,returning,2025-08-24T07:24:22.000Z,1,tablet,175.84,0.15,1172.25,false,1001.4,ORD-10934,returned,2025-08-23T07:24:22.000Z,bank_transfer,Home,PRD-3204,Coffee Machine,5,null,marketplace,4.99,same_day,TX,234.45,WH-TX-03,on_time
Summer Deals,Seattle,DATA20,USD,CUST-2078,new,2025-10-03T03:27:01.000Z,3,mobile,125.26,0.2,626.3,false,509.03,ORD-10935,completed,2025-09-30T03:27:01.000Z,bank_transfer,Fashion,PRD-3079,T-Shirt,2,5,web,7.99,standard,WA,313.15,WH-NY-01,on_time
Back to School,Chicago,DATA20,USD,CUST-2399,new,2025-09-09T12:00:32.000Z,5,tablet,132.43,0.05,2648.64,true,2531.2,ORD-10936,returned,2025-09-04T12:00:32.000Z,debit_card,Fashion,PRD-3205,Backpack,4,null,web,14.99,same_day,IL,662.16,WH-CA-02,late
UNKNOWN,Chicago,NO_COUPON,USD,CUST-2033,new,2025-09-11T10:27:01.000Z,5,mobile,194.41,0.1,1944.1,true,1764.68,ORD-10937,returned,2025-09-06T10:27:01.000Z,debit_card,Fashion,PRD-3110,T-Shirt,5,null,web,14.99,express,IL,388.82,WH-TX-03,late
AI Promo,Chicago,SUMMER15,USD,CUST-2165,vip,2025-09-29T08:21:11.000Z,2,mobile,19.06,0.1,190.58,false,181.51,ORD-10938,completed,2025-09-27T08:21:11.000Z,credit_card,Home,PRD-3206,Coffee Machine,2,5,marketplace,9.99,standard,IL,95.29,WH-CA-02,on_time
Summer Deals,Phoenix,FREESHIP,USD,CUST-2149,returning,null,null,tablet,0,0,1085.6,null,1095.59,ORD-10939,cancelled,2025-08-22T04:02:55.000Z,credit_card,Books,PRD-3214,SQL Fundamentals,5,null,mobile_app,9.99,express,AZ,217.12,WH-TX-03,on_time
Summer Deals,Los Angeles,NO_COUPON,USD,CUST-2444,returning,2025-09-24T01:40:02.000Z,5,tablet,422.36,0.15,2815.75,true,2408.38,ORD-10940,shipped,2025-09-19T01:40:02.000Z,bank_transfer,Sports,PRD-3075,Dumbbell Set,5,3,web,14.99,standard,CA,563.15,WH-CA-02,late
UNKNOWN,Seattle,DATA20,USD,CUST-2316,vip,2025-10-01T20:40:24.000Z,3,tablet,284.38,0.15,1895.85,false,1616.46,ORD-10941,shipped,2025-09-28T20:40:24.000Z,digital_wallet,Sports,PRD-3128,Yoga Mat,3,2,marketplace,4.99,same_day,WA,631.95,WH-TX-03,on_time
Weekend Flash,Miami,NO_COUPON,USD,CUST-2064,vip,2025-09-13T16:20:51.000Z,6,tablet,22.91,0.05,458.1,true,443.18,ORD-10942,completed,2025-09-07T16:20:51.000Z,digital_wallet,Fashion,PRD-3093,T-Shirt,1,4,mobile_app,7.99,express,FL,458.1,WH-TX-03,late
UNKNOWN,Seattle,WELCOME10,USD,CUST-2107,returning,2025-09-21T07:03:14.000Z,7,mobile,0,0,398.32,true,408.31,ORD-10943,shipped,2025-09-14T07:03:14.000Z,credit_card,Electronics,PRD-3211,Bluetooth Speaker,4,2,web,9.99,same_day,WA,99.58,WH-CA-02,late
Summer Deals,San Francisco,WELCOME10,USD,CUST-2070,returning,2025-09-12T04:41:36.000Z,3,tablet,0,0,309.4,false,309.4,ORD-10944,returned,2025-09-09T04:41:36.000Z,credit_card,Fashion,PRD-3129,Sneakers,1,null,marketplace,0,express,CA,309.4,WH-CA-02,on_time
UNKNOWN,Phoenix,FREESHIP,USD,CUST-2405,returning,2025-09-21T21:16:10.000Z,1,desktop,0,0,1403.04,false,1411.03,ORD-10945,returned,2025-09-20T21:16:10.000Z,digital_wallet,Sports,PRD-3187,Resistance Bands,4,null,web,7.99,express,AZ,350.76,WH-NY-01,on_time
AI Promo,Boston,FREESHIP,USD,CUST-2133,returning,2025-09-24T03:01:27.000Z,2,mobile,0,0,1233.44,false,1248.43,ORD-10946,completed,2025-09-22T03:01:27.000Z,bank_transfer,Books,PRD-3095,AI for Everyone,2,5,web,14.99,same_day,MA,616.72,WH-NY-01,on_time
Summer Deals,Los Angeles,FREESHIP,USD,CUST-2061,new,2025-08-06T06:59:43.000Z,4,desktop,0,0,1460.64,false,1460.64,ORD-10947,completed,2025-08-02T06:59:43.000Z,digital_wallet,Books,PRD-3093,AI for Everyone,3,4,mobile_app,0,express,CA,486.88,WH-CA-02,on_time
UNKNOWN,Seattle,FREESHIP,USD,CUST-2467,vip,2025-08-07T13:17:45.000Z,1,tablet,0,0,1977.96,false,1977.96,ORD-10948,completed,2025-08-06T13:17:45.000Z,credit_card,Home,PRD-3265,LED Lamp,4,5,web,0,standard,WA,494.49,WH-NY-01,on_time
Summer Deals,Los Angeles,FREESHIP,USD,CUST-2477,new,2025-08-18T10:11:36.000Z,5,desktop,234.09,0.15,1560.6,true,1331.5,ORD-10949,completed,2025-08-13T10:11:36.000Z,bank_transfer,Books,PRD-3070,Data Engineering Basics,4,1,web,4.99,standard,CA,390.15,WH-NY-01,late
AI Promo,Chicago,SUMMER15,USD,CUST-2444,vip,2025-09-21T23:21:14.000Z,4,desktop,13.06,0.05,261.2,false,253.13,ORD-10950,completed,2025-09-17T23:21:14.000Z,debit_card,Electronics,PRD-3284,Smart Watch,5,2,mobile_app,4.99,express,IL,52.24,WH-TX-03,on_time
AI Promo,Chicago,SUMMER15,USD,CUST-2386,returning,2025-09-05T18:56:16.000Z,3,mobile,107.49,0.2,537.45,false,434.95,ORD-10951,returned,2025-09-02T18:56:16.000Z,bank_transfer,Fashion,PRD-3220,Backpack,5,null,mobile_app,4.99,same_day,IL,107.49,WH-CA-02,on_time
Summer Deals,Miami,DATA20,USD,CUST-2395,vip,2025-10-06T14:09:59.000Z,6,tablet,0,0,697.2,true,702.19,ORD-10952,completed,2025-09-30T14:09:59.000Z,credit_card,Fashion,PRD-3252,Backpack,1,5,marketplace,4.99,express,FL,697.2,WH-CA-02,late
UNKNOWN,Houston,NO_COUPON,USD,CUST-2351,new,2025-08-07T14:55:53.000Z,5,desktop,103.92,0.1,1039.2,true,940.27,ORD-10953,shipped,2025-08-02T14:55:53.000Z,credit_card,Home,PRD-3182,LED Lamp,2,2,mobile_app,4.99,standard,TX,519.6,WH-CA-02,late
Back to School,Houston,SUMMER15,USD,CUST-2137,vip,2025-09-13T15:20:46.000Z,5,desktop,0,0,539.74,true,549.73,ORD-10954,shipped,2025-09-08T15:20:46.000Z,credit_card,Electronics,PRD-3118,Bluetooth Speaker,2,4,mobile_app,9.99,standard,TX,269.87,WH-TX-03,late
Weekend Flash,Los Angeles,FREESHIP,USD,CUST-2470,vip,2025-09-26T21:22:11.000Z,3,desktop,173.07,0.15,1153.77,false,980.7,ORD-10955,completed,2025-09-23T21:22:11.000Z,credit_card,Books,PRD-3135,Data Engineering Basics,3,5,web,0,same_day,CA,384.59,WH-TX-03,on_time
UNKNOWN,San Francisco,DATA20,USD,CUST-2467,vip,2025-08-13T08:41:43.000Z,6,desktop,97.24,0.1,972.38,true,890.13,ORD-10956,returned,2025-08-07T08:41:43.000Z,credit_card,Electronics,PRD-3124,Tablet Stand,2,null,marketplace,14.99,standard,CA,486.19,WH-CA-02,late
Weekend Flash,Dallas,SUMMER15,USD,CUST-2080,vip,2025-09-12T21:37:33.000Z,5,mobile,420.34,0.15,2802.28,true,2396.93,ORD-10957,returned,2025-09-07T21:37:33.000Z,digital_wallet,Sports,PRD-3157,Cycling Helmet,4,null,marketplace,14.99,same_day,TX,700.57,WH-CA-02,late
Summer Deals,Los Angeles,WELCOME10,USD,CUST-2364,returning,2025-08-08T10:55:46.000Z,5,desktop,164.4,0.1,1644.03,true,1484.62,ORD-10958,shipped,2025-08-03T10:55:46.000Z,debit_card,Fashion,PRD-3068,T-Shirt,3,2,mobile_app,4.99,same_day,CA,548.01,WH-NY-01,late
UNKNOWN,Dallas,DATA20,USD,CUST-2484,vip,2025-09-13T05:35:31.000Z,1,mobile,0,0,458.73,false,458.73,ORD-10959,completed,2025-09-12T05:35:31.000Z,credit_card,Home,PRD-3265,Vacuum Cleaner,1,4,mobile_app,0,same_day,TX,458.73,WH-TX-03,on_time
Summer Deals,Houston,NO_COUPON,USD,CUST-2237,returning,2025-08-16T13:56:00.000Z,1,mobile,0,0,105.69,false,110.68,ORD-10960,completed,2025-08-15T13:56:00.000Z,digital_wallet,Home,PRD-3024,Vacuum Cleaner,1,2,web,4.99,same_day,TX,105.69,WH-NY-01,on_time
AI Promo,New York,DATA20,USD,CUST-2476,returning,2025-09-26T10:18:03.000Z,6,mobile,65.61,0.05,1312.18,true,1256.56,ORD-10961,completed,2025-09-20T10:18:03.000Z,credit_card,Sports,PRD-3044,Yoga Mat,2,5,marketplace,9.99,express,NY,656.09,WH-CA-02,late
AI Promo,Dallas,NO_COUPON,USD,CUST-2376,new,2025-09-25T05:50:06.000Z,1,desktop,155.24,0.15,1034.96,false,887.71,ORD-10962,completed,2025-09-24T05:50:06.000Z,bank_transfer,Home,PRD-3094,Vacuum Cleaner,4,5,web,7.99,express,TX,258.74,WH-TX-03,on_time
Back to School,Boston,SUMMER15,USD,CUST-2048,new,2025-09-01T21:57:42.000Z,4,tablet,0,0,2006.79,false,2006.79,ORD-10963,completed,2025-08-28T21:57:42.000Z,bank_transfer,Books,PRD-3202,Data Engineering Basics,3,5,mobile_app,0,standard,MA,668.93,WH-TX-03,on_time
Summer Deals,Houston,DATA20,USD,CUST-2022,vip,2025-09-01T03:52:59.000Z,5,mobile,162.03,0.05,3240.65,true,3078.62,ORD-10964,completed,2025-08-27T03:52:59.000Z,debit_card,Fashion,PRD-3189,Sneakers,5,1,marketplace,0,express,TX,648.13,WH-TX-03,late
UNKNOWN,Houston,DATA20,USD,CUST-2008,vip,2025-08-30T13:24:38.000Z,4,tablet,231.42,0.15,1542.8,false,1326.37,ORD-10965,returned,2025-08-26T13:24:38.000Z,credit_card,Fashion,PRD-3222,Backpack,5,null,mobile_app,14.99,express,TX,308.56,WH-TX-03,on_time
Weekend Flash,Miami,WELCOME10,USD,CUST-2460,returning,2025-08-13T19:29:54.000Z,1,tablet,133.93,0.15,892.89,false,768.95,ORD-10966,shipped,2025-08-12T19:29:54.000Z,credit_card,Sports,PRD-3122,Yoga Mat,3,1,mobile_app,9.99,standard,FL,297.63,WH-CA-02,on_time
Summer Deals,San Francisco,DATA20,USD,CUST-2482,new,2025-09-29T08:48:57.000Z,5,desktop,0,0,930.93,true,945.92,ORD-10967,completed,2025-09-24T08:48:57.000Z,bank_transfer,Books,PRD-3172,SQL Fundamentals,3,4,web,14.99,standard,CA,310.31,WH-CA-02,late
Weekend Flash,Miami,WELCOME10,USD,CUST-2144,new,2025-08-27T03:11:50.000Z,1,tablet,108.01,0.1,1080.12,false,980.1,ORD-10968,completed,2025-08-26T03:11:50.000Z,digital_wallet,Fashion,PRD-3207,Sneakers,2,4,marketplace,7.99,express,FL,540.06,WH-NY-01,on_time
AI Promo,Chicago,DATA20,USD,CUST-2375,returning,null,null,mobile,0,0,1370.35,null,1380.34,ORD-10969,cancelled,2025-08-05T06:56:58.000Z,bank_transfer,Sports,PRD-3054,Resistance Bands,5,null,web,9.99,same_day,IL,274.07,WH-CA-02,on_time
Summer Deals,Miami,NO_COUPON,USD,CUST-2188,returning,2025-10-02T02:09:08.000Z,7,tablet,0,0,1768.7,true,1768.7,ORD-10970,returned,2025-09-25T02:09:08.000Z,credit_card,Electronics,PRD-3295,Bluetooth Speaker,5,null,mobile_app,0,standard,FL,353.74,WH-NY-01,late
Back to School,San Francisco,SUMMER15,USD,CUST-2258,new,2025-09-29T12:17:54.000Z,7,tablet,0,0,3044,true,3048.99,ORD-10971,completed,2025-09-22T12:17:54.000Z,credit_card,Books,PRD-3168,AI for Everyone,4,4,marketplace,4.99,standard,CA,761,WH-CA-02,late
Back to School,Dallas,DATA20,USD,CUST-2004,returning,2025-08-17T10:08:26.000Z,1,mobile,82.28,0.2,411.39,false,339.1,ORD-10972,completed,2025-08-16T10:08:26.000Z,credit_card,Sports,PRD-3180,Dumbbell Set,3,5,mobile_app,9.99,standard,TX,137.13,WH-TX-03,on_time
Summer Deals,San Francisco,WELCOME10,USD,CUST-2117,returning,2025-08-27T13:27:05.000Z,6,tablet,135.33,0.2,676.63,true,541.3,ORD-10973,completed,2025-08-21T13:27:05.000Z,credit_card,Electronics,PRD-3070,Smart Watch,1,5,mobile_app,0,standard,CA,676.63,WH-NY-01,late
UNKNOWN,Seattle,WELCOME10,USD,CUST-2288,vip,2025-09-29T06:53:41.000Z,1,tablet,54.76,0.1,547.58,false,500.81,ORD-10974,shipped,2025-09-28T06:53:41.000Z,debit_card,Sports,PRD-3151,Cycling Helmet,1,5,web,7.99,same_day,WA,547.58,WH-CA-02,on_time
AI Promo,Seattle,WELCOME10,USD,CUST-2429,vip,2025-09-15T16:17:30.000Z,7,tablet,138.7,0.05,2774.04,true,2640.33,ORD-10975,completed,2025-09-08T16:17:30.000Z,digital_wallet,Sports,PRD-3264,Dumbbell Set,4,2,mobile_app,4.99,standard,WA,693.51,WH-TX-03,late
Weekend Flash,Los Angeles,FREESHIP,USD,CUST-2036,returning,2025-08-28T01:42:39.000Z,4,mobile,0,0,114.18,false,119.17,ORD-10976,completed,2025-08-24T01:42:39.000Z,bank_transfer,Home,PRD-3185,Air Fryer,3,4,web,4.99,same_day,CA,38.06,WH-CA-02,on_time
AI Promo,Chicago,WELCOME10,USD,CUST-2368,returning,2025-08-06T07:27:28.000Z,2,tablet,148.7,0.15,991.35,false,852.64,ORD-10977,shipped,2025-08-04T07:27:28.000Z,bank_transfer,Books,PRD-3258,Python for Data,3,5,web,9.99,standard,IL,330.45,WH-NY-01,on_time
Summer Deals,Seattle,SUMMER15,USD,CUST-2202,returning,2025-08-26T09:28:52.000Z,4,tablet,0,0,3664.25,false,3672.24,ORD-10978,completed,2025-08-22T09:28:52.000Z,credit_card,Fashion,PRD-3172,T-Shirt,5,3,web,7.99,express,WA,732.85,WH-NY-01,on_time
Back to School,Houston,DATA20,USD,CUST-2253,vip,2025-09-07T18:57:49.000Z,3,desktop,87.91,0.15,586.06,false,498.15,ORD-10979,completed,2025-09-04T18:57:49.000Z,credit_card,Sports,PRD-3015,Dumbbell Set,1,3,marketplace,0,standard,TX,586.06,WH-NY-01,on_time
AI Promo,Los Angeles,FREESHIP,USD,CUST-2352,vip,2025-09-27T17:45:28.000Z,6,mobile,0,0,84.86,true,92.85,ORD-10980,completed,2025-09-21T17:45:28.000Z,bank_transfer,Books,PRD-3013,Data Engineering Basics,1,3,mobile_app,7.99,standard,CA,84.86,WH-CA-02,late
AI Promo,Los Angeles,NO_COUPON,USD,CUST-2006,new,2025-10-02T18:50:50.000Z,5,tablet,0,0,1430.9,true,1440.89,ORD-10981,completed,2025-09-27T18:50:50.000Z,bank_transfer,Home,PRD-3026,Air Fryer,2,3,web,9.99,standard,CA,715.45,WH-NY-01,late
UNKNOWN,Chicago,NO_COUPON,USD,CUST-2361,new,2025-09-02T17:02:53.000Z,4,desktop,89.43,0.05,1788.6,false,1699.17,ORD-10982,completed,2025-08-29T17:02:53.000Z,bank_transfer,Fashion,PRD-3282,Jacket,5,1,mobile_app,0,same_day,IL,357.72,WH-TX-03,on_time
Back to School,San Francisco,SUMMER15,USD,CUST-2105,vip,2025-08-28T17:43:39.000Z,2,mobile,0,0,536.48,false,536.48,ORD-10983,completed,2025-08-26T17:43:39.000Z,bank_transfer,Electronics,PRD-3002,Smart Watch,1,3,marketplace,0,standard,CA,536.48,WH-NY-01,on_time
Back to School,Seattle,SUMMER15,USD,CUST-2492,vip,2025-10-01T11:14:41.000Z,3,desktop,15.22,0.05,304.4,false,304.17,ORD-10984,shipped,2025-09-28T11:14:41.000Z,bank_transfer,Electronics,PRD-3125,Bluetooth Speaker,5,4,web,14.99,standard,WA,60.88,WH-CA-02,on_time
Weekend Flash,Seattle,FREESHIP,USD,CUST-2038,vip,2025-08-07T04:01:25.000Z,5,tablet,34.12,0.15,227.48,true,208.35,ORD-10985,completed,2025-08-02T04:01:25.000Z,bank_transfer,Electronics,PRD-3225,Wireless Earbuds,4,3,web,14.99,standard,WA,56.87,WH-CA-02,late
AI Promo,Dallas,FREESHIP,USD,CUST-2011,new,2025-09-12T17:19:37.000Z,6,desktop,230.46,0.2,1152.32,true,926.85,ORD-10986,completed,2025-09-06T17:19:37.000Z,debit_card,Fashion,PRD-3235,Backpack,2,5,web,4.99,express,TX,576.16,WH-NY-01,late
Weekend Flash,Houston,DATA20,USD,CUST-2055,returning,2025-08-29T18:16:08.000Z,4,desktop,66.45,0.1,664.47,false,603.01,ORD-10987,completed,2025-08-25T18:16:08.000Z,credit_card,Home,PRD-3095,LED Lamp,1,5,marketplace,4.99,same_day,TX,664.47,WH-TX-03,on_time
UNKNOWN,Boston,WELCOME10,USD,CUST-2330,returning,2025-08-06T08:47:50.000Z,1,mobile,95.03,0.05,1900.59,false,1805.56,ORD-10988,shipped,2025-08-05T08:47:50.000Z,credit_card,Home,PRD-3183,Vacuum Cleaner,3,3,marketplace,0,same_day,MA,633.53,WH-TX-03,on_time
UNKNOWN,Seattle,DATA20,USD,CUST-2145,vip,2025-09-01T20:28:14.000Z,7,desktop,0,0,403.9,true,403.9,ORD-10989,completed,2025-08-25T20:28:14.000Z,digital_wallet,Sports,PRD-3172,Cycling Helmet,2,3,web,0,express,WA,201.95,WH-NY-01,late
AI Promo,Los Angeles,SUMMER15,USD,CUST-2453,vip,2025-09-30T15:26:42.000Z,7,desktop,0,0,1024.92,true,1029.91,ORD-10990,completed,2025-09-23T15:26:42.000Z,debit_card,Home,PRD-3190,Coffee Machine,4,3,mobile_app,4.99,standard,CA,256.23,WH-CA-02,late
UNKNOWN,Miami,FREESHIP,USD,CUST-2385,vip,null,null,mobile,0,0,43.48,null,43.48,ORD-10991,cancelled,2025-09-21T19:53:10.000Z,debit_card,Electronics,PRD-3097,Smart Watch,4,null,mobile_app,0,standard,FL,10.87,WH-TX-03,on_time
UNKNOWN,Chicago,WELCOME10,USD,CUST-2223,new,2025-09-12T23:46:00.000Z,6,tablet,0,0,3632.25,true,3647.24,ORD-10992,completed,2025-09-06T23:46:00.000Z,bank_transfer,Electronics,PRD-3224,Bluetooth Speaker,5,4,mobile_app,14.99,express,IL,726.45,WH-TX-03,late
UNKNOWN,Los Angeles,DATA20,USD,CUST-2363,new,2025-08-16T06:44:06.000Z,4,mobile,367.59,0.2,1837.96,false,1480.36,ORD-10993,shipped,2025-08-12T06:44:06.000Z,debit_card,Sports,PRD-3246,Cycling Helmet,4,3,web,9.99,standard,CA,459.49,WH-CA-02,on_time
Weekend Flash,Boston,NO_COUPON,USD,CUST-2087,vip,2025-10-02T17:55:03.000Z,6,mobile,180.1,0.05,3601.9,true,3429.79,ORD-10994,completed,2025-09-26T17:55:03.000Z,debit_card,Home,PRD-3001,Coffee Machine,5,4,web,7.99,same_day,MA,720.38,WH-TX-03,late
AI Promo,Phoenix,NO_COUPON,USD,CUST-2336,new,2025-08-07T16:05:17.000Z,3,mobile,0,0,1007.92,false,1012.91,ORD-10995,completed,2025-08-04T16:05:17.000Z,credit_card,Sports,PRD-3269,Dumbbell Set,2,5,marketplace,4.99,express,AZ,503.96,WH-TX-03,on_time
Back to School,Boston,FREESHIP,USD,CUST-2077,new,null,null,mobile,0,0,541.77,null,541.77,ORD-10996,cancelled,2025-09-10T14:03:17.000Z,bank_transfer,Home,PRD-3225,Air Fryer,1,null,mobile_app,0,standard,MA,541.77,WH-NY-01,on_time
Summer Deals,San Francisco,DATA20,USD,CUST-2101,new,2025-08-31T18:56:03.000Z,4,mobile,215.95,0.15,1439.64,false,1223.69,ORD-10997,completed,2025-08-27T18:56:03.000Z,debit_card,Home,PRD-3177,Air Fryer,2,2,marketplace,0,express,CA,719.82,WH-CA-02,on_time
Back to School,San Francisco,SUMMER15,USD,CUST-2350,vip,2025-09-18T08:41:10.000Z,5,mobile,0,0,985.54,true,985.54,ORD-10998,completed,2025-09-13T08:41:10.000Z,digital_wallet,Books,PRD-3241,Python for Data,2,2,marketplace,0,same_day,CA,492.77,WH-NY-01,late
Summer Deals,Boston,WELCOME10,USD,CUST-2201,new,2025-09-27T07:34:52.000Z,3,tablet,5.21,0.05,104.27,false,104.05,ORD-10999,completed,2025-09-24T07:34:52.000Z,credit_card,Sports,PRD-3042,Dumbbell Set,1,2,mobile_app,4.99,express,MA,104.27,WH-NY-01,on_time
UNKNOWN,Dallas,SUMMER15,USD,CUST-2044,vip,2025-09-05T09:24:14.000Z,6,desktop,99.19,0.1,991.89,true,902.69,ORD-11000,completed,2025-08-30T09:24:14.000Z,credit_card,Electronics,PRD-3186,Bluetooth Speaker,3,4,marketplace,9.99,express,TX,330.63,WH-CA-02,late
Summer Deals,Phoenix,SUMMER15,USD,CUST-2116,vip,null,null,desktop,143.35,0.1,1433.48,null,1295.12,ORD-11001,cancelled,2025-09-13T17:38:49.000Z,digital_wallet,Fashion,PRD-3005,Sneakers,4,null,web,4.99,standard,AZ,358.37,WH-NY-01,on_time
Weekend Flash,Chicago,SUMMER15,USD,CUST-2071,vip,null,null,tablet,0,0,116.4,null,124.39,ORD-11002,cancelled,2025-08-10T16:13:50.000Z,bank_transfer,Home,PRD-3285,Coffee Machine,1,null,web,7.99,same_day,IL,116.4,WH-NY-01,on_time
Weekend Flash,Dallas,FREESHIP,USD,CUST-2371,returning,2025-08-12T07:39:59.000Z,4,mobile,259.02,0.15,1726.8,false,1482.77,ORD-11003,completed,2025-08-08T07:39:59.000Z,bank_transfer,Sports,PRD-3293,Yoga Mat,4,5,marketplace,14.99,standard,TX,431.7,WH-TX-03,on_time
AI Promo,San Francisco,WELCOME10,USD,CUST-2116,new,2025-09-29T19:42:03.000Z,3,mobile,173.68,0.1,1736.79,false,1568.1,ORD-11004,shipped,2025-09-26T19:42:03.000Z,credit_card,Home,PRD-3018,Vacuum Cleaner,3,5,web,4.99,standard,CA,578.93,WH-TX-03,on_time
Weekend Flash,Dallas,SUMMER15,USD,CUST-2256,returning,2025-09-26T07:24:58.000Z,6,desktop,4.82,0.05,96.33,true,101.5,ORD-11005,shipped,2025-09-20T07:24:58.000Z,debit_card,Books,PRD-3138,Data Engineering Basics,3,5,web,9.99,express,TX,32.11,WH-CA-02,late
AI Promo,San Francisco,WELCOME10,USD,CUST-2221,new,2025-10-05T07:38:49.000Z,5,mobile,237.9,0.1,2378.97,true,2151.06,ORD-11006,completed,2025-09-30T07:38:49.000Z,bank_transfer,Sports,PRD-3041,Resistance Bands,3,4,web,9.99,express,CA,792.99,WH-NY-01,late
Back to School,Dallas,SUMMER15,USD,CUST-2166,returning,2025-08-10T18:11:48.000Z,4,desktop,185.25,0.05,3704.9,false,3534.64,ORD-11007,shipped,2025-08-06T18:11:48.000Z,digital_wallet,Electronics,PRD-3204,Bluetooth Speaker,5,4,marketplace,14.99,standard,TX,740.98,WH-NY-01,on_time
Weekend Flash,New York,DATA20,USD,CUST-2147,new,2025-08-09T16:11:24.000Z,1,desktop,70.8,0.2,354,false,298.19,ORD-11008,returned,2025-08-08T16:11:24.000Z,debit_card,Books,PRD-3279,AI for Everyone,3,null,marketplace,14.99,standard,NY,118,WH-CA-02,on_time
UNKNOWN,Los Angeles,NO_COUPON,USD,CUST-2235,new,2025-09-05T02:26:14.000Z,6,tablet,284.02,0.2,1420.08,true,1136.06,ORD-11009,returned,2025-08-30T02:26:14.000Z,credit_card,Fashion,PRD-3010,Jacket,2,null,mobile_app,0,express,CA,710.04,WH-CA-02,late
AI Promo,Chicago,FREESHIP,USD,CUST-2418,vip,2025-10-01T01:17:20.000Z,2,tablet,36.37,0.1,363.65,false,327.28,ORD-11010,completed,2025-09-29T01:17:20.000Z,digital_wallet,Home,PRD-3091,Air Fryer,5,5,web,0,express,IL,72.73,WH-TX-03,on_time
Summer Deals,Miami,FREESHIP,USD,CUST-2421,new,null,null,desktop,161.12,0.2,805.6,null,644.48,ORD-11011,cancelled,2025-09-15T00:26:50.000Z,debit_card,Electronics,PRD-3237,Wireless Earbuds,2,null,mobile_app,0,same_day,FL,402.8,WH-CA-02,on_time
AI Promo,San Francisco,DATA20,USD,CUST-2323,vip,2025-09-29T09:41:52.000Z,1,mobile,0,0,164.03,false,172.02,ORD-11012,returned,2025-09-28T09:41:52.000Z,credit_card,Books,PRD-3225,SQL Fundamentals,1,null,web,7.99,standard,CA,164.03,WH-CA-02,on_time
UNKNOWN,Dallas,DATA20,USD,CUST-2340,new,2025-09-18T12:04:19.000Z,2,desktop,6,0.1,60,false,58.99,ORD-11013,completed,2025-09-16T12:04:19.000Z,bank_transfer,Electronics,PRD-3014,Wireless Earbuds,2,1,mobile_app,4.99,standard,TX,30,WH-TX-03,on_time
Weekend Flash,Los Angeles,WELCOME10,USD,CUST-2180,vip,2025-09-30T09:12:07.000Z,2,tablet,42.8,0.1,427.98,false,390.17,ORD-11014,completed,2025-09-28T09:12:07.000Z,credit_card,Home,PRD-3201,Coffee Machine,1,5,mobile_app,4.99,same_day,CA,427.98,WH-TX-03,on_time
UNKNOWN,Miami,DATA20,USD,CUST-2078,vip,2025-09-25T05:43:13.000Z,2,desktop,49.94,0.15,332.94,false,290.99,ORD-11015,completed,2025-09-23T05:43:13.000Z,debit_card,Home,PRD-3117,LED Lamp,3,4,marketplace,7.99,same_day,FL,110.98,WH-TX-03,on_time
UNKNOWN,Chicago,FREESHIP,USD,CUST-2045,vip,2025-09-22T19:14:08.000Z,2,mobile,237.79,0.2,1188.96,false,956.16,ORD-11016,completed,2025-09-20T19:14:08.000Z,credit_card,Electronics,PRD-3241,Bluetooth Speaker,4,2,web,4.99,standard,IL,297.24,WH-CA-02,on_time
UNKNOWN,New York,FREESHIP,USD,CUST-2051,new,2025-09-23T13:53:54.000Z,2,mobile,0,0,1269.52,false,1284.51,ORD-11017,completed,2025-09-21T13:53:54.000Z,credit_card,Sports,PRD-3080,Dumbbell Set,4,3,web,14.99,express,NY,317.38,WH-NY-01,on_time
Weekend Flash,Dallas,FREESHIP,USD,CUST-2133,returning,2025-10-05T06:48:16.000Z,5,mobile,454.25,0.2,2271.24,true,1826.98,ORD-11018,returned,2025-09-30T06:48:16.000Z,bank_transfer,Sports,PRD-3167,Dumbbell Set,4,null,web,9.99,standard,TX,567.81,WH-NY-01,late
Back to School,Houston,WELCOME10,USD,CUST-2368,vip,2025-09-21T03:18:16.000Z,2,tablet,0,0,3811.5,false,3811.5,ORD-11019,completed,2025-09-19T03:18:16.000Z,bank_transfer,Home,PRD-3095,Vacuum Cleaner,5,4,marketplace,0,express,TX,762.3,WH-CA-02,on_time
Summer Deals,Chicago,DATA20,USD,CUST-2409,new,2025-09-28T04:50:46.000Z,4,tablet,17.67,0.1,176.74,false,164.06,ORD-11020,returned,2025-09-24T04:50:46.000Z,credit_card,Sports,PRD-3059,Cycling Helmet,1,null,mobile_app,4.99,express,IL,176.74,WH-TX-03,on_time
Summer Deals,Miami,WELCOME10,USD,CUST-2288,returning,null,null,mobile,66.39,0.1,663.86,null,605.46,ORD-11021,cancelled,2025-08-16T01:19:49.000Z,digital_wallet,Fashion,PRD-3037,Sneakers,1,null,mobile_app,7.99,standard,FL,663.86,WH-TX-03,on_time
Back to School,New York,SUMMER15,USD,CUST-2142,returning,null,null,desktop,160.36,0.15,1069.08,null,918.71,ORD-11022,cancelled,2025-09-12T19:24:04.000Z,credit_card,Sports,PRD-3164,Cycling Helmet,2,null,mobile_app,9.99,standard,NY,534.54,WH-CA-02,on_time
UNKNOWN,Los Angeles,DATA20,USD,CUST-2047,vip,null,null,desktop,66.9,0.2,334.5,null,275.59,ORD-11023,cancelled,2025-08-22T21:17:01.000Z,bank_transfer,Books,PRD-3109,AI for Everyone,5,null,marketplace,7.99,express,CA,66.9,WH-CA-02,on_time
Back to School,San Francisco,NO_COUPON,USD,CUST-2319,vip,2025-08-23T13:27:10.000Z,6,mobile,0,0,386.96,true,386.96,ORD-11024,completed,2025-08-17T13:27:10.000Z,debit_card,Home,PRD-3070,Air Fryer,1,4,web,0,express,CA,386.96,WH-NY-01,late
UNKNOWN,Boston,FREESHIP,USD,CUST-2111,new,2025-09-09T02:41:29.000Z,4,desktop,362.85,0.1,3628.45,false,3275.59,ORD-11025,completed,2025-09-05T02:41:29.000Z,debit_card,Home,PRD-3252,Coffee Machine,5,1,mobile_app,9.99,standard,MA,725.69,WH-NY-01,on_time
UNKNOWN,Chicago,SUMMER15,USD,CUST-2181,new,2025-09-20T02:33:34.000Z,5,mobile,54.32,0.1,543.21,true,496.88,ORD-11026,completed,2025-09-15T02:33:34.000Z,debit_card,Books,PRD-3293,Data Engineering Basics,1,2,marketplace,7.99,standard,IL,543.21,WH-NY-01,late
Summer Deals,Seattle,NO_COUPON,USD,CUST-2082,new,2025-09-11T18:11:14.000Z,1,mobile,158.82,0.2,794.1,false,650.27,ORD-11027,completed,2025-09-10T18:11:14.000Z,bank_transfer,Fashion,PRD-3181,Jacket,5,3,marketplace,14.99,express,WA,158.82,WH-CA-02,on_time
UNKNOWN,Phoenix,FREESHIP,USD,CUST-2203,returning,2025-09-19T09:00:08.000Z,4,tablet,192.49,0.1,1924.92,false,1732.43,ORD-11028,shipped,2025-09-15T09:00:08.000Z,digital_wallet,Sports,PRD-3223,Resistance Bands,3,1,web,0,express,AZ,641.64,WH-CA-02,on_time
Weekend Flash,Boston,SUMMER15,USD,CUST-2017,new,2025-08-26T19:27:44.000Z,1,mobile,70.9,0.1,709,false,643.09,ORD-11029,completed,2025-08-25T19:27:44.000Z,debit_card,Books,PRD-3181,AI for Everyone,1,5,web,4.99,express,MA,709,WH-NY-01,on_time
AI Promo,Boston,SUMMER15,USD,CUST-2071,vip,2025-09-04T10:07:56.000Z,6,desktop,0,0,2281.95,true,2291.94,ORD-11030,shipped,2025-08-29T10:07:56.000Z,debit_card,Books,PRD-3115,AI for Everyone,5,5,marketplace,9.99,standard,MA,456.39,WH-TX-03,late
Summer Deals,Miami,DATA20,USD,CUST-2121,new,2025-08-13T22:26:43.000Z,2,tablet,0,0,300.73,false,315.72,ORD-11031,completed,2025-08-11T22:26:43.000Z,bank_transfer,Electronics,PRD-3149,Smart Watch,1,5,web,14.99,same_day,FL,300.73,WH-CA-02,on_time
Weekend Flash,Phoenix,DATA20,USD,CUST-2038,returning,2025-09-20T15:19:45.000Z,3,mobile,30.89,0.05,617.79,false,594.89,ORD-11032,returned,2025-09-17T15:19:45.000Z,debit_card,Books,PRD-3203,Data Engineering Basics,3,null,marketplace,7.99,same_day,AZ,205.93,WH-TX-03,on_time
AI Promo,Phoenix,WELCOME10,USD,CUST-2337,vip,2025-08-23T08:33:48.000Z,6,mobile,58.8,0.05,1176.1,true,1127.29,ORD-11033,returned,2025-08-17T08:33:48.000Z,credit_card,Fashion,PRD-3075,T-Shirt,5,null,marketplace,9.99,same_day,AZ,235.22,WH-TX-03,late
Weekend Flash,Seattle,WELCOME10,USD,CUST-2081,new,2025-09-15T00:37:54.000Z,3,tablet,174.48,0.15,1163.2,false,1003.71,ORD-11034,completed,2025-09-12T00:37:54.000Z,credit_card,Home,PRD-3229,Coffee Machine,2,5,mobile_app,14.99,same_day,WA,581.6,WH-NY-01,on_time
AI Promo,Miami,WELCOME10,USD,CUST-2242,vip,2025-08-24T04:45:50.000Z,4,mobile,67.05,0.05,1340.95,false,1278.89,ORD-11035,completed,2025-08-20T04:45:50.000Z,credit_card,Electronics,PRD-3020,Tablet Stand,5,5,mobile_app,4.99,standard,FL,268.19,WH-CA-02,on_time
UNKNOWN,Boston,SUMMER15,USD,CUST-2055,new,2025-08-17T02:03:52.000Z,1,mobile,0,0,311.39,false,326.38,ORD-11036,completed,2025-08-16T02:03:52.000Z,digital_wallet,Books,PRD-3237,AI for Everyone,1,5,mobile_app,14.99,express,MA,311.39,WH-TX-03,on_time
AI Promo,Boston,DATA20,USD,CUST-2484,new,2025-08-03T01:27:51.000Z,1,tablet,162.79,0.2,813.93,false,661.13,ORD-11037,shipped,2025-08-02T01:27:51.000Z,bank_transfer,Books,PRD-3185,SQL Fundamentals,3,5,web,9.99,standard,MA,271.31,WH-TX-03,on_time
AI Promo,San Francisco,NO_COUPON,USD,CUST-2098,returning,2025-09-07T19:03:56.000Z,2,tablet,0,0,184.82,false,199.81,ORD-11038,completed,2025-09-05T19:03:56.000Z,debit_card,Books,PRD-3070,Data Engineering Basics,1,4,mobile_app,14.99,standard,CA,184.82,WH-CA-02,on_time
AI Promo,Phoenix,SUMMER15,USD,CUST-2401,vip,2025-08-21T05:28:45.000Z,5,mobile,0,0,331.2,true,339.19,ORD-11039,completed,2025-08-16T05:28:45.000Z,debit_card,Home,PRD-3283,LED Lamp,1,2,mobile_app,7.99,same_day,AZ,331.2,WH-CA-02,late
Weekend Flash,Boston,WELCOME10,USD,CUST-2155,new,2025-09-01T17:04:29.000Z,3,mobile,142.01,0.2,710.04,false,578.02,ORD-11040,completed,2025-08-29T17:04:29.000Z,bank_transfer,Electronics,PRD-3080,Smart Watch,1,3,web,9.99,standard,MA,710.04,WH-NY-01,on_time
Weekend Flash,Dallas,WELCOME10,USD,CUST-2082,new,2025-09-25T18:46:55.000Z,7,mobile,0,0,1030.44,true,1040.43,ORD-11041,returned,2025-09-18T18:46:55.000Z,debit_card,Sports,PRD-3267,Cycling Helmet,3,null,mobile_app,9.99,standard,TX,343.48,WH-NY-01,late
Back to School,Chicago,FREESHIP,USD,CUST-2210,returning,2025-09-28T08:14:01.000Z,2,mobile,0,0,463.16,false,468.15,ORD-11042,completed,2025-09-26T08:14:01.000Z,digital_wallet,Fashion,PRD-3063,T-Shirt,1,5,web,4.99,express,IL,463.16,WH-CA-02,on_time
Weekend Flash,Seattle,WELCOME10,USD,CUST-2190,new,null,null,mobile,73.75,0.05,1474.92,null,1406.16,ORD-11043,cancelled,2025-09-28T07:03:11.000Z,bank_transfer,Home,PRD-3089,Coffee Machine,3,null,mobile_app,4.99,express,WA,491.64,WH-NY-01,on_time
AI Promo,New York,WELCOME10,USD,CUST-2047,returning,2025-09-11T17:29:04.000Z,7,mobile,0,0,1152.44,true,1157.43,ORD-11044,shipped,2025-09-04T17:29:04.000Z,bank_transfer,Home,PRD-3084,LED Lamp,2,3,marketplace,4.99,standard,NY,576.22,WH-NY-01,late
AI Promo,Miami,SUMMER15,USD,CUST-2423,returning,2025-09-29T23:41:40.000Z,6,mobile,265.92,0.1,2659.2,true,2393.28,ORD-11045,completed,2025-09-23T23:41:40.000Z,credit_card,Books,PRD-3094,AI for Everyone,5,5,web,0,express,FL,531.84,WH-TX-03,late
AI Promo,Dallas,FREESHIP,USD,CUST-2163,vip,2025-08-24T00:55:59.000Z,1,tablet,105.38,0.2,526.92,false,426.53,ORD-11046,completed,2025-08-23T00:55:59.000Z,digital_wallet,Home,PRD-3176,Coffee Machine,4,4,mobile_app,4.99,same_day,TX,131.73,WH-TX-03,on_time
Back to School,Phoenix,DATA20,USD,CUST-2067,new,2025-09-06T02:49:04.000Z,7,mobile,0,0,3033,true,3037.99,ORD-11047,completed,2025-08-30T02:49:04.000Z,digital_wallet,Sports,PRD-3062,Dumbbell Set,4,4,mobile_app,4.99,same_day,AZ,758.25,WH-NY-01,late
UNKNOWN,San Francisco,SUMMER15,USD,CUST-2409,vip,2025-09-03T09:55:52.000Z,4,tablet,0,0,3239,false,3239,ORD-11048,completed,2025-08-30T09:55:52.000Z,credit_card,Sports,PRD-3078,Resistance Bands,5,3,mobile_app,0,same_day,CA,647.8,WH-TX-03,on_time
AI Promo,Phoenix,WELCOME10,USD,CUST-2128,new,2025-08-16T13:09:57.000Z,4,desktop,48.26,0.1,482.56,false,434.3,ORD-11049,completed,2025-08-12T13:09:57.000Z,credit_card,Fashion,PRD-3094,Backpack,1,5,marketplace,0,express,AZ,482.56,WH-NY-01,on_time
Back to School,Chicago,SUMMER15,USD,CUST-2355,vip,2025-09-10T04:24:54.000Z,2,mobile,89.5,0.2,447.48,false,365.97,ORD-11050,completed,2025-09-08T04:24:54.000Z,bank_transfer,Electronics,PRD-3149,Tablet Stand,3,3,mobile_app,7.99,express,IL,149.16,WH-CA-02,on_time
Summer Deals,Dallas,NO_COUPON,USD,CUST-2315,vip,2025-08-20T22:01:51.000Z,2,tablet,102.94,0.05,2058.85,false,1955.91,ORD-11051,completed,2025-08-18T22:01:51.000Z,bank_transfer,Sports,PRD-3179,Resistance Bands,5,5,web,0,standard,TX,411.77,WH-CA-02,on_time
Weekend Flash,Phoenix,WELCOME10,USD,CUST-2472,returning,2025-09-20T18:26:14.000Z,3,desktop,0,0,647.68,false,662.67,ORD-11052,completed,2025-09-17T18:26:14.000Z,bank_transfer,Sports,PRD-3088,Dumbbell Set,2,1,web,14.99,same_day,AZ,323.84,WH-NY-01,on_time
Summer Deals,Seattle,NO_COUPON,USD,CUST-2475,new,null,null,tablet,0,0,285.94,null,300.93,ORD-11053,cancelled,2025-08-09T08:41:23.000Z,credit_card,Electronics,PRD-3147,Tablet Stand,1,null,mobile_app,14.99,express,WA,285.94,WH-NY-01,on_time
Summer Deals,New York,WELCOME10,USD,CUST-2079,vip,2025-09-03T15:29:42.000Z,6,mobile,129.75,0.1,1297.45,true,1172.69,ORD-11054,returned,2025-08-28T15:29:42.000Z,credit_card,Home,PRD-3152,LED Lamp,5,null,web,4.99,express,NY,259.49,WH-NY-01,late
Weekend Flash,San Francisco,DATA20,USD,CUST-2276,new,null,null,desktop,130.15,0.05,2602.9,null,2472.75,ORD-11055,cancelled,2025-08-13T14:46:06.000Z,debit_card,Fashion,PRD-3294,Sneakers,5,null,mobile_app,0,same_day,CA,520.58,WH-NY-01,on_time
AI Promo,Los Angeles,FREESHIP,USD,CUST-2191,vip,null,null,desktop,0,0,169.1,null,177.09,ORD-11056,cancelled,2025-09-17T17:32:42.000Z,digital_wallet,Home,PRD-3279,Vacuum Cleaner,2,null,mobile_app,7.99,express,CA,84.55,WH-NY-01,on_time
UNKNOWN,Los Angeles,FREESHIP,USD,CUST-2022,returning,2025-08-11T20:19:19.000Z,7,tablet,193.21,0.15,1288.08,true,1109.86,ORD-11057,completed,2025-08-04T20:19:19.000Z,digital_wallet,Sports,PRD-3258,Yoga Mat,3,3,mobile_app,14.99,same_day,CA,429.36,WH-CA-02,late
Weekend Flash,Houston,WELCOME10,USD,CUST-2061,vip,null,null,tablet,498.39,0.2,2491.96,null,2003.56,ORD-11058,cancelled,2025-08-19T20:47:19.000Z,bank_transfer,Fashion,PRD-3067,Jacket,4,null,web,9.99,same_day,TX,622.99,WH-NY-01,on_time
Summer Deals,Boston,NO_COUPON,USD,CUST-2084,vip,2025-08-13T08:19:44.000Z,1,tablet,0,0,1297.68,false,1302.67,ORD-11059,completed,2025-08-12T08:19:44.000Z,bank_transfer,Home,PRD-3112,Coffee Machine,2,5,web,4.99,same_day,MA,648.84,WH-TX-03,on_time
UNKNOWN,Boston,DATA20,USD,CUST-2295,vip,2025-09-27T21:37:39.000Z,5,mobile,191.07,0.1,1910.7,true,1724.62,ORD-11060,shipped,2025-09-22T21:37:39.000Z,debit_card,Electronics,PRD-3083,Wireless Earbuds,5,5,marketplace,4.99,standard,MA,382.14,WH-NY-01,late
AI Promo,New York,WELCOME10,USD,CUST-2277,returning,2025-09-18T08:03:00.000Z,3,tablet,68.72,0.2,343.58,false,279.85,ORD-11061,completed,2025-09-15T08:03:00.000Z,credit_card,Home,PRD-3203,Coffee Machine,1,4,mobile_app,4.99,standard,NY,343.58,WH-TX-03,on_time
Summer Deals,New York,DATA20,USD,CUST-2083,returning,null,null,mobile,0,0,1117.1,null,1132.09,ORD-11062,cancelled,2025-09-15T08:59:22.000Z,credit_card,Fashion,PRD-3290,Backpack,5,null,marketplace,14.99,standard,NY,223.42,WH-CA-02,on_time
Back to School,Dallas,NO_COUPON,USD,CUST-2345,new,2025-08-20T01:56:13.000Z,7,desktop,0,0,2639.52,true,2644.51,ORD-11063,shipped,2025-08-13T01:56:13.000Z,bank_transfer,Books,PRD-3209,SQL Fundamentals,4,2,mobile_app,4.99,same_day,TX,659.88,WH-TX-03,late
UNKNOWN,Dallas,WELCOME10,USD,CUST-2080,vip,2025-09-06T17:49:06.000Z,1,mobile,0,0,324.14,false,334.13,ORD-11064,completed,2025-09-05T17:49:06.000Z,debit_card,Books,PRD-3103,SQL Fundamentals,1,5,marketplace,9.99,standard,TX,324.14,WH-TX-03,on_time
Back to School,Houston,FREESHIP,USD,CUST-2482,vip,null,null,desktop,374.26,0.2,1871.3,null,1497.04,ORD-11065,cancelled,2025-09-03T23:20:45.000Z,digital_wallet,Fashion,PRD-3247,Backpack,5,null,mobile_app,0,standard,TX,374.26,WH-CA-02,on_time
UNKNOWN,San Francisco,FREESHIP,USD,CUST-2039,vip,2025-09-27T04:52:17.000Z,2,desktop,11.22,0.15,74.8,false,63.58,ORD-11066,returned,2025-09-25T04:52:17.000Z,credit_card,Sports,PRD-3228,Dumbbell Set,5,null,mobile_app,0,express,CA,14.96,WH-TX-03,on_time
Summer Deals,Los Angeles,FREESHIP,USD,CUST-2377,vip,2025-09-11T06:19:22.000Z,6,tablet,467.85,0.2,2339.25,true,1876.39,ORD-11067,completed,2025-09-05T06:19:22.000Z,digital_wallet,Fashion,PRD-3078,T-Shirt,5,4,mobile_app,4.99,express,CA,467.85,WH-TX-03,late
AI Promo,Seattle,FREESHIP,USD,CUST-2176,returning,2025-09-03T14:19:39.000Z,5,tablet,0,0,464.05,true,472.04,ORD-11068,shipped,2025-08-29T14:19:39.000Z,credit_card,Home,PRD-3140,LED Lamp,1,4,mobile_app,7.99,express,WA,464.05,WH-NY-01,late
UNKNOWN,Boston,NO_COUPON,USD,CUST-2225,vip,2025-08-28T21:37:19.000Z,1,desktop,0,0,1446.36,false,1461.35,ORD-11069,returned,2025-08-27T21:37:19.000Z,credit_card,Sports,PRD-3249,Yoga Mat,4,null,marketplace,14.99,same_day,MA,361.59,WH-CA-02,on_time
Summer Deals,Phoenix,FREESHIP,USD,CUST-2312,vip,2025-08-28T16:04:32.000Z,2,mobile,338.8,0.15,2258.65,false,1927.84,ORD-11070,returned,2025-08-26T16:04:32.000Z,debit_card,Books,PRD-3211,AI for Everyone,5,null,web,7.99,express,AZ,451.73,WH-TX-03,on_time
AI Promo,San Francisco,DATA20,USD,CUST-2149,returning,2025-08-30T17:49:37.000Z,5,tablet,441.85,0.15,2945.65,true,2503.8,ORD-11071,completed,2025-08-25T17:49:37.000Z,digital_wallet,Home,PRD-3086,Coffee Machine,5,5,mobile_app,0,standard,CA,589.13,WH-NY-01,late
UNKNOWN,Los Angeles,NO_COUPON,USD,CUST-2139,vip,2025-08-27T17:35:38.000Z,1,desktop,0,0,1299.16,false,1309.15,ORD-11072,completed,2025-08-26T17:35:38.000Z,debit_card,Electronics,PRD-3267,Smart Watch,4,4,web,9.99,standard,CA,324.79,WH-TX-03,on_time
Weekend Flash,Boston,FREESHIP,USD,CUST-2135,vip,2025-08-26T05:52:34.000Z,5,tablet,35.06,0.05,701.2,true,676.13,ORD-11073,completed,2025-08-21T05:52:34.000Z,debit_card,Sports,PRD-3178,Dumbbell Set,1,1,mobile_app,9.99,standard,MA,701.2,WH-CA-02,late
AI Promo,San Francisco,SUMMER15,USD,CUST-2331,new,2025-09-20T20:48:43.000Z,4,desktop,2.1,0.2,10.5,false,16.39,ORD-11074,completed,2025-09-16T20:48:43.000Z,credit_card,Electronics,PRD-3199,Wireless Earbuds,1,5,mobile_app,7.99,same_day,CA,10.5,WH-TX-03,on_time
Weekend Flash,Houston,NO_COUPON,USD,CUST-2061,vip,null,null,mobile,0,0,1756.35,null,1771.34,ORD-11075,cancelled,2025-09-18T23:58:46.000Z,credit_card,Books,PRD-3213,AI for Everyone,5,null,web,14.99,standard,TX,351.27,WH-CA-02,on_time
Back to School,San Francisco,SUMMER15,USD,CUST-2341,returning,2025-08-14T03:38:02.000Z,4,tablet,28.86,0.05,577.29,false,556.42,ORD-11076,completed,2025-08-10T03:38:02.000Z,debit_card,Electronics,PRD-3206,Wireless Earbuds,3,5,web,7.99,express,CA,192.43,WH-CA-02,on_time
AI Promo,Chicago,SUMMER15,USD,CUST-2092,new,2025-09-01T23:08:20.000Z,4,mobile,119.54,0.15,796.95,false,692.4,ORD-11077,returned,2025-08-28T23:08:20.000Z,debit_card,Home,PRD-3005,Air Fryer,3,null,mobile_app,14.99,standard,IL,265.65,WH-CA-02,on_time
Back to School,New York,WELCOME10,USD,CUST-2308,returning,2025-08-23T05:50:20.000Z,3,mobile,50.55,0.05,1011.08,false,975.52,ORD-11078,shipped,2025-08-20T05:50:20.000Z,debit_card,Fashion,PRD-3050,T-Shirt,4,5,web,14.99,express,NY,252.77,WH-CA-02,on_time
Summer Deals,Los Angeles,NO_COUPON,USD,CUST-2380,new,2025-08-17T06:53:55.000Z,5,mobile,0,0,819.24,true,819.24,ORD-11079,completed,2025-08-12T06:53:55.000Z,credit_card,Home,PRD-3095,LED Lamp,3,3,web,0,same_day,CA,273.08,WH-NY-01,late
AI Promo,Chicago,SUMMER15,USD,CUST-2284,returning,2025-09-21T15:39:22.000Z,5,mobile,60.33,0.15,402.21,true,356.87,ORD-11080,completed,2025-09-16T15:39:22.000Z,debit_card,Books,PRD-3300,Data Engineering Basics,3,5,mobile_app,14.99,same_day,IL,134.07,WH-NY-01,late
Back to School,San Francisco,SUMMER15,USD,CUST-2470,new,2025-08-26T03:05:28.000Z,1,tablet,25.34,0.05,506.85,false,491.5,ORD-11081,completed,2025-08-25T03:05:28.000Z,bank_transfer,Electronics,PRD-3025,Tablet Stand,5,5,marketplace,9.99,same_day,CA,101.37,WH-CA-02,on_time
AI Promo,Miami,SUMMER15,USD,CUST-2058,returning,2025-08-30T12:19:28.000Z,7,desktop,22.27,0.05,445.4,true,428.12,ORD-11082,shipped,2025-08-23T12:19:28.000Z,digital_wallet,Books,PRD-3298,AI for Everyone,2,5,mobile_app,4.99,standard,FL,222.7,WH-CA-02,late
Back to School,Boston,DATA20,USD,CUST-2043,new,2025-08-07T15:12:07.000Z,5,mobile,164.02,0.15,1093.44,true,944.41,ORD-11083,completed,2025-08-02T15:12:07.000Z,debit_card,Home,PRD-3123,Air Fryer,4,2,marketplace,14.99,express,MA,273.36,WH-TX-03,late
Back to School,Miami,NO_COUPON,USD,CUST-2147,vip,2025-09-24T13:30:34.000Z,4,mobile,0,0,3257.75,false,3265.74,ORD-11084,completed,2025-09-20T13:30:34.000Z,bank_transfer,Sports,PRD-3162,Dumbbell Set,5,3,web,7.99,standard,FL,651.55,WH-CA-02,on_time
Summer Deals,Phoenix,SUMMER15,USD,CUST-2183,returning,2025-09-06T00:03:06.000Z,5,desktop,66.71,0.05,1334.14,true,1272.42,ORD-11085,shipped,2025-09-01T00:03:06.000Z,bank_transfer,Books,PRD-3097,AI for Everyone,2,4,marketplace,4.99,express,AZ,667.07,WH-NY-01,late
Summer Deals,Miami,SUMMER15,USD,CUST-2203,new,2025-10-01T10:19:14.000Z,2,tablet,373.74,0.1,3737.4,false,3378.65,ORD-11086,returned,2025-09-29T10:19:14.000Z,digital_wallet,Books,PRD-3295,Data Engineering Basics,5,null,marketplace,14.99,same_day,FL,747.48,WH-CA-02,on_time
Back to School,San Francisco,WELCOME10,USD,CUST-2273,new,2025-09-11T01:21:30.000Z,2,tablet,0,0,554.7,false,569.69,ORD-11087,shipped,2025-09-09T01:21:30.000Z,credit_card,Electronics,PRD-3175,Wireless Earbuds,1,3,marketplace,14.99,same_day,CA,554.7,WH-TX-03,on_time
Weekend Flash,Boston,DATA20,USD,CUST-2318,vip,2025-09-01T16:47:32.000Z,7,tablet,289.86,0.2,1449.28,true,1167.41,ORD-11088,shipped,2025-08-25T16:47:32.000Z,bank_transfer,Books,PRD-3235,AI for Everyone,2,5,marketplace,7.99,express,MA,724.64,WH-TX-03,late
AI Promo,San Francisco,FREESHIP,USD,CUST-2092,new,2025-08-17T00:47:07.000Z,7,desktop,127.94,0.05,2558.7,true,2445.75,ORD-11089,shipped,2025-08-10T00:47:07.000Z,credit_card,Books,PRD-3299,AI for Everyone,5,3,mobile_app,14.99,standard,CA,511.74,WH-TX-03,late
Back to School,Dallas,WELCOME10,USD,CUST-2405,returning,2025-09-22T02:33:19.000Z,3,desktop,0,0,2879.92,false,2887.91,ORD-11090,completed,2025-09-19T02:33:19.000Z,digital_wallet,Home,PRD-3255,Coffee Machine,4,4,mobile_app,7.99,same_day,TX,719.98,WH-NY-01,on_time
UNKNOWN,Chicago,SUMMER15,USD,CUST-2313,returning,2025-09-26T01:07:49.000Z,1,mobile,43.96,0.05,879.2,false,845.23,ORD-11091,shipped,2025-09-25T01:07:49.000Z,credit_card,Home,PRD-3141,Air Fryer,5,5,marketplace,9.99,standard,IL,175.84,WH-TX-03,on_time
Summer Deals,Boston,DATA20,USD,CUST-2114,returning,2025-08-25T12:35:55.000Z,4,tablet,0,0,1808.9,false,1816.89,ORD-11092,completed,2025-08-21T12:35:55.000Z,credit_card,Home,PRD-3161,Air Fryer,5,5,mobile_app,7.99,same_day,MA,361.78,WH-TX-03,on_time
AI Promo,New York,SUMMER15,USD,CUST-2128,vip,2025-08-14T02:15:50.000Z,5,tablet,0,0,439.84,true,439.84,ORD-11093,completed,2025-08-09T02:15:50.000Z,debit_card,Fashion,PRD-3243,Backpack,4,3,mobile_app,0,same_day,NY,109.96,WH-CA-02,late
Summer Deals,Los Angeles,SUMMER15,USD,CUST-2022,returning,2025-08-29T01:51:06.000Z,7,mobile,8.68,0.2,43.39,true,49.7,ORD-11094,shipped,2025-08-22T01:51:06.000Z,debit_card,Home,PRD-3070,Coffee Machine,1,4,web,14.99,same_day,CA,43.39,WH-NY-01,late
AI Promo,Seattle,DATA20,USD,CUST-2354,returning,2025-08-29T20:08:58.000Z,4,tablet,373.41,0.1,3734.05,false,3365.63,ORD-11095,completed,2025-08-25T20:08:58.000Z,debit_card,Electronics,PRD-3206,Bluetooth Speaker,5,5,marketplace,4.99,standard,WA,746.81,WH-NY-01,on_time
Summer Deals,Boston,FREESHIP,USD,CUST-2127,new,null,null,desktop,126.26,0.05,2525.2,null,2408.93,ORD-11096,cancelled,2025-08-06T19:40:18.000Z,debit_card,Electronics,PRD-3198,Wireless Earbuds,5,null,marketplace,9.99,same_day,MA,505.04,WH-TX-03,on_time
Weekend Flash,Chicago,WELCOME10,USD,CUST-2430,vip,2025-08-24T15:25:43.000Z,5,desktop,0,0,633.98,true,643.97,ORD-11097,completed,2025-08-19T15:25:43.000Z,digital_wallet,Fashion,PRD-3249,Jacket,1,4,mobile_app,9.99,standard,IL,633.98,WH-TX-03,late
Summer Deals,Boston,NO_COUPON,USD,CUST-2036,vip,2025-08-20T00:05:24.000Z,7,desktop,0,0,1001.37,true,1009.36,ORD-11098,completed,2025-08-13T00:05:24.000Z,credit_card,Books,PRD-3040,Data Engineering Basics,3,5,marketplace,7.99,same_day,MA,333.79,WH-CA-02,late
Weekend Flash,Houston,WELCOME10,USD,CUST-2070,returning,2025-08-13T09:12:42.000Z,5,mobile,0,0,1000.74,true,1008.73,ORD-11099,shipped,2025-08-08T09:12:42.000Z,digital_wallet,Fashion,PRD-3136,Jacket,3,3,mobile_app,7.99,express,TX,333.58,WH-CA-02,late
Summer Deals,Chicago,DATA20,USD,CUST-2407,new,2025-09-04T11:33:48.000Z,5,tablet,130.8,0.2,654,true,531.19,ORD-11100,completed,2025-08-30T11:33:48.000Z,credit_card,Sports,PRD-3211,Yoga Mat,3,5,mobile_app,7.99,express,IL,218,WH-CA-02,late
Summer Deals,Phoenix,SUMMER15,USD,CUST-2139,returning,2025-09-22T16:39:32.000Z,4,mobile,138.01,0.15,920.08,false,797.06,ORD-11101,returned,2025-09-18T16:39:32.000Z,digital_wallet,Sports,PRD-3122,Yoga Mat,2,null,web,14.99,standard,AZ,460.04,WH-NY-01,on_time
UNKNOWN,Miami,SUMMER15,USD,CUST-2421,returning,2025-08-15T11:48:24.000Z,7,mobile,16.09,0.15,107.24,true,106.14,ORD-11102,returned,2025-08-08T11:48:24.000Z,debit_card,Fashion,PRD-3104,Backpack,4,null,marketplace,14.99,same_day,FL,26.81,WH-TX-03,late
Back to School,Los Angeles,NO_COUPON,USD,CUST-2390,returning,2025-09-04T15:46:14.000Z,2,mobile,68.95,0.1,689.52,false,628.56,ORD-11103,completed,2025-09-02T15:46:14.000Z,debit_card,Sports,PRD-3129,Resistance Bands,4,5,web,7.99,same_day,CA,172.38,WH-TX-03,on_time
Weekend Flash,New York,NO_COUPON,USD,CUST-2203,new,2025-09-24T04:55:26.000Z,1,desktop,0,0,2262.72,false,2277.71,ORD-11104,completed,2025-09-23T04:55:26.000Z,bank_transfer,Sports,PRD-3086,Yoga Mat,3,4,web,14.99,standard,NY,754.24,WH-NY-01,on_time
AI Promo,Los Angeles,NO_COUPON,USD,CUST-2029,vip,2025-08-12T08:17:48.000Z,3,desktop,174.63,0.1,1746.27,false,1581.63,ORD-11105,completed,2025-08-09T08:17:48.000Z,debit_card,Sports,PRD-3140,Yoga Mat,3,3,marketplace,9.99,standard,CA,582.09,WH-CA-02,on_time
Summer Deals,Houston,FREESHIP,USD,CUST-2279,returning,2025-08-22T11:40:59.000Z,2,tablet,45.6,0.2,228,false,197.39,ORD-11106,completed,2025-08-20T11:40:59.000Z,debit_card,Sports,PRD-3286,Yoga Mat,4,5,mobile_app,14.99,same_day,TX,57,WH-CA-02,on_time
Back to School,Boston,WELCOME10,USD,CUST-2136,vip,2025-09-25T17:50:09.000Z,2,tablet,0,0,464.49,false,474.48,ORD-11107,completed,2025-09-23T17:50:09.000Z,digital_wallet,Books,PRD-3110,SQL Fundamentals,3,3,marketplace,9.99,standard,MA,154.83,WH-TX-03,on_time
Back to School,Boston,NO_COUPON,USD,CUST-2077,vip,2025-08-09T06:24:13.000Z,1,desktop,97.21,0.15,648.04,false,560.82,ORD-11108,completed,2025-08-08T06:24:13.000Z,debit_card,Electronics,PRD-3087,Wireless Earbuds,4,3,web,9.99,standard,MA,162.01,WH-TX-03,on_time
Summer Deals,San Francisco,NO_COUPON,USD,CUST-2006,returning,2025-08-10T02:23:12.000Z,4,desktop,572.54,0.2,2862.72,false,2295.17,ORD-11109,shipped,2025-08-06T02:23:12.000Z,credit_card,Home,PRD-3161,Coffee Machine,4,3,web,4.99,standard,CA,715.68,WH-NY-01,on_time
Back to School,Chicago,DATA20,USD,CUST-2088,new,2025-09-06T10:12:48.000Z,7,mobile,0,0,122.16,true,137.15,ORD-11110,completed,2025-08-30T10:12:48.000Z,digital_wallet,Fashion,PRD-3105,Sneakers,4,1,mobile_app,14.99,same_day,IL,30.54,WH-TX-03,late
Back to School,Dallas,DATA20,USD,CUST-2381,returning,2025-08-11T08:51:52.000Z,3,desktop,0,0,2110.08,false,2115.07,ORD-11111,completed,2025-08-08T08:51:52.000Z,debit_card,Books,PRD-3057,Python for Data,4,5,mobile_app,4.99,same_day,TX,527.52,WH-CA-02,on_time
Weekend Flash,New York,NO_COUPON,USD,CUST-2403,new,2025-09-25T15:48:19.000Z,3,desktop,0,0,1008.2,false,1013.19,ORD-11112,returned,2025-09-22T15:48:19.000Z,digital_wallet,Books,PRD-3074,AI for Everyone,4,null,mobile_app,4.99,standard,NY,252.05,WH-CA-02,on_time
AI Promo,Chicago,WELCOME10,USD,CUST-2453,new,2025-09-14T16:19:47.000Z,7,tablet,242.68,0.2,1213.42,true,970.74,ORD-11113,completed,2025-09-07T16:19:47.000Z,debit_card,Home,PRD-3012,LED Lamp,2,1,web,0,express,IL,606.71,WH-CA-02,late
Summer Deals,Los Angeles,DATA20,USD,CUST-2069,returning,null,null,tablet,76.31,0.2,381.56,null,315.24,ORD-11114,cancelled,2025-09-08T17:46:35.000Z,bank_transfer,Home,PRD-3184,Vacuum Cleaner,1,null,web,9.99,standard,CA,381.56,WH-NY-01,on_time
UNKNOWN,Chicago,FREESHIP,USD,CUST-2388,vip,2025-09-11T10:10:51.000Z,4,tablet,23.21,0.05,464.23,false,456.01,ORD-11115,shipped,2025-09-07T10:10:51.000Z,bank_transfer,Electronics,PRD-3275,Wireless Earbuds,1,2,web,14.99,express,IL,464.23,WH-CA-02,on_time
Back to School,Dallas,NO_COUPON,USD,CUST-2262,vip,2025-09-07T00:17:19.000Z,4,desktop,0,0,715.92,false,715.92,ORD-11116,completed,2025-09-03T00:17:19.000Z,credit_card,Books,PRD-3286,SQL Fundamentals,4,3,mobile_app,0,same_day,TX,178.98,WH-CA-02,on_time
AI Promo,Phoenix,WELCOME10,USD,CUST-2202,vip,2025-09-03T02:47:46.000Z,7,tablet,0,0,233.25,true,233.25,ORD-11117,shipped,2025-08-27T02:47:46.000Z,bank_transfer,Sports,PRD-3066,Dumbbell Set,3,5,marketplace,0,standard,AZ,77.75,WH-TX-03,late
Weekend Flash,Phoenix,WELCOME10,USD,CUST-2222,new,2025-08-12T15:36:33.000Z,4,tablet,33.54,0.15,223.63,false,195.08,ORD-11118,completed,2025-08-08T15:36:33.000Z,credit_card,Sports,PRD-3005,Resistance Bands,1,5,mobile_app,4.99,standard,AZ,223.63,WH-TX-03,on_time
Back to School,Miami,FREESHIP,USD,CUST-2128,returning,2025-09-19T14:00:03.000Z,1,tablet,0,0,881.49,false,886.48,ORD-11119,completed,2025-09-18T14:00:03.000Z,debit_card,Home,PRD-3207,Air Fryer,3,2,marketplace,4.99,same_day,FL,293.83,WH-TX-03,on_time
UNKNOWN,New York,WELCOME10,USD,CUST-2421,new,2025-08-04T02:54:54.000Z,1,tablet,10.58,0.1,105.84,false,95.26,ORD-11120,completed,2025-08-03T02:54:54.000Z,digital_wallet,Electronics,PRD-3254,Wireless Earbuds,1,4,mobile_app,0,same_day,NY,105.84,WH-TX-03,on_time
Back to School,Dallas,FREESHIP,USD,CUST-2483,vip,2025-08-05T01:50:46.000Z,3,desktop,0,0,2973.05,false,2983.04,ORD-11121,completed,2025-08-02T01:50:46.000Z,debit_card,Sports,PRD-3133,Resistance Bands,5,4,web,9.99,standard,TX,594.61,WH-NY-01,on_time
AI Promo,Boston,NO_COUPON,USD,CUST-2476,new,2025-09-28T11:46:53.000Z,2,mobile,110.12,0.1,1101.18,false,991.06,ORD-11122,completed,2025-09-26T11:46:53.000Z,bank_transfer,Sports,PRD-3163,Cycling Helmet,2,4,marketplace,0,same_day,MA,550.59,WH-CA-02,on_time
Summer Deals,Dallas,NO_COUPON,USD,CUST-2391,new,2025-09-25T05:00:04.000Z,3,desktop,0,0,128.56,false,136.55,ORD-11123,completed,2025-09-22T05:00:04.000Z,digital_wallet,Home,PRD-3211,LED Lamp,1,5,web,7.99,express,TX,128.56,WH-TX-03,on_time
UNKNOWN,Boston,DATA20,USD,CUST-2137,vip,2025-08-30T12:45:03.000Z,1,mobile,70.16,0.1,701.61,false,641.44,ORD-11124,completed,2025-08-29T12:45:03.000Z,credit_card,Sports,PRD-3072,Cycling Helmet,3,4,marketplace,9.99,same_day,MA,233.87,WH-NY-01,on_time
Weekend Flash,Chicago,FREESHIP,USD,CUST-2255,returning,2025-10-02T20:09:02.000Z,5,desktop,0,0,1443.63,true,1448.62,ORD-11125,completed,2025-09-27T20:09:02.000Z,debit_card,Home,PRD-3070,Coffee Machine,3,4,marketplace,4.99,express,IL,481.21,WH-CA-02,late
Summer Deals,Phoenix,NO_COUPON,USD,CUST-2287,new,2025-08-20T10:10:39.000Z,1,tablet,0,0,1128.44,false,1128.44,ORD-11126,returned,2025-08-19T10:10:39.000Z,credit_card,Home,PRD-3170,Vacuum Cleaner,4,null,marketplace,0,same_day,AZ,282.11,WH-NY-01,on_time
UNKNOWN,Chicago,NO_COUPON,USD,CUST-2029,returning,2025-08-13T09:03:29.000Z,5,desktop,273.55,0.2,1367.76,true,1104.2,ORD-11127,completed,2025-08-08T09:03:29.000Z,credit_card,Fashion,PRD-3013,Jacket,3,5,web,9.99,standard,IL,455.92,WH-NY-01,late
Summer Deals,Dallas,DATA20,USD,CUST-2180,new,2025-08-19T12:36:47.000Z,6,mobile,15.69,0.2,78.47,true,67.77,ORD-11128,completed,2025-08-13T12:36:47.000Z,bank_transfer,Home,PRD-3136,Coffee Machine,1,4,mobile_app,4.99,standard,TX,78.47,WH-TX-03,late
UNKNOWN,Seattle,FREESHIP,USD,CUST-2226,returning,2025-09-22T09:56:19.000Z,6,tablet,28.09,0.05,561.81,true,543.71,ORD-11129,completed,2025-09-16T09:56:19.000Z,credit_card,Books,PRD-3154,AI for Everyone,3,4,mobile_app,9.99,standard,WA,187.27,WH-NY-01,late
Weekend Flash,San Francisco,WELCOME10,USD,CUST-2043,returning,2025-09-04T12:16:15.000Z,3,tablet,119.64,0.2,598.2,false,486.55,ORD-11130,shipped,2025-09-01T12:16:15.000Z,bank_transfer,Home,PRD-3087,Air Fryer,2,2,web,7.99,standard,CA,299.1,WH-CA-02,on_time
UNKNOWN,Chicago,DATA20,USD,CUST-2205,new,2025-09-21T20:59:22.000Z,6,desktop,394.81,0.1,3948.1,true,3563.28,ORD-11131,returned,2025-09-15T20:59:22.000Z,digital_wallet,Books,PRD-3040,Data Engineering Basics,5,null,mobile_app,9.99,express,IL,789.62,WH-CA-02,late
Weekend Flash,Dallas,DATA20,USD,CUST-2212,new,2025-09-10T09:40:13.000Z,3,desktop,76.78,0.2,383.91,false,312.12,ORD-11132,completed,2025-09-07T09:40:13.000Z,digital_wallet,Fashion,PRD-3257,Jacket,1,3,marketplace,4.99,express,TX,383.91,WH-NY-01,on_time
AI Promo,Houston,FREESHIP,USD,CUST-2486,new,2025-09-23T21:56:47.000Z,7,mobile,0,0,1953.72,true,1961.71,ORD-11133,completed,2025-09-16T21:56:47.000Z,bank_transfer,Fashion,PRD-3173,Jacket,3,4,mobile_app,7.99,same_day,TX,651.24,WH-NY-01,late
Weekend Flash,San Francisco,WELCOME10,USD,CUST-2064,new,2025-09-22T17:41:52.000Z,1,tablet,18.86,0.2,94.32,false,83.45,ORD-11134,returned,2025-09-21T17:41:52.000Z,credit_card,Fashion,PRD-3253,Backpack,4,null,marketplace,7.99,same_day,CA,23.58,WH-CA-02,on_time
Back to School,Houston,DATA20,USD,CUST-2371,new,2025-09-27T17:32:55.000Z,7,tablet,19.45,0.05,388.94,true,384.48,ORD-11135,shipped,2025-09-20T17:32:55.000Z,digital_wallet,Electronics,PRD-3142,Tablet Stand,2,4,marketplace,14.99,same_day,TX,194.47,WH-CA-02,late
Summer Deals,Seattle,WELCOME10,USD,CUST-2337,vip,2025-08-15T10:10:52.000Z,3,mobile,0,0,284.38,false,284.38,ORD-11136,completed,2025-08-12T10:10:52.000Z,credit_card,Fashion,PRD-3096,Sneakers,1,5,web,0,standard,WA,284.38,WH-NY-01,on_time
Summer Deals,Phoenix,WELCOME10,USD,CUST-2028,new,2025-08-15T06:46:41.000Z,7,mobile,2.66,0.1,26.62,true,28.95,ORD-11137,shipped,2025-08-08T06:46:41.000Z,credit_card,Sports,PRD-3032,Resistance Bands,2,2,mobile_app,4.99,same_day,AZ,13.31,WH-TX-03,late
UNKNOWN,Boston,NO_COUPON,USD,CUST-2060,new,2025-08-18T17:58:59.000Z,4,tablet,0,0,220.02,false,220.02,ORD-11138,returned,2025-08-14T17:58:59.000Z,digital_wallet,Sports,PRD-3255,Yoga Mat,3,null,mobile_app,0,same_day,MA,73.34,WH-CA-02,on_time
Back to School,New York,SUMMER15,USD,CUST-2433,vip,2025-09-21T09:46:32.000Z,3,tablet,70.84,0.05,1416.88,false,1361.03,ORD-11139,completed,2025-09-18T09:46:32.000Z,credit_card,Electronics,PRD-3169,Tablet Stand,2,5,web,14.99,same_day,NY,708.44,WH-NY-01,on_time
Weekend Flash,Houston,FREESHIP,USD,CUST-2268,vip,2025-08-07T23:59:10.000Z,5,desktop,0,0,932.65,true,932.65,ORD-11140,shipped,2025-08-02T23:59:10.000Z,credit_card,Books,PRD-3071,AI for Everyone,5,1,mobile_app,0,same_day,TX,186.53,WH-CA-02,late
Back to School,Los Angeles,SUMMER15,USD,CUST-2347,vip,2025-08-11T03:30:53.000Z,2,tablet,347.13,0.2,1735.65,false,1403.51,ORD-11141,completed,2025-08-09T03:30:53.000Z,digital_wallet,Books,PRD-3197,Python for Data,5,5,marketplace,14.99,express,CA,347.13,WH-TX-03,on_time
UNKNOWN,Houston,SUMMER15,USD,CUST-2281,new,2025-09-06T11:57:57.000Z,1,tablet,67.16,0.1,671.63,false,614.46,ORD-11142,completed,2025-09-05T11:57:57.000Z,bank_transfer,Books,PRD-3282,AI for Everyone,1,5,marketplace,9.99,express,TX,671.63,WH-NY-01,on_time
AI Promo,New York,DATA20,USD,CUST-2300,new,2025-08-21T20:11:10.000Z,7,tablet,0,0,1615.83,true,1620.82,ORD-11143,completed,2025-08-14T20:11:10.000Z,bank_transfer,Home,PRD-3196,LED Lamp,3,2,web,4.99,express,NY,538.61,WH-CA-02,late
Back to School,Miami,NO_COUPON,USD,CUST-2469,returning,2025-09-15T06:07:15.000Z,5,tablet,0,0,1928.01,true,1938,ORD-11144,returned,2025-09-10T06:07:15.000Z,bank_transfer,Electronics,PRD-3073,Tablet Stand,3,null,marketplace,9.99,standard,FL,642.67,WH-CA-02,late
Weekend Flash,Phoenix,DATA20,USD,CUST-2458,new,2025-08-19T19:02:52.000Z,6,mobile,0,0,269.72,true,274.71,ORD-11145,shipped,2025-08-13T19:02:52.000Z,debit_card,Home,PRD-3058,Coffee Machine,4,5,web,4.99,same_day,AZ,67.43,WH-CA-02,late
Summer Deals,Dallas,SUMMER15,USD,CUST-2162,new,2025-09-24T21:38:51.000Z,7,mobile,9.21,0.05,184.11,true,174.9,ORD-11146,completed,2025-09-17T21:38:51.000Z,credit_card,Fashion,PRD-3052,Sneakers,1,3,mobile_app,0,express,TX,184.11,WH-TX-03,late
Back to School,San Francisco,NO_COUPON,USD,CUST-2169,new,2025-08-21T05:55:59.000Z,5,tablet,449.32,0.2,2246.6,true,1802.27,ORD-11147,returned,2025-08-16T05:55:59.000Z,credit_card,Sports,PRD-3047,Resistance Bands,4,null,web,4.99,express,CA,561.65,WH-NY-01,late
Back to School,Phoenix,NO_COUPON,USD,CUST-2242,new,2025-09-30T02:50:27.000Z,7,desktop,43.01,0.1,430.14,true,402.12,ORD-11148,completed,2025-09-23T02:50:27.000Z,debit_card,Books,PRD-3165,Data Engineering Basics,2,5,marketplace,14.99,same_day,AZ,215.07,WH-CA-02,late
Summer Deals,Miami,WELCOME10,USD,CUST-2193,vip,2025-09-05T00:06:21.000Z,3,tablet,28.96,0.05,579.25,false,565.28,ORD-11149,completed,2025-09-02T00:06:21.000Z,debit_card,Fashion,PRD-3237,Sneakers,5,4,mobile_app,14.99,same_day,FL,115.85,WH-NY-01,on_time
AI Promo,Chicago,NO_COUPON,USD,CUST-2227,new,2025-09-20T22:29:09.000Z,1,desktop,53.06,0.05,1061.25,false,1018.18,ORD-11150,completed,2025-09-19T22:29:09.000Z,digital_wallet,Fashion,PRD-3105,Jacket,3,4,mobile_app,9.99,standard,IL,353.75,WH-CA-02,on_time
Summer Deals,Phoenix,DATA20,USD,CUST-2455,returning,2025-09-06T18:19:14.000Z,5,mobile,0,0,390.11,true,390.11,ORD-11151,completed,2025-09-01T18:19:14.000Z,bank_transfer,Books,PRD-3155,SQL Fundamentals,1,4,web,0,same_day,AZ,390.11,WH-TX-03,late
AI Promo,Chicago,FREESHIP,USD,CUST-2096,vip,2025-09-23T20:43:33.000Z,4,desktop,13.8,0.05,275.96,false,270.15,ORD-11152,completed,2025-09-19T20:43:33.000Z,digital_wallet,Books,PRD-3024,Python for Data,2,1,marketplace,7.99,express,IL,137.98,WH-NY-01,on_time
UNKNOWN,New York,SUMMER15,USD,CUST-2281,returning,null,null,desktop,109.94,0.1,1099.44,null,989.5,ORD-11153,cancelled,2025-09-26T06:13:21.000Z,debit_card,Books,PRD-3071,Data Engineering Basics,2,null,web,0,standard,NY,549.72,WH-CA-02,on_time
Back to School,Dallas,SUMMER15,USD,CUST-2030,vip,2025-10-05T00:25:37.000Z,6,desktop,16.55,0.05,331.09,true,329.53,ORD-11154,completed,2025-09-29T00:25:37.000Z,credit_card,Books,PRD-3121,Python for Data,1,4,web,14.99,express,TX,331.09,WH-TX-03,late
Summer Deals,Dallas,FREESHIP,USD,CUST-2398,new,2025-10-01T18:38:54.000Z,4,mobile,192.34,0.1,1923.35,false,1731.01,ORD-11155,completed,2025-09-27T18:38:54.000Z,digital_wallet,Sports,PRD-3165,Dumbbell Set,5,5,web,0,standard,TX,384.67,WH-TX-03,on_time
Weekend Flash,Boston,FREESHIP,USD,CUST-2426,vip,2025-09-04T10:37:45.000Z,7,mobile,85.72,0.05,1714.32,true,1633.59,ORD-11156,completed,2025-08-28T10:37:45.000Z,debit_card,Books,PRD-3093,Data Engineering Basics,3,5,web,4.99,express,MA,571.44,WH-CA-02,late
Back to School,Houston,DATA20,USD,CUST-2238,returning,2025-09-01T11:06:48.000Z,1,desktop,227.15,0.2,1135.74,false,913.58,ORD-11157,returned,2025-08-31T11:06:48.000Z,credit_card,Home,PRD-3219,Air Fryer,2,null,marketplace,4.99,express,TX,567.87,WH-CA-02,on_time
UNKNOWN,Chicago,DATA20,USD,CUST-2017,returning,2025-08-23T16:53:35.000Z,4,mobile,33.63,0.05,672.6,false,638.97,ORD-11158,shipped,2025-08-19T16:53:35.000Z,credit_card,Electronics,PRD-3218,Bluetooth Speaker,5,5,mobile_app,0,standard,IL,134.52,WH-NY-01,on_time
Summer Deals,Chicago,NO_COUPON,USD,CUST-2425,new,2025-08-11T16:11:43.000Z,4,desktop,450.02,0.15,3000.15,false,2550.13,ORD-11159,completed,2025-08-07T16:11:43.000Z,credit_card,Electronics,PRD-3280,Smart Watch,5,1,mobile_app,0,express,IL,600.03,WH-NY-01,on_time
Weekend Flash,Houston,SUMMER15,USD,CUST-2095,returning,2025-09-18T08:02:18.000Z,5,mobile,0,0,2959.36,true,2967.35,ORD-11160,completed,2025-09-13T08:02:18.000Z,digital_wallet,Electronics,PRD-3130,Tablet Stand,4,5,web,7.99,same_day,TX,739.84,WH-NY-01,late
UNKNOWN,Miami,SUMMER15,USD,CUST-2204,returning,null,null,mobile,0,0,2512.76,null,2527.75,ORD-11161,cancelled,2025-08-02T01:14:36.000Z,bank_transfer,Home,PRD-3081,LED Lamp,4,null,web,14.99,standard,FL,628.19,WH-NY-01,on_time
Weekend Flash,Boston,DATA20,USD,CUST-2114,returning,2025-09-09T10:10:57.000Z,5,mobile,75,0.1,749.98,true,679.97,ORD-11162,completed,2025-09-04T10:10:57.000Z,digital_wallet,Home,PRD-3153,Vacuum Cleaner,2,2,marketplace,4.99,standard,MA,374.99,WH-CA-02,late
Back to School,Seattle,NO_COUPON,USD,CUST-2136,vip,2025-09-08T04:19:22.000Z,2,tablet,104.05,0.1,1040.5,false,941.44,ORD-11163,shipped,2025-09-06T04:19:22.000Z,digital_wallet,Books,PRD-3192,Data Engineering Basics,2,1,marketplace,4.99,same_day,WA,520.25,WH-TX-03,on_time
Back to School,Dallas,DATA20,USD,CUST-2280,new,2025-08-25T21:54:55.000Z,1,tablet,523.75,0.2,2618.76,false,2105,ORD-11164,completed,2025-08-24T21:54:55.000Z,debit_card,Books,PRD-3053,AI for Everyone,4,3,marketplace,9.99,same_day,TX,654.69,WH-NY-01,on_time
Weekend Flash,Chicago,WELCOME10,USD,CUST-2089,new,2025-08-08T16:16:34.000Z,5,mobile,0,0,1870.62,true,1885.61,ORD-11165,completed,2025-08-03T16:16:34.000Z,debit_card,Electronics,PRD-3127,Bluetooth Speaker,3,5,web,14.99,standard,IL,623.54,WH-NY-01,late
UNKNOWN,San Francisco,WELCOME10,USD,CUST-2146,returning,2025-08-29T09:07:39.000Z,6,tablet,78.98,0.2,394.89,true,323.9,ORD-11166,completed,2025-08-23T09:07:39.000Z,digital_wallet,Electronics,PRD-3018,Wireless Earbuds,3,5,marketplace,7.99,same_day,CA,131.63,WH-TX-03,late
Weekend Flash,Dallas,DATA20,USD,CUST-2068,new,2025-08-21T15:25:58.000Z,2,mobile,0,0,1005.58,false,1010.57,ORD-11167,shipped,2025-08-19T15:25:58.000Z,debit_card,Fashion,PRD-3178,Backpack,2,2,marketplace,4.99,standard,TX,502.79,WH-CA-02,on_time
Back to School,Phoenix,FREESHIP,USD,CUST-2488,new,2025-09-26T03:25:20.000Z,7,mobile,70.5,0.1,704.97,true,642.46,ORD-11168,shipped,2025-09-19T03:25:20.000Z,digital_wallet,Electronics,PRD-3125,Smart Watch,1,4,mobile_app,7.99,standard,AZ,704.97,WH-CA-02,late
Weekend Flash,Miami,DATA20,USD,CUST-2048,vip,null,null,desktop,0,0,229.51,null,239.5,ORD-11169,cancelled,2025-08-13T03:49:55.000Z,credit_card,Fashion,PRD-3176,Jacket,1,null,mobile_app,9.99,same_day,FL,229.51,WH-NY-01,on_time
Summer Deals,Seattle,DATA20,USD,CUST-2487,returning,2025-08-20T07:25:08.000Z,4,desktop,56.54,0.1,565.36,false,516.81,ORD-11170,returned,2025-08-16T07:25:08.000Z,digital_wallet,Books,PRD-3078,Python for Data,1,null,web,7.99,express,WA,565.36,WH-NY-01,on_time
AI Promo,Chicago,WELCOME10,USD,CUST-2162,new,2025-09-13T02:10:42.000Z,6,mobile,0,0,210.34,true,210.34,ORD-11171,shipped,2025-09-07T02:10:42.000Z,credit_card,Electronics,PRD-3098,Tablet Stand,2,5,web,0,standard,IL,105.17,WH-TX-03,late
Weekend Flash,Houston,FREESHIP,USD,CUST-2122,vip,2025-09-22T12:06:37.000Z,6,tablet,0.89,0.05,17.85,true,21.95,ORD-11172,completed,2025-09-16T12:06:37.000Z,digital_wallet,Fashion,PRD-3227,Jacket,1,5,mobile_app,4.99,same_day,TX,17.85,WH-CA-02,late
Back to School,Miami,NO_COUPON,USD,CUST-2131,vip,2025-08-13T00:34:15.000Z,6,desktop,0,0,917.25,true,922.24,ORD-11173,returned,2025-08-07T00:34:15.000Z,debit_card,Sports,PRD-3277,Dumbbell Set,3,null,marketplace,4.99,same_day,FL,305.75,WH-CA-02,late
UNKNOWN,Dallas,SUMMER15,USD,CUST-2088,vip,2025-09-26T02:12:13.000Z,2,tablet,34.19,0.2,170.96,false,146.76,ORD-11174,returned,2025-09-24T02:12:13.000Z,credit_card,Books,PRD-3221,Data Engineering Basics,4,null,marketplace,9.99,express,TX,42.74,WH-NY-01,on_time
Summer Deals,Chicago,WELCOME10,USD,CUST-2402,returning,2025-08-10T00:21:40.000Z,5,tablet,172.79,0.1,1727.91,true,1563.11,ORD-11175,returned,2025-08-05T00:21:40.000Z,debit_card,Fashion,PRD-3272,T-Shirt,3,null,marketplace,7.99,express,IL,575.97,WH-TX-03,late
Summer Deals,Miami,SUMMER15,USD,CUST-2186,returning,2025-08-24T20:30:08.000Z,6,tablet,126.59,0.2,632.94,true,521.34,ORD-11176,shipped,2025-08-18T20:30:08.000Z,credit_card,Home,PRD-3164,Coffee Machine,1,4,mobile_app,14.99,same_day,FL,632.94,WH-NY-01,late
Summer Deals,Dallas,FREESHIP,USD,CUST-2479,vip,null,null,mobile,0,0,465.06,null,465.06,ORD-11177,cancelled,2025-09-04T13:22:46.000Z,debit_card,Home,PRD-3154,Vacuum Cleaner,3,null,web,0,same_day,TX,155.02,WH-NY-01,on_time
Summer Deals,Boston,FREESHIP,USD,CUST-2305,new,2025-08-21T16:05:18.000Z,5,tablet,0,0,520.43,true,525.42,ORD-11178,shipped,2025-08-16T16:05:18.000Z,debit_card,Fashion,PRD-3214,Backpack,1,4,mobile_app,4.99,same_day,MA,520.43,WH-NY-01,late
Back to School,Chicago,DATA20,USD,CUST-2332,new,2025-08-25T21:12:11.000Z,1,tablet,0,0,30.57,false,45.56,ORD-11179,completed,2025-08-24T21:12:11.000Z,credit_card,Books,PRD-3119,Data Engineering Basics,3,5,mobile_app,14.99,standard,IL,10.19,WH-TX-03,on_time
UNKNOWN,Houston,NO_COUPON,USD,CUST-2487,vip,2025-08-13T13:19:53.000Z,4,desktop,459.58,0.15,3063.9,false,2609.31,ORD-11180,completed,2025-08-09T13:19:53.000Z,digital_wallet,Home,PRD-3003,LED Lamp,5,4,mobile_app,4.99,standard,TX,612.78,WH-NY-01,on_time
UNKNOWN,Miami,SUMMER15,USD,CUST-2029,returning,2025-10-07T05:47:26.000Z,7,mobile,78.93,0.1,789.27,true,710.34,ORD-11181,returned,2025-09-30T05:47:26.000Z,debit_card,Books,PRD-3201,Python for Data,3,null,web,0,same_day,FL,263.09,WH-TX-03,late
Back to School,San Francisco,WELCOME10,USD,CUST-2218,vip,2025-08-17T16:27:05.000Z,4,mobile,92.45,0.1,924.46,false,837,ORD-11182,returned,2025-08-13T16:27:05.000Z,debit_card,Electronics,PRD-3057,Wireless Earbuds,2,null,mobile_app,4.99,express,CA,462.23,WH-NY-01,on_time
Summer Deals,Boston,FREESHIP,USD,CUST-2461,returning,2025-10-04T14:45:06.000Z,4,tablet,114.58,0.05,2291.68,false,2182.09,ORD-11183,completed,2025-09-30T14:45:06.000Z,debit_card,Fashion,PRD-3101,Jacket,4,5,mobile_app,4.99,express,MA,572.92,WH-TX-03,on_time
AI Promo,Seattle,NO_COUPON,USD,CUST-2093,vip,2025-09-28T06:13:50.000Z,3,desktop,0,0,1546.08,false,1556.07,ORD-11184,shipped,2025-09-25T06:13:50.000Z,digital_wallet,Sports,PRD-3220,Cycling Helmet,4,5,mobile_app,9.99,express,WA,386.52,WH-NY-01,on_time
AI Promo,Dallas,WELCOME10,USD,CUST-2094,new,null,null,desktop,2.56,0.1,25.62,null,38.05,ORD-11185,cancelled,2025-09-10T02:12:11.000Z,digital_wallet,Sports,PRD-3287,Resistance Bands,1,null,mobile_app,14.99,express,TX,25.62,WH-CA-02,on_time
Weekend Flash,Los Angeles,SUMMER15,USD,CUST-2230,vip,2025-09-24T14:32:52.000Z,4,mobile,54.91,0.1,549.09,false,502.17,ORD-11186,shipped,2025-09-20T14:32:52.000Z,bank_transfer,Books,PRD-3184,SQL Fundamentals,3,5,mobile_app,7.99,same_day,CA,183.03,WH-CA-02,on_time
AI Promo,Chicago,DATA20,USD,CUST-2491,new,2025-09-06T21:46:45.000Z,3,desktop,0,0,927.56,false,932.55,ORD-11187,completed,2025-09-03T21:46:45.000Z,bank_transfer,Books,PRD-3117,Python for Data,4,3,marketplace,4.99,same_day,IL,231.89,WH-CA-02,on_time
Summer Deals,Phoenix,NO_COUPON,USD,CUST-2017,vip,2025-09-27T02:38:01.000Z,7,desktop,0,0,956.22,true,964.21,ORD-11188,returned,2025-09-20T02:38:01.000Z,bank_transfer,Home,PRD-3274,Air Fryer,3,null,mobile_app,7.99,same_day,AZ,318.74,WH-NY-01,late
AI Promo,Phoenix,FREESHIP,USD,CUST-2203,vip,2025-09-05T00:16:17.000Z,2,mobile,0,0,1776.78,false,1786.77,ORD-11189,completed,2025-09-03T00:16:17.000Z,bank_transfer,Books,PRD-3278,Data Engineering Basics,3,3,web,9.99,express,AZ,592.26,WH-CA-02,on_time
Summer Deals,Miami,NO_COUPON,USD,CUST-2419,vip,2025-08-31T05:19:56.000Z,6,tablet,363.88,0.15,2425.84,true,2061.96,ORD-11190,completed,2025-08-25T05:19:56.000Z,credit_card,Home,PRD-3293,Coffee Machine,4,5,marketplace,0,standard,FL,606.46,WH-CA-02,late
Back to School,Chicago,SUMMER15,USD,CUST-2288,returning,2025-08-11T06:29:41.000Z,7,desktop,4.69,0.05,93.8,true,97.1,ORD-11191,returned,2025-08-04T06:29:41.000Z,digital_wallet,Sports,PRD-3121,Yoga Mat,5,null,mobile_app,7.99,express,IL,18.76,WH-CA-02,late
Weekend Flash,New York,FREESHIP,USD,CUST-2226,vip,null,null,mobile,216.55,0.15,1443.68,null,1242.12,ORD-11192,cancelled,2025-08-16T14:01:25.000Z,credit_card,Home,PRD-3208,Vacuum Cleaner,4,null,mobile_app,14.99,same_day,NY,360.92,WH-NY-01,on_time
UNKNOWN,Chicago,WELCOME10,USD,CUST-2261,vip,2025-09-26T10:39:01.000Z,7,desktop,426.84,0.15,2845.6,true,2426.75,ORD-11193,shipped,2025-09-19T10:39:01.000Z,bank_transfer,Books,PRD-3169,Data Engineering Basics,4,1,marketplace,7.99,same_day,IL,711.4,WH-NY-01,late
AI Promo,Seattle,SUMMER15,USD,CUST-2258,returning,2025-09-22T00:44:39.000Z,7,mobile,46.24,0.05,924.78,true,883.53,ORD-11194,returned,2025-09-15T00:44:39.000Z,credit_card,Books,PRD-3162,SQL Fundamentals,2,null,web,4.99,same_day,WA,462.39,WH-TX-03,late
Weekend Flash,Chicago,FREESHIP,USD,CUST-2206,vip,2025-09-03T06:48:04.000Z,5,desktop,27.93,0.05,558.63,true,545.69,ORD-11195,returned,2025-08-29T06:48:04.000Z,digital_wallet,Home,PRD-3016,Air Fryer,1,null,marketplace,14.99,standard,IL,558.63,WH-NY-01,late
Back to School,Los Angeles,DATA20,USD,CUST-2261,vip,2025-10-08T02:37:11.000Z,7,tablet,46.65,0.1,466.53,true,424.87,ORD-11196,returned,2025-10-01T02:37:11.000Z,debit_card,Books,PRD-3291,SQL Fundamentals,1,null,mobile_app,4.99,express,CA,466.53,WH-TX-03,late
Back to School,Chicago,FREESHIP,USD,CUST-2422,returning,2025-08-07T22:47:58.000Z,1,desktop,0,0,1545.92,false,1555.91,ORD-11197,shipped,2025-08-06T22:47:58.000Z,bank_transfer,Books,PRD-3088,AI for Everyone,2,2,marketplace,9.99,standard,IL,772.96,WH-NY-01,on_time
Back to School,Boston,DATA20,USD,CUST-2010,new,null,null,desktop,155.65,0.2,778.26,null,627.6,ORD-11198,cancelled,2025-08-21T17:43:40.000Z,digital_wallet,Sports,PRD-3290,Dumbbell Set,1,null,web,4.99,express,MA,778.26,WH-CA-02,on_time
Weekend Flash,Boston,WELCOME10,USD,CUST-2119,vip,2025-08-06T19:16:38.000Z,5,tablet,248.69,0.1,2486.85,true,2243.15,ORD-11199,completed,2025-08-01T19:16:38.000Z,credit_card,Home,PRD-3143,Air Fryer,5,5,marketplace,4.99,same_day,MA,497.37,WH-TX-03,late
AI Promo,Los Angeles,NO_COUPON,USD,CUST-2176,vip,2025-09-16T20:41:17.000Z,6,tablet,0,0,1686.45,true,1696.44,ORD-11200,completed,2025-09-10T20:41:17.000Z,digital_wallet,Books,PRD-3027,Python for Data,5,4,marketplace,9.99,same_day,CA,337.29,WH-TX-03,late
UNKNOWN,Chicago,WELCOME10,USD,CUST-2323,returning,2025-08-13T23:03:59.000Z,5,desktop,53.91,0.1,539.14,true,485.23,ORD-11201,completed,2025-08-08T23:03:59.000Z,credit_card,Sports,PRD-3025,Yoga Mat,2,2,mobile_app,0,same_day,IL,269.57,WH-NY-01,late
Weekend Flash,Dallas,NO_COUPON,USD,CUST-2395,returning,2025-09-14T21:35:11.000Z,6,tablet,40.76,0.15,271.74,true,235.97,ORD-11202,returned,2025-09-08T21:35:11.000Z,credit_card,Electronics,PRD-3168,Tablet Stand,2,null,web,4.99,express,TX,135.87,WH-TX-03,late
Summer Deals,Dallas,NO_COUPON,USD,CUST-2217,vip,2025-09-14T16:05:04.000Z,4,mobile,304.64,0.2,1523.22,false,1228.57,ORD-11203,shipped,2025-09-10T16:05:04.000Z,debit_card,Sports,PRD-3198,Cycling Helmet,2,3,marketplace,9.99,express,TX,761.61,WH-CA-02,on_time
AI Promo,Chicago,SUMMER15,USD,CUST-2090,returning,2025-08-15T22:03:40.000Z,7,tablet,0,0,429,true,443.99,ORD-11204,returned,2025-08-08T22:03:40.000Z,bank_transfer,Electronics,PRD-3136,Wireless Earbuds,1,null,mobile_app,14.99,standard,IL,429,WH-TX-03,late
AI Promo,Seattle,SUMMER15,USD,CUST-2383,returning,null,null,tablet,273.87,0.2,1369.35,null,1105.47,ORD-11205,cancelled,2025-09-27T08:05:11.000Z,debit_card,Home,PRD-3074,LED Lamp,5,null,marketplace,9.99,same_day,WA,273.87,WH-NY-01,on_time
AI Promo,Seattle,FREESHIP,USD,CUST-2208,vip,2025-08-29T15:00:11.000Z,5,mobile,0,0,945.2,true,955.19,ORD-11206,completed,2025-08-24T15:00:11.000Z,credit_card,Sports,PRD-3193,Yoga Mat,2,1,mobile_app,9.99,standard,WA,472.6,WH-NY-01,late
AI Promo,Seattle,NO_COUPON,USD,CUST-2359,vip,2025-08-27T15:44:48.000Z,4,desktop,0,0,2031.36,false,2039.35,ORD-11207,completed,2025-08-23T15:44:48.000Z,debit_card,Fashion,PRD-3143,Backpack,3,4,web,7.99,express,WA,677.12,WH-TX-03,on_time
Summer Deals,Dallas,NO_COUPON,USD,CUST-2078,new,2025-08-23T00:23:17.000Z,6,mobile,144.15,0.1,1441.5,true,1307.34,ORD-11208,completed,2025-08-17T00:23:17.000Z,digital_wallet,Home,PRD-3220,Air Fryer,5,2,mobile_app,9.99,express,TX,288.3,WH-TX-03,late
UNKNOWN,Boston,SUMMER15,USD,CUST-2455,vip,2025-09-11T17:36:52.000Z,4,mobile,0,0,234.13,false,242.12,ORD-11209,returned,2025-09-07T17:36:52.000Z,debit_card,Sports,PRD-3026,Resistance Bands,1,null,mobile_app,7.99,same_day,MA,234.13,WH-CA-02,on_time
AI Promo,Chicago,DATA20,USD,CUST-2091,new,2025-09-01T20:04:29.000Z,5,desktop,0,0,910.6,true,920.59,ORD-11210,shipped,2025-08-27T20:04:29.000Z,debit_card,Home,PRD-3080,Coffee Machine,2,2,web,9.99,standard,IL,455.3,WH-TX-03,late
AI Promo,Miami,DATA20,USD,CUST-2269,new,2025-08-25T21:00:19.000Z,1,tablet,342.59,0.15,2283.96,false,1946.36,ORD-11211,completed,2025-08-24T21:00:19.000Z,debit_card,Books,PRD-3129,Data Engineering Basics,4,5,mobile_app,4.99,standard,FL,570.99,WH-NY-01,on_time
Back to School,Boston,FREESHIP,USD,CUST-2153,new,2025-08-10T20:00:01.000Z,1,tablet,0,0,3905.4,false,3910.39,ORD-11212,completed,2025-08-09T20:00:01.000Z,debit_card,Sports,PRD-3239,Dumbbell Set,5,5,marketplace,4.99,same_day,MA,781.08,WH-CA-02,on_time
UNKNOWN,Houston,FREESHIP,USD,CUST-2295,returning,2025-08-25T11:01:13.000Z,5,mobile,0,0,2937.8,true,2942.79,ORD-11213,returned,2025-08-20T11:01:13.000Z,debit_card,Electronics,PRD-3279,Bluetooth Speaker,5,null,web,4.99,standard,TX,587.56,WH-TX-03,late
AI Promo,Dallas,DATA20,USD,CUST-2318,vip,2025-09-21T05:44:08.000Z,3,mobile,133.59,0.05,2671.72,false,2543.12,ORD-11214,completed,2025-09-18T05:44:08.000Z,debit_card,Books,PRD-3029,AI for Everyone,4,5,marketplace,4.99,standard,TX,667.93,WH-NY-01,on_time
Back to School,New York,FREESHIP,USD,CUST-2469,vip,2025-09-14T16:35:57.000Z,5,mobile,476.84,0.15,3178.92,true,2702.08,ORD-11215,completed,2025-09-09T16:35:57.000Z,debit_card,Sports,PRD-3190,Resistance Bands,4,4,marketplace,0,standard,NY,794.73,WH-CA-02,late
AI Promo,San Francisco,NO_COUPON,USD,CUST-2388,vip,2025-10-03T00:27:36.000Z,3,tablet,145.75,0.1,1457.48,false,1311.73,ORD-11216,completed,2025-09-30T00:27:36.000Z,bank_transfer,Home,PRD-3149,Air Fryer,4,4,marketplace,0,standard,CA,364.37,WH-CA-02,on_time
Summer Deals,Phoenix,WELCOME10,USD,CUST-2007,new,2025-09-08T05:39:20.000Z,7,desktop,52.24,0.2,261.21,true,213.96,ORD-11217,completed,2025-09-01T05:39:20.000Z,debit_card,Electronics,PRD-3254,Smart Watch,1,4,web,4.99,standard,AZ,261.21,WH-CA-02,late
Weekend Flash,New York,WELCOME10,USD,CUST-2303,new,2025-08-10T12:44:21.000Z,7,desktop,78.07,0.2,390.35,true,317.27,ORD-11218,shipped,2025-08-03T12:44:21.000Z,digital_wallet,Home,PRD-3100,Coffee Machine,5,4,marketplace,4.99,standard,NY,78.07,WH-CA-02,late
Back to School,Chicago,WELCOME10,USD,CUST-2228,vip,2025-09-12T08:49:17.000Z,4,desktop,45.46,0.05,909.2,false,878.73,ORD-11219,completed,2025-09-08T08:49:17.000Z,bank_transfer,Fashion,PRD-3066,Jacket,4,3,marketplace,14.99,standard,IL,227.3,WH-TX-03,on_time
AI Promo,Miami,WELCOME10,USD,CUST-2400,returning,2025-09-15T09:58:44.000Z,5,desktop,0,0,351.05,true,361.04,ORD-11220,returned,2025-09-10T09:58:44.000Z,bank_transfer,Books,PRD-3123,AI for Everyone,5,null,mobile_app,9.99,standard,FL,70.21,WH-CA-02,late
UNKNOWN,Seattle,FREESHIP,USD,CUST-2041,vip,null,null,mobile,5.89,0.15,39.26,null,41.36,ORD-11221,cancelled,2025-09-02T08:22:22.000Z,bank_transfer,Home,PRD-3165,LED Lamp,1,null,marketplace,7.99,express,WA,39.26,WH-CA-02,on_time
AI Promo,San Francisco,SUMMER15,USD,CUST-2457,new,2025-09-25T23:00:03.000Z,3,desktop,147.65,0.2,738.24,false,600.58,ORD-11222,completed,2025-09-22T23:00:03.000Z,credit_card,Home,PRD-3164,Air Fryer,1,5,marketplace,9.99,same_day,CA,738.24,WH-NY-01,on_time
UNKNOWN,Houston,DATA20,USD,CUST-2482,vip,2025-09-09T20:25:49.000Z,2,mobile,0,0,753.95,false,758.94,ORD-11223,returned,2025-09-07T20:25:49.000Z,bank_transfer,Sports,PRD-3123,Dumbbell Set,5,null,marketplace,4.99,same_day,TX,150.79,WH-CA-02,on_time
Summer Deals,Phoenix,WELCOME10,USD,CUST-2145,vip,2025-08-24T13:38:44.000Z,3,tablet,0,0,432,false,441.99,ORD-11224,completed,2025-08-21T13:38:44.000Z,debit_card,Electronics,PRD-3106,Tablet Stand,1,2,web,9.99,express,AZ,432,WH-NY-01,on_time
Weekend Flash,Houston,FREESHIP,USD,CUST-2250,new,2025-09-29T08:32:58.000Z,5,tablet,97.57,0.05,1951.48,true,1861.9,ORD-11225,completed,2025-09-24T08:32:58.000Z,credit_card,Electronics,PRD-3286,Smart Watch,4,2,marketplace,7.99,same_day,TX,487.87,WH-NY-01,late
AI Promo,Los Angeles,DATA20,USD,CUST-2200,returning,2025-08-08T14:43:54.000Z,2,mobile,0,0,1311.81,false,1311.81,ORD-11226,returned,2025-08-06T14:43:54.000Z,bank_transfer,Sports,PRD-3172,Yoga Mat,3,null,mobile_app,0,same_day,CA,437.27,WH-TX-03,on_time
UNKNOWN,New York,NO_COUPON,USD,CUST-2409,vip,2025-08-10T03:41:25.000Z,1,mobile,0,0,1284.54,false,1284.54,ORD-11227,completed,2025-08-09T03:41:25.000Z,bank_transfer,Fashion,PRD-3076,Backpack,2,1,marketplace,0,standard,NY,642.27,WH-CA-02,on_time
Back to School,New York,NO_COUPON,USD,CUST-2471,vip,2025-08-26T23:46:44.000Z,7,mobile,457.24,0.2,2286.18,true,1836.93,ORD-11228,completed,2025-08-19T23:46:44.000Z,bank_transfer,Books,PRD-3228,Data Engineering Basics,3,4,mobile_app,7.99,express,NY,762.06,WH-TX-03,late
Summer Deals,Boston,WELCOME10,USD,CUST-2360,vip,2025-08-29T12:55:26.000Z,2,mobile,186.2,0.1,1862,false,1685.79,ORD-11229,completed,2025-08-27T12:55:26.000Z,credit_card,Fashion,PRD-3187,Backpack,4,5,web,9.99,standard,MA,465.5,WH-NY-01,on_time
Summer Deals,Dallas,FREESHIP,USD,CUST-2170,new,2025-08-06T14:58:24.000Z,5,mobile,67.49,0.15,449.96,true,392.46,ORD-11230,completed,2025-08-01T14:58:24.000Z,digital_wallet,Fashion,PRD-3022,Sneakers,4,3,web,9.99,standard,TX,112.49,WH-NY-01,late
Weekend Flash,San Francisco,WELCOME10,USD,CUST-2441,new,2025-08-23T08:39:34.000Z,5,mobile,117.49,0.2,587.44,true,479.94,ORD-11231,completed,2025-08-18T08:39:34.000Z,credit_card,Electronics,PRD-3061,Smart Watch,1,3,marketplace,9.99,same_day,CA,587.44,WH-TX-03,late
Weekend Flash,New York,WELCOME10,USD,CUST-2190,vip,2025-08-16T06:12:49.000Z,4,tablet,29.21,0.05,584.25,false,563.03,ORD-11232,returned,2025-08-12T06:12:49.000Z,credit_card,Home,PRD-3188,LED Lamp,5,null,web,7.99,same_day,NY,116.85,WH-CA-02,on_time
UNKNOWN,New York,SUMMER15,USD,CUST-2140,vip,2025-10-02T17:42:20.000Z,3,mobile,8.79,0.05,175.88,false,177.08,ORD-11233,returned,2025-09-29T17:42:20.000Z,bank_transfer,Electronics,PRD-3023,Tablet Stand,4,null,marketplace,9.99,same_day,NY,43.97,WH-TX-03,on_time
Summer Deals,Phoenix,SUMMER15,USD,CUST-2179,vip,2025-08-09T04:35:07.000Z,6,tablet,0,0,187.85,true,202.84,ORD-11234,shipped,2025-08-03T04:35:07.000Z,bank_transfer,Fashion,PRD-3109,Jacket,1,2,web,14.99,express,AZ,187.85,WH-CA-02,late
Summer Deals,Chicago,SUMMER15,USD,CUST-2497,returning,2025-08-08T18:44:26.000Z,4,desktop,76.82,0.15,512.12,false,445.29,ORD-11235,completed,2025-08-04T18:44:26.000Z,digital_wallet,Home,PRD-3072,LED Lamp,4,5,mobile_app,9.99,standard,IL,128.03,WH-NY-01,on_time
Back to School,Phoenix,NO_COUPON,USD,CUST-2014,new,2025-08-16T19:51:04.000Z,3,mobile,0,0,2434.56,false,2439.55,ORD-11236,shipped,2025-08-13T19:51:04.000Z,digital_wallet,Books,PRD-3003,SQL Fundamentals,4,5,web,4.99,standard,AZ,608.64,WH-CA-02,on_time
AI Promo,Miami,SUMMER15,USD,CUST-2039,new,2025-09-08T09:23:08.000Z,2,tablet,154.96,0.15,1033.08,false,888.11,ORD-11237,completed,2025-09-06T09:23:08.000Z,digital_wallet,Electronics,PRD-3168,Bluetooth Speaker,3,5,mobile_app,9.99,same_day,FL,344.36,WH-NY-01,on_time
AI Promo,Seattle,DATA20,USD,CUST-2389,vip,2025-09-11T09:20:46.000Z,4,tablet,107.34,0.2,536.7,false,439.35,ORD-11238,completed,2025-09-07T09:20:46.000Z,digital_wallet,Fashion,PRD-3295,Jacket,3,4,marketplace,9.99,express,WA,178.9,WH-TX-03,on_time
Summer Deals,Seattle,FREESHIP,USD,CUST-2136,vip,2025-08-22T14:56:20.000Z,6,tablet,0,0,1397.8,true,1412.79,ORD-11239,shipped,2025-08-16T14:56:20.000Z,credit_card,Sports,PRD-3236,Dumbbell Set,4,1,marketplace,14.99,express,WA,349.45,WH-NY-01,late
Weekend Flash,Chicago,FREESHIP,USD,CUST-2084,new,2025-08-17T08:51:41.000Z,1,desktop,101.94,0.15,679.58,false,585.63,ORD-11240,shipped,2025-08-16T08:51:41.000Z,debit_card,Home,PRD-3222,Coffee Machine,1,4,marketplace,7.99,standard,IL,679.58,WH-NY-01,on_time
Weekend Flash,Boston,FREESHIP,USD,CUST-2165,new,2025-09-26T20:18:16.000Z,1,desktop,0,0,1262.1,false,1277.09,ORD-11241,completed,2025-09-25T20:18:16.000Z,debit_card,Books,PRD-3236,SQL Fundamentals,2,4,mobile_app,14.99,express,MA,631.05,WH-CA-02,on_time
Weekend Flash,Miami,DATA20,USD,CUST-2129,vip,2025-08-05T12:15:43.000Z,2,mobile,46.71,0.05,934.15,false,892.43,ORD-11242,completed,2025-08-03T12:15:43.000Z,debit_card,Home,PRD-3217,Vacuum Cleaner,5,4,mobile_app,4.99,standard,FL,186.83,WH-TX-03,on_time
Back to School,Phoenix,SUMMER15,USD,CUST-2170,returning,2025-09-14T02:33:09.000Z,5,desktop,53.34,0.1,533.43,true,480.09,ORD-11243,completed,2025-09-09T02:33:09.000Z,debit_card,Fashion,PRD-3138,Backpack,3,1,mobile_app,0,express,AZ,177.81,WH-CA-02,late
Summer Deals,San Francisco,WELCOME10,USD,CUST-2110,vip,2025-08-09T06:53:25.000Z,7,mobile,0,0,338.74,true,338.74,ORD-11244,completed,2025-08-02T06:53:25.000Z,debit_card,Books,PRD-3222,Python for Data,2,5,mobile_app,0,express,CA,169.37,WH-CA-02,late
Weekend Flash,Miami,DATA20,USD,CUST-2245,new,null,null,mobile,601.59,0.2,3007.96,null,2421.36,ORD-11245,cancelled,2025-09-14T09:25:25.000Z,bank_transfer,Home,PRD-3107,Vacuum Cleaner,4,null,web,14.99,standard,FL,751.99,WH-CA-02,on_time
Back to School,New York,WELCOME10,USD,CUST-2406,vip,2025-09-17T17:05:46.000Z,7,tablet,35.97,0.05,719.4,true,688.42,ORD-11246,completed,2025-09-10T17:05:46.000Z,digital_wallet,Fashion,PRD-3028,Jacket,5,1,web,4.99,express,NY,143.88,WH-TX-03,late
UNKNOWN,Seattle,WELCOME10,USD,CUST-2475,returning,2025-08-10T19:36:59.000Z,1,mobile,164,0.1,1640.04,false,1486.03,ORD-11247,returned,2025-08-09T19:36:59.000Z,digital_wallet,Books,PRD-3021,AI for Everyone,4,null,mobile_app,9.99,standard,WA,410.01,WH-TX-03,on_time
UNKNOWN,San Francisco,DATA20,USD,CUST-2301,new,null,null,tablet,37.86,0.05,757.23,null,734.36,ORD-11248,cancelled,2025-08-29T16:20:38.000Z,digital_wallet,Books,PRD-3112,AI for Everyone,1,null,mobile_app,14.99,same_day,CA,757.23,WH-TX-03,on_time
AI Promo,Phoenix,WELCOME10,USD,CUST-2161,new,2025-09-11T07:39:56.000Z,3,tablet,106.78,0.1,1067.85,false,961.07,ORD-11249,returned,2025-09-08T07:39:56.000Z,digital_wallet,Sports,PRD-3107,Yoga Mat,5,null,web,0,express,AZ,213.57,WH-NY-01,on_time
AI Promo,Chicago,DATA20,USD,CUST-2339,new,2025-08-14T11:10:45.000Z,5,tablet,234.16,0.1,2341.59,true,2107.43,ORD-11250,shipped,2025-08-09T11:10:45.000Z,bank_transfer,Home,PRD-3148,Vacuum Cleaner,3,4,web,0,standard,IL,780.53,WH-NY-01,late
Summer Deals,New York,WELCOME10,USD,CUST-2469,returning,null,null,desktop,440.95,0.2,2204.76,null,1768.8,ORD-11251,cancelled,2025-08-09T14:52:37.000Z,bank_transfer,Electronics,PRD-3089,Smart Watch,4,null,web,4.99,express,NY,551.19,WH-TX-03,on_time
Summer Deals,Dallas,DATA20,USD,CUST-2280,vip,null,null,mobile,509.49,0.15,3396.6,null,2892.1,ORD-11252,cancelled,2025-09-28T12:13:28.000Z,bank_transfer,Books,PRD-3169,Python for Data,5,null,web,4.99,standard,TX,679.32,WH-TX-03,on_time
AI Promo,New York,FREESHIP,USD,CUST-2201,new,2025-09-10T04:23:25.000Z,3,desktop,316.04,0.2,1580.18,false,1272.13,ORD-11253,completed,2025-09-07T04:23:25.000Z,digital_wallet,Books,PRD-3264,Python for Data,2,5,marketplace,7.99,same_day,NY,790.09,WH-TX-03,on_time
Weekend Flash,Seattle,NO_COUPON,USD,CUST-2279,new,2025-08-14T20:51:07.000Z,1,mobile,388.57,0.1,3885.7,false,3502.12,ORD-11254,returned,2025-08-13T20:51:07.000Z,digital_wallet,Home,PRD-3214,Vacuum Cleaner,5,null,marketplace,4.99,express,WA,777.14,WH-NY-01,on_time
Summer Deals,Los Angeles,NO_COUPON,USD,CUST-2166,returning,2025-09-17T00:26:17.000Z,3,desktop,174.9,0.2,874.5,false,709.59,ORD-11255,completed,2025-09-14T00:26:17.000Z,debit_card,Books,PRD-3181,AI for Everyone,3,2,web,9.99,express,CA,291.5,WH-CA-02,on_time
AI Promo,Phoenix,FREESHIP,USD,CUST-2350,new,2025-09-10T21:51:33.000Z,7,mobile,25.66,0.1,256.6,true,238.93,ORD-11256,completed,2025-09-03T21:51:33.000Z,bank_transfer,Electronics,PRD-3213,Wireless Earbuds,5,5,web,7.99,express,AZ,51.32,WH-NY-01,late
UNKNOWN,Chicago,DATA20,USD,CUST-2411,new,2025-09-11T03:30:59.000Z,3,tablet,0,0,2071.92,false,2086.91,ORD-11257,completed,2025-09-08T03:30:59.000Z,digital_wallet,Home,PRD-3209,LED Lamp,3,4,mobile_app,14.99,standard,IL,690.64,WH-NY-01,on_time
AI Promo,San Francisco,NO_COUPON,USD,CUST-2079,new,2025-09-01T14:02:56.000Z,5,tablet,0,0,2347.4,true,2352.39,ORD-11258,completed,2025-08-27T14:02:56.000Z,debit_card,Books,PRD-3211,Python for Data,4,5,marketplace,4.99,standard,CA,586.85,WH-TX-03,late
AI Promo,New York,DATA20,USD,CUST-2327,new,2025-08-15T16:42:37.000Z,1,desktop,8.5,0.05,170.05,false,161.55,ORD-11259,shipped,2025-08-14T16:42:37.000Z,digital_wallet,Sports,PRD-3249,Dumbbell Set,5,2,marketplace,0,standard,NY,34.01,WH-CA-02,on_time
AI Promo,Chicago,SUMMER15,USD,CUST-2105,returning,2025-08-22T00:00:19.000Z,3,tablet,28.96,0.1,289.56,false,275.59,ORD-11260,completed,2025-08-19T00:00:19.000Z,credit_card,Sports,PRD-3252,Cycling Helmet,3,1,web,14.99,same_day,IL,96.52,WH-CA-02,on_time
UNKNOWN,Houston,NO_COUPON,USD,CUST-2139,new,2025-08-04T12:42:27.000Z,1,mobile,245.11,0.15,1634.1,false,1403.98,ORD-11261,completed,2025-08-03T12:42:27.000Z,bank_transfer,Sports,PRD-3120,Cycling Helmet,3,5,marketplace,14.99,same_day,TX,544.7,WH-NY-01,on_time
UNKNOWN,San Francisco,FREESHIP,USD,CUST-2341,returning,2025-09-26T17:09:02.000Z,2,desktop,49.23,0.1,492.31,false,448.07,ORD-11262,completed,2025-09-24T17:09:02.000Z,digital_wallet,Sports,PRD-3273,Cycling Helmet,1,1,web,4.99,express,CA,492.31,WH-CA-02,on_time
UNKNOWN,Los Angeles,DATA20,USD,CUST-2257,vip,2025-10-01T05:33:46.000Z,2,mobile,332.52,0.2,1662.6,false,1338.07,ORD-11263,completed,2025-09-29T05:33:46.000Z,digital_wallet,Fashion,PRD-3164,Sneakers,4,3,marketplace,7.99,same_day,CA,415.65,WH-CA-02,on_time
UNKNOWN,Los Angeles,FREESHIP,USD,CUST-2367,vip,2025-08-09T07:41:23.000Z,6,mobile,0,0,271.5,true,281.49,ORD-11264,shipped,2025-08-03T07:41:23.000Z,digital_wallet,Sports,PRD-3236,Resistance Bands,2,2,web,9.99,express,CA,135.75,WH-NY-01,late
Weekend Flash,Los Angeles,FREESHIP,USD,CUST-2045,returning,null,null,tablet,225.14,0.1,2251.36,null,2031.21,ORD-11265,cancelled,2025-09-24T02:13:42.000Z,debit_card,Books,PRD-3047,SQL Fundamentals,4,null,mobile_app,4.99,express,CA,562.84,WH-CA-02,on_time
UNKNOWN,San Francisco,NO_COUPON,USD,CUST-2372,new,2025-10-01T21:59:09.000Z,2,tablet,252.98,0.15,1686.55,false,1433.57,ORD-11266,completed,2025-09-29T21:59:09.000Z,digital_wallet,Fashion,PRD-3243,Jacket,5,1,mobile_app,0,same_day,CA,337.31,WH-TX-03,on_time
Summer Deals,New York,NO_COUPON,USD,CUST-2410,vip,2025-09-18T21:20:52.000Z,3,tablet,0,0,950.6,false,950.6,ORD-11267,returned,2025-09-15T21:20:52.000Z,bank_transfer,Home,PRD-3230,Vacuum Cleaner,5,null,marketplace,0,express,NY,190.12,WH-TX-03,on_time
UNKNOWN,San Francisco,DATA20,USD,CUST-2432,returning,2025-08-26T18:12:37.000Z,5,mobile,202.17,0.1,2021.68,true,1829.5,ORD-11268,completed,2025-08-21T18:12:37.000Z,credit_card,Fashion,PRD-3237,Sneakers,4,3,marketplace,9.99,express,CA,505.42,WH-NY-01,late
Back to School,San Francisco,FREESHIP,USD,CUST-2259,returning,2025-09-11T06:40:24.000Z,2,tablet,67.6,0.05,1352.04,false,1299.43,ORD-11269,completed,2025-09-09T06:40:24.000Z,debit_card,Books,PRD-3227,Python for Data,3,5,marketplace,14.99,same_day,CA,450.68,WH-NY-01,on_time
UNKNOWN,New York,NO_COUPON,USD,CUST-2342,vip,2025-09-19T11:11:07.000Z,6,tablet,21.79,0.15,145.26,true,133.46,ORD-11270,returned,2025-09-13T11:11:07.000Z,credit_card,Books,PRD-3171,Data Engineering Basics,2,null,mobile_app,9.99,standard,NY,72.63,WH-TX-03,late
Weekend Flash,Dallas,NO_COUPON,USD,CUST-2199,vip,2025-09-26T08:41:52.000Z,4,mobile,101.91,0.15,679.39,false,582.47,ORD-11271,completed,2025-09-22T08:41:52.000Z,digital_wallet,Sports,PRD-3061,Resistance Bands,1,2,marketplace,4.99,same_day,TX,679.39,WH-NY-01,on_time
AI Promo,Miami,NO_COUPON,USD,CUST-2312,returning,2025-08-26T06:32:42.000Z,7,mobile,0,0,1581.1,true,1586.09,ORD-11272,completed,2025-08-19T06:32:42.000Z,digital_wallet,Home,PRD-3162,Vacuum Cleaner,5,5,mobile_app,4.99,express,FL,316.22,WH-CA-02,late
AI Promo,Dallas,NO_COUPON,USD,CUST-2121,vip,2025-08-31T06:28:00.000Z,7,mobile,0,0,1382.36,true,1390.35,ORD-11273,completed,2025-08-24T06:28:00.000Z,bank_transfer,Sports,PRD-3112,Resistance Bands,2,1,mobile_app,7.99,express,TX,691.18,WH-TX-03,late
UNKNOWN,New York,NO_COUPON,USD,CUST-2265,returning,2025-09-16T10:33:30.000Z,5,desktop,27.21,0.05,544.13,true,521.91,ORD-11274,shipped,2025-09-11T10:33:30.000Z,bank_transfer,Fashion,PRD-3135,T-Shirt,1,5,marketplace,4.99,express,NY,544.13,WH-TX-03,late
Summer Deals,Houston,FREESHIP,USD,CUST-2436,new,2025-09-14T06:06:48.000Z,2,desktop,76.79,0.1,767.94,false,691.15,ORD-11275,completed,2025-09-12T06:06:48.000Z,credit_card,Electronics,PRD-3275,Wireless Earbuds,3,5,mobile_app,0,express,TX,255.98,WH-TX-03,on_time
Summer Deals,Boston,DATA20,USD,CUST-2412,vip,2025-09-01T01:03:55.000Z,2,desktop,188.16,0.1,1881.6,false,1708.43,ORD-11276,completed,2025-08-30T01:03:55.000Z,bank_transfer,Electronics,PRD-3219,Wireless Earbuds,4,5,web,14.99,express,MA,470.4,WH-CA-02,on_time
Summer Deals,Boston,NO_COUPON,USD,CUST-2246,new,2025-08-22T08:04:27.000Z,2,tablet,146.57,0.1,1465.66,false,1329.08,ORD-11277,completed,2025-08-20T08:04:27.000Z,bank_transfer,Fashion,PRD-3107,Sneakers,2,5,web,9.99,same_day,MA,732.83,WH-CA-02,on_time
AI Promo,Miami,DATA20,USD,CUST-2020,new,null,null,mobile,0,0,1066.82,null,1081.81,ORD-11278,cancelled,2025-08-27T01:49:47.000Z,bank_transfer,Home,PRD-3170,Vacuum Cleaner,2,null,marketplace,14.99,same_day,FL,533.41,WH-TX-03,on_time
Summer Deals,Chicago,WELCOME10,USD,CUST-2299,returning,2025-08-12T01:22:40.000Z,6,mobile,14.83,0.1,148.29,true,141.45,ORD-11279,completed,2025-08-06T01:22:40.000Z,bank_transfer,Home,PRD-3239,Vacuum Cleaner,1,5,web,7.99,express,IL,148.29,WH-CA-02,late
Back to School,Phoenix,FREESHIP,USD,CUST-2250,returning,null,null,tablet,350.67,0.2,1753.35,null,1417.67,ORD-11280,cancelled,2025-08-24T01:18:41.000Z,credit_card,Books,PRD-3059,SQL Fundamentals,3,null,marketplace,14.99,express,AZ,584.45,WH-CA-02,on_time
UNKNOWN,New York,FREESHIP,USD,CUST-2404,returning,2025-09-08T10:41:53.000Z,3,tablet,7.08,0.1,70.77,false,78.68,ORD-11281,completed,2025-09-05T10:41:53.000Z,credit_card,Home,PRD-3246,Vacuum Cleaner,1,5,web,14.99,same_day,NY,70.77,WH-CA-02,on_time
AI Promo,Dallas,WELCOME10,USD,CUST-2341,vip,2025-09-13T07:55:08.000Z,5,mobile,0,0,1951.74,true,1956.73,ORD-11282,completed,2025-09-08T07:55:08.000Z,digital_wallet,Home,PRD-3015,Coffee Machine,3,5,mobile_app,4.99,same_day,TX,650.58,WH-TX-03,late
Weekend Flash,New York,FREESHIP,USD,CUST-2308,vip,2025-10-01T14:26:24.000Z,4,desktop,0,0,1137.18,false,1152.17,ORD-11283,completed,2025-09-27T14:26:24.000Z,credit_card,Sports,PRD-3212,Resistance Bands,2,4,web,14.99,standard,NY,568.59,WH-CA-02,on_time
Summer Deals,Seattle,DATA20,USD,CUST-2038,new,2025-08-13T05:44:14.000Z,3,desktop,0,0,147.38,false,152.37,ORD-11284,shipped,2025-08-10T05:44:14.000Z,debit_card,Home,PRD-3217,LED Lamp,1,3,marketplace,4.99,express,WA,147.38,WH-CA-02,on_time
Weekend Flash,Boston,DATA20,USD,CUST-2207,new,2025-08-24T12:40:19.000Z,3,desktop,230.84,0.15,1538.96,false,1308.12,ORD-11285,returned,2025-08-21T12:40:19.000Z,debit_card,Electronics,PRD-3014,Wireless Earbuds,4,null,web,0,standard,MA,384.74,WH-CA-02,on_time
Summer Deals,Los Angeles,NO_COUPON,USD,CUST-2127,returning,2025-08-10T20:52:03.000Z,1,desktop,204.8,0.1,2047.98,false,1851.17,ORD-11286,shipped,2025-08-09T20:52:03.000Z,bank_transfer,Books,PRD-3112,AI for Everyone,3,2,mobile_app,7.99,same_day,CA,682.66,WH-TX-03,on_time
Back to School,San Francisco,WELCOME10,USD,CUST-2014,new,2025-08-28T16:51:05.000Z,3,desktop,412.07,0.2,2060.36,false,1658.28,ORD-11287,shipped,2025-08-25T16:51:05.000Z,bank_transfer,Fashion,PRD-3002,Backpack,4,3,marketplace,9.99,express,CA,515.09,WH-TX-03,on_time
Summer Deals,Houston,SUMMER15,USD,CUST-2154,returning,2025-09-05T12:11:34.000Z,5,mobile,333.46,0.15,2223.09,true,1899.62,ORD-11288,completed,2025-08-31T12:11:34.000Z,bank_transfer,Fashion,PRD-3034,Jacket,3,3,mobile_app,9.99,express,TX,741.03,WH-TX-03,late
Back to School,Los Angeles,WELCOME10,USD,CUST-2270,vip,2025-08-13T11:16:44.000Z,7,tablet,0,0,482,true,489.99,ORD-11289,shipped,2025-08-06T11:16:44.000Z,credit_card,Fashion,PRD-3163,T-Shirt,2,1,web,7.99,standard,CA,241,WH-CA-02,late
Back to School,New York,NO_COUPON,USD,CUST-2271,returning,null,null,mobile,94.19,0.1,941.92,null,857.72,ORD-11290,cancelled,2025-08-28T11:32:12.000Z,digital_wallet,Sports,PRD-3031,Cycling Helmet,4,null,marketplace,9.99,standard,NY,235.48,WH-CA-02,on_time
Back to School,Houston,DATA20,USD,CUST-2054,new,null,null,tablet,13.32,0.05,266.41,null,258.08,ORD-11291,cancelled,2025-08-28T23:34:26.000Z,digital_wallet,Sports,PRD-3040,Yoga Mat,1,null,web,4.99,standard,TX,266.41,WH-TX-03,on_time
Back to School,Seattle,WELCOME10,USD,CUST-2429,new,null,null,desktop,34.44,0.05,688.72,null,664.27,ORD-11292,cancelled,2025-09-23T09:26:41.000Z,debit_card,Sports,PRD-3297,Cycling Helmet,2,null,mobile_app,9.99,same_day,WA,344.36,WH-CA-02,on_time
AI Promo,Phoenix,SUMMER15,USD,CUST-2172,vip,2025-08-17T09:11:32.000Z,4,desktop,0,0,19.67,false,24.66,ORD-11293,returned,2025-08-13T09:11:32.000Z,debit_card,Home,PRD-3010,Vacuum Cleaner,1,null,marketplace,4.99,standard,AZ,19.67,WH-TX-03,on_time
Weekend Flash,Los Angeles,NO_COUPON,USD,CUST-2379,vip,2025-09-01T09:06:20.000Z,1,mobile,63.27,0.1,632.73,false,579.45,ORD-11294,completed,2025-08-31T09:06:20.000Z,digital_wallet,Electronics,PRD-3010,Bluetooth Speaker,1,5,marketplace,9.99,express,CA,632.73,WH-NY-01,on_time
UNKNOWN,Dallas,WELCOME10,USD,CUST-2341,new,2025-08-08T18:14:55.000Z,5,desktop,11.72,0.05,234.38,true,222.66,ORD-11295,completed,2025-08-03T18:14:55.000Z,credit_card,Home,PRD-3194,Vacuum Cleaner,2,4,mobile_app,0,standard,TX,117.19,WH-NY-01,late
UNKNOWN,Los Angeles,WELCOME10,USD,CUST-2093,vip,2025-09-12T11:12:14.000Z,6,mobile,0,0,636.78,true,641.77,ORD-11296,completed,2025-09-06T11:12:14.000Z,debit_card,Electronics,PRD-3110,Smart Watch,3,5,web,4.99,same_day,CA,212.26,WH-CA-02,late
Weekend Flash,San Francisco,DATA20,USD,CUST-2220,new,2025-09-09T20:19:49.000Z,7,desktop,27.33,0.05,546.54,true,524.2,ORD-11297,completed,2025-09-02T20:19:49.000Z,digital_wallet,Books,PRD-3299,AI for Everyone,2,1,mobile_app,4.99,express,CA,273.27,WH-CA-02,late
Weekend Flash,Chicago,FREESHIP,USD,CUST-2091,vip,2025-09-15T15:17:42.000Z,5,mobile,164.43,0.2,822.16,true,667.72,ORD-11298,shipped,2025-09-10T15:17:42.000Z,credit_card,Electronics,PRD-3183,Bluetooth Speaker,4,5,web,9.99,express,IL,205.54,WH-CA-02,late
Weekend Flash,Seattle,SUMMER15,USD,CUST-2318,returning,2025-09-25T20:10:23.000Z,7,desktop,22.73,0.05,454.55,true,441.81,ORD-11299,completed,2025-09-18T20:10:23.000Z,digital_wallet,Fashion,PRD-3054,Jacket,1,3,web,9.99,express,WA,454.55,WH-NY-01,late
Weekend Flash,Seattle,WELCOME10,USD,CUST-2288,vip,2025-08-31T07:20:42.000Z,2,tablet,27.16,0.05,543.24,false,526.07,ORD-11300,completed,2025-08-29T07:20:42.000Z,bank_transfer,Sports,PRD-3209,Cycling Helmet,4,5,marketplace,9.99,same_day,WA,135.81,WH-NY-01,on_time
AI Promo,Phoenix,DATA20,USD,CUST-2235,vip,null,null,desktop,0,0,2000.7,null,2008.69,ORD-11301,cancelled,2025-08-07T18:30:05.000Z,debit_card,Home,PRD-3101,Coffee Machine,5,null,marketplace,7.99,express,AZ,400.14,WH-NY-01,on_time
UNKNOWN,Phoenix,DATA20,USD,CUST-2276,new,null,null,tablet,0,0,1620.68,null,1635.67,ORD-11302,cancelled,2025-08-02T21:50:06.000Z,debit_card,Books,PRD-3241,AI for Everyone,4,null,web,14.99,same_day,AZ,405.17,WH-TX-03,on_time
Summer Deals,Los Angeles,NO_COUPON,USD,CUST-2356,returning,2025-08-13T11:25:57.000Z,7,mobile,116.02,0.2,580.08,true,479.05,ORD-11303,shipped,2025-08-06T11:25:57.000Z,digital_wallet,Books,PRD-3126,Python for Data,2,5,mobile_app,14.99,standard,CA,290.04,WH-NY-01,late
Weekend Flash,Seattle,DATA20,USD,CUST-2285,new,2025-09-09T03:27:52.000Z,4,tablet,0,0,556,false,563.99,ORD-11304,shipped,2025-09-05T03:27:52.000Z,debit_card,Electronics,PRD-3141,Tablet Stand,1,3,web,7.99,standard,WA,556,WH-NY-01,on_time
Back to School,Phoenix,WELCOME10,USD,CUST-2199,vip,2025-08-19T18:41:17.000Z,7,desktop,143.34,0.1,1433.4,true,1300.05,ORD-11305,completed,2025-08-12T18:41:17.000Z,debit_card,Books,PRD-3208,SQL Fundamentals,3,4,web,9.99,same_day,AZ,477.8,WH-CA-02,late
Summer Deals,Chicago,FREESHIP,USD,CUST-2360,returning,2025-09-04T05:05:42.000Z,1,desktop,11.38,0.15,75.88,false,72.49,ORD-11306,completed,2025-09-03T05:05:42.000Z,credit_card,Sports,PRD-3291,Cycling Helmet,4,2,marketplace,7.99,same_day,IL,18.97,WH-CA-02,on_time
UNKNOWN,New York,DATA20,USD,CUST-2059,returning,2025-08-05T11:24:06.000Z,2,mobile,54.77,0.15,365.16,false,310.39,ORD-11307,completed,2025-08-03T11:24:06.000Z,bank_transfer,Books,PRD-3291,SQL Fundamentals,2,3,marketplace,0,same_day,NY,182.58,WH-NY-01,on_time
UNKNOWN,Los Angeles,NO_COUPON,USD,CUST-2410,new,null,null,desktop,0,0,578.94,null,588.93,ORD-11308,cancelled,2025-09-29T05:26:53.000Z,bank_transfer,Home,PRD-3274,Vacuum Cleaner,3,null,marketplace,9.99,standard,CA,192.98,WH-TX-03,on_time
Weekend Flash,Phoenix,NO_COUPON,USD,CUST-2206,new,2025-08-19T09:04:16.000Z,5,tablet,305.78,0.1,3057.84,true,2767.05,ORD-11309,completed,2025-08-14T09:04:16.000Z,credit_card,Electronics,PRD-3043,Wireless Earbuds,4,4,web,14.99,express,AZ,764.46,WH-NY-01,late
UNKNOWN,Chicago,SUMMER15,USD,CUST-2127,returning,2025-08-09T07:04:56.000Z,5,mobile,68.4,0.1,684.04,true,630.63,ORD-11310,shipped,2025-08-04T07:04:56.000Z,bank_transfer,Sports,PRD-3103,Resistance Bands,1,3,mobile_app,14.99,express,IL,684.04,WH-CA-02,late
Back to School,Chicago,SUMMER15,USD,CUST-2106,vip,2025-09-15T23:36:42.000Z,1,mobile,26.22,0.1,262.21,false,235.99,ORD-11311,completed,2025-09-14T23:36:42.000Z,digital_wallet,Electronics,PRD-3041,Smart Watch,1,4,web,0,standard,IL,262.21,WH-CA-02,on_time
Back to School,Los Angeles,NO_COUPON,USD,CUST-2445,new,null,null,tablet,94.25,0.15,628.33,null,542.07,ORD-11312,cancelled,2025-09-29T08:08:19.000Z,bank_transfer,Home,PRD-3285,Vacuum Cleaner,1,null,mobile_app,7.99,standard,CA,628.33,WH-NY-01,on_time
Back to School,Dallas,FREESHIP,USD,CUST-2262,returning,2025-09-24T03:13:27.000Z,4,desktop,208.42,0.2,1042.08,false,833.66,ORD-11313,returned,2025-09-20T03:13:27.000Z,debit_card,Books,PRD-3151,AI for Everyone,4,null,web,0,same_day,TX,260.52,WH-NY-01,on_time
Back to School,Dallas,SUMMER15,USD,CUST-2087,new,2025-08-16T05:24:07.000Z,7,mobile,147.04,0.05,2940.8,true,2808.75,ORD-11314,shipped,2025-08-09T05:24:07.000Z,bank_transfer,Electronics,PRD-3061,Wireless Earbuds,4,5,marketplace,14.99,standard,TX,735.2,WH-TX-03,late
Summer Deals,Houston,SUMMER15,USD,CUST-2281,returning,2025-09-16T21:42:11.000Z,4,desktop,18.21,0.1,182.06,false,178.84,ORD-11315,completed,2025-09-12T21:42:11.000Z,debit_card,Electronics,PRD-3086,Bluetooth Speaker,1,2,web,14.99,same_day,TX,182.06,WH-TX-03,on_time
UNKNOWN,Phoenix,DATA20,USD,CUST-2267,vip,2025-09-20T10:59:45.000Z,4,desktop,17.96,0.05,359.28,false,351.31,ORD-11316,shipped,2025-09-16T10:59:45.000Z,bank_transfer,Electronics,PRD-3200,Wireless Earbuds,3,5,web,9.99,same_day,AZ,119.76,WH-TX-03,on_time
Weekend Flash,Houston,FREESHIP,USD,CUST-2187,vip,2025-09-01T22:22:42.000Z,4,mobile,301.7,0.2,1508.5,false,1214.79,ORD-11317,completed,2025-08-28T22:22:42.000Z,credit_card,Electronics,PRD-3095,Wireless Earbuds,5,5,web,7.99,express,TX,301.7,WH-CA-02,on_time
Summer Deals,Seattle,NO_COUPON,USD,CUST-2151,vip,2025-10-01T08:30:01.000Z,6,mobile,16.5,0.05,330.02,true,323.51,ORD-11318,completed,2025-09-25T08:30:01.000Z,digital_wallet,Home,PRD-3114,LED Lamp,1,4,web,9.99,same_day,WA,330.02,WH-NY-01,late
Summer Deals,Phoenix,WELCOME10,USD,CUST-2498,new,2025-09-15T21:26:34.000Z,5,mobile,0,0,624.64,true,624.64,ORD-11319,completed,2025-09-10T21:26:34.000Z,credit_card,Electronics,PRD-3275,Tablet Stand,1,5,web,0,express,AZ,624.64,WH-NY-01,late
Weekend Flash,Houston,SUMMER15,USD,CUST-2146,new,2025-08-13T01:09:11.000Z,2,desktop,0,0,212.3,false,217.29,ORD-11320,shipped,2025-08-11T01:09:11.000Z,debit_card,Sports,PRD-3242,Yoga Mat,2,4,marketplace,4.99,same_day,TX,106.15,WH-CA-02,on_time
Back to School,Boston,WELCOME10,USD,CUST-2060,new,2025-09-22T01:17:28.000Z,5,mobile,0,0,105.72,true,105.72,ORD-11321,returned,2025-09-17T01:17:28.000Z,bank_transfer,Sports,PRD-3060,Cycling Helmet,3,null,web,0,same_day,MA,35.24,WH-CA-02,late
Summer Deals,Houston,FREESHIP,USD,CUST-2476,returning,2025-09-08T12:59:52.000Z,1,mobile,297.14,0.2,1485.68,false,1203.53,ORD-11322,returned,2025-09-07T12:59:52.000Z,credit_card,Fashion,PRD-3185,T-Shirt,2,null,web,14.99,same_day,TX,742.84,WH-TX-03,on_time
UNKNOWN,Houston,DATA20,USD,CUST-2365,returning,2025-09-30T17:06:39.000Z,3,desktop,0,0,742.04,false,742.04,ORD-11323,returned,2025-09-27T17:06:39.000Z,bank_transfer,Electronics,PRD-3040,Smart Watch,1,null,mobile_app,0,standard,TX,742.04,WH-NY-01,on_time
Weekend Flash,Phoenix,DATA20,USD,CUST-2012,returning,2025-09-11T09:11:05.000Z,6,desktop,89.8,0.05,1795.92,true,1711.11,ORD-11324,shipped,2025-09-05T09:11:05.000Z,credit_card,Fashion,PRD-3255,T-Shirt,4,5,mobile_app,4.99,same_day,AZ,448.98,WH-CA-02,late
AI Promo,Dallas,SUMMER15,USD,CUST-2369,returning,2025-09-19T06:28:16.000Z,2,tablet,0,0,537.43,false,552.42,ORD-11325,returned,2025-09-17T06:28:16.000Z,bank_transfer,Sports,PRD-3008,Yoga Mat,1,null,marketplace,14.99,same_day,TX,537.43,WH-CA-02,on_time
UNKNOWN,Miami,SUMMER15,USD,CUST-2215,vip,2025-08-14T02:57:47.000Z,1,tablet,84.2,0.15,561.32,false,485.11,ORD-11326,returned,2025-08-13T02:57:47.000Z,bank_transfer,Fashion,PRD-3026,Jacket,1,null,web,7.99,standard,FL,561.32,WH-TX-03,on_time
Summer Deals,Dallas,FREESHIP,USD,CUST-2140,returning,2025-08-31T22:15:14.000Z,4,mobile,30.8,0.1,308.04,false,285.23,ORD-11327,returned,2025-08-27T22:15:14.000Z,bank_transfer,Books,PRD-3043,Python for Data,1,null,web,7.99,standard,TX,308.04,WH-CA-02,on_time
UNKNOWN,Los Angeles,DATA20,USD,CUST-2263,returning,2025-10-01T01:03:08.000Z,3,desktop,26.72,0.05,534.47,false,522.74,ORD-11328,completed,2025-09-28T01:03:08.000Z,debit_card,Home,PRD-3205,Coffee Machine,1,3,mobile_app,14.99,same_day,CA,534.47,WH-CA-02,on_time
AI Promo,Phoenix,SUMMER15,USD,CUST-2381,new,2025-09-27T08:34:18.000Z,6,mobile,0,0,1493.08,true,1501.07,ORD-11329,completed,2025-09-21T08:34:18.000Z,credit_card,Fashion,PRD-3109,Jacket,4,5,web,7.99,standard,AZ,373.27,WH-NY-01,late
UNKNOWN,Miami,FREESHIP,USD,CUST-2162,returning,2025-10-03T20:38:06.000Z,3,tablet,14.61,0.05,292.14,false,282.52,ORD-11330,shipped,2025-09-30T20:38:06.000Z,debit_card,Home,PRD-3015,LED Lamp,3,5,web,4.99,express,FL,97.38,WH-CA-02,on_time
UNKNOWN,New York,WELCOME10,USD,CUST-2346,vip,2025-09-20T14:14:42.000Z,2,desktop,0,0,559.96,false,564.95,ORD-11331,shipped,2025-09-18T14:14:42.000Z,credit_card,Home,PRD-3093,LED Lamp,4,5,web,4.99,express,NY,139.99,WH-NY-01,on_time
Back to School,Dallas,WELCOME10,USD,CUST-2227,new,2025-09-03T20:11:57.000Z,6,desktop,0,0,46.41,true,61.4,ORD-11332,shipped,2025-08-28T20:11:57.000Z,debit_card,Books,PRD-3152,SQL Fundamentals,1,4,mobile_app,14.99,standard,TX,46.41,WH-CA-02,late
Back to School,Los Angeles,SUMMER15,USD,CUST-2244,new,2025-09-17T15:37:11.000Z,4,mobile,0,0,875.68,false,883.67,ORD-11333,completed,2025-09-13T15:37:11.000Z,credit_card,Books,PRD-3065,Data Engineering Basics,2,5,web,7.99,standard,CA,437.84,WH-NY-01,on_time
Weekend Flash,Boston,WELCOME10,USD,CUST-2055,vip,2025-08-16T09:26:06.000Z,6,tablet,0,0,745.92,true,750.91,ORD-11334,shipped,2025-08-10T09:26:06.000Z,bank_transfer,Home,PRD-3125,Air Fryer,3,3,mobile_app,4.99,same_day,MA,248.64,WH-CA-02,late
UNKNOWN,Boston,SUMMER15,USD,CUST-2193,new,2025-08-16T06:37:41.000Z,3,desktop,0,0,486.93,false,486.93,ORD-11335,completed,2025-08-13T06:37:41.000Z,digital_wallet,Books,PRD-3193,Python for Data,1,4,mobile_app,0,standard,MA,486.93,WH-TX-03,on_time
Summer Deals,San Francisco,WELCOME10,USD,CUST-2400,returning,2025-09-24T12:14:00.000Z,3,mobile,7.16,0.15,47.76,false,55.59,ORD-11336,returned,2025-09-21T12:14:00.000Z,credit_card,Fashion,PRD-3070,Jacket,4,null,marketplace,14.99,express,CA,11.94,WH-CA-02,on_time
Summer Deals,Dallas,DATA20,USD,CUST-2061,vip,null,null,desktop,81.56,0.1,815.64,null,742.07,ORD-11337,cancelled,2025-09-23T15:28:00.000Z,credit_card,Electronics,PRD-3101,Bluetooth Speaker,3,null,web,7.99,standard,TX,271.88,WH-CA-02,on_time
Back to School,Seattle,FREESHIP,USD,CUST-2295,new,2025-09-12T21:04:08.000Z,1,mobile,0,0,835.77,false,845.76,ORD-11338,returned,2025-09-11T21:04:08.000Z,credit_card,Books,PRD-3165,Data Engineering Basics,3,null,marketplace,9.99,express,WA,278.59,WH-TX-03,on_time
Weekend Flash,Boston,WELCOME10,USD,CUST-2198,vip,2025-09-01T23:40:35.000Z,6,tablet,22.86,0.2,114.32,true,91.46,ORD-11339,completed,2025-08-26T23:40:35.000Z,bank_transfer,Electronics,PRD-3219,Smart Watch,1,3,web,0,standard,MA,114.32,WH-NY-01,late
AI Promo,Houston,FREESHIP,USD,CUST-2332,vip,2025-10-01T12:24:52.000Z,6,desktop,0,0,2179.65,true,2179.65,ORD-11340,shipped,2025-09-25T12:24:52.000Z,credit_card,Books,PRD-3113,Python for Data,5,5,web,0,standard,TX,435.93,WH-NY-01,late
Summer Deals,Boston,WELCOME10,USD,CUST-2448,new,2025-09-01T18:49:58.000Z,2,tablet,5.41,0.2,27.04,false,26.62,ORD-11341,shipped,2025-08-30T18:49:58.000Z,debit_card,Fashion,PRD-3038,Backpack,1,4,marketplace,4.99,express,MA,27.04,WH-CA-02,on_time
Weekend Flash,Boston,DATA20,USD,CUST-2411,vip,2025-09-20T01:45:16.000Z,1,desktop,0,0,620.38,false,630.37,ORD-11342,completed,2025-09-19T01:45:16.000Z,credit_card,Sports,PRD-3176,Resistance Bands,2,5,web,9.99,express,MA,310.19,WH-TX-03,on_time
Back to School,Chicago,FREESHIP,USD,CUST-2220,returning,null,null,mobile,52.63,0.2,263.13,null,210.5,ORD-11343,cancelled,2025-09-22T20:51:22.000Z,debit_card,Electronics,PRD-3221,Wireless Earbuds,3,null,web,0,express,IL,87.71,WH-NY-01,on_time
AI Promo,Miami,DATA20,USD,CUST-2198,vip,2025-09-04T19:43:25.000Z,3,desktop,0,0,778.74,false,783.73,ORD-11344,returned,2025-09-01T19:43:25.000Z,digital_wallet,Home,PRD-3134,LED Lamp,3,null,web,4.99,same_day,FL,259.58,WH-TX-03,on_time
Summer Deals,Seattle,WELCOME10,USD,CUST-2071,returning,null,null,desktop,57.54,0.05,1150.8,null,1101.25,ORD-11345,cancelled,2025-09-23T11:01:19.000Z,digital_wallet,Home,PRD-3297,Vacuum Cleaner,5,null,mobile_app,7.99,express,WA,230.16,WH-TX-03,on_time
Weekend Flash,San Francisco,DATA20,USD,CUST-2306,new,2025-09-24T22:56:26.000Z,6,desktop,65.66,0.1,656.55,true,595.88,ORD-11346,completed,2025-09-18T22:56:26.000Z,digital_wallet,Electronics,PRD-3012,Smart Watch,1,4,marketplace,4.99,same_day,CA,656.55,WH-CA-02,late
AI Promo,Phoenix,DATA20,USD,CUST-2404,new,2025-09-27T05:23:57.000Z,1,desktop,5.67,0.05,113.48,false,117.8,ORD-11347,completed,2025-09-26T05:23:57.000Z,credit_card,Home,PRD-3237,Air Fryer,1,4,web,9.99,express,AZ,113.48,WH-CA-02,on_time
Weekend Flash,Boston,WELCOME10,USD,CUST-2048,returning,2025-09-05T08:13:14.000Z,6,tablet,76.28,0.05,1525.65,true,1449.37,ORD-11348,shipped,2025-08-30T08:13:14.000Z,debit_card,Books,PRD-3074,SQL Fundamentals,5,4,web,0,express,MA,305.13,WH-TX-03,late
Back to School,New York,FREESHIP,USD,CUST-2323,new,2025-09-24T07:28:00.000Z,4,mobile,104.06,0.1,1040.64,false,946.57,ORD-11349,completed,2025-09-20T07:28:00.000Z,debit_card,Sports,PRD-3267,Cycling Helmet,4,2,marketplace,9.99,standard,NY,260.16,WH-NY-01,on_time
UNKNOWN,Chicago,FREESHIP,USD,CUST-2396,vip,2025-08-22T00:58:17.000Z,2,mobile,131.83,0.2,659.15,false,542.31,ORD-11350,completed,2025-08-20T00:58:17.000Z,digital_wallet,Home,PRD-3109,Air Fryer,1,5,mobile_app,14.99,same_day,IL,659.15,WH-CA-02,on_time
UNKNOWN,New York,DATA20,USD,CUST-2106,returning,null,null,desktop,563.56,0.15,3757.1,null,3203.53,ORD-11351,cancelled,2025-09-02T07:47:40.000Z,bank_transfer,Sports,PRD-3130,Dumbbell Set,5,null,mobile_app,9.99,express,NY,751.42,WH-NY-01,on_time
AI Promo,New York,NO_COUPON,USD,CUST-2465,vip,2025-08-13T14:09:16.000Z,5,desktop,330.57,0.15,2203.83,true,1873.26,ORD-11352,completed,2025-08-08T14:09:16.000Z,credit_card,Sports,PRD-3026,Cycling Helmet,3,4,mobile_app,0,standard,NY,734.61,WH-CA-02,late
Weekend Flash,Seattle,SUMMER15,USD,CUST-2147,returning,2025-09-10T09:13:33.000Z,6,mobile,282.53,0.2,1412.65,true,1130.12,ORD-11353,shipped,2025-09-04T09:13:33.000Z,credit_card,Electronics,PRD-3032,Tablet Stand,5,3,marketplace,0,express,WA,282.53,WH-NY-01,late
AI Promo,San Francisco,FREESHIP,USD,CUST-2053,returning,null,null,tablet,0,0,2147.88,null,2152.87,ORD-11354,cancelled,2025-09-23T18:12:33.000Z,bank_transfer,Books,PRD-3112,Data Engineering Basics,3,null,marketplace,4.99,express,CA,715.96,WH-CA-02,on_time
Summer Deals,Dallas,NO_COUPON,USD,CUST-2431,returning,2025-09-07T18:24:18.000Z,4,desktop,0,0,43.23,false,53.22,ORD-11355,completed,2025-09-03T18:24:18.000Z,credit_card,Electronics,PRD-3019,Smart Watch,1,1,marketplace,9.99,standard,TX,43.23,WH-TX-03,on_time
UNKNOWN,Los Angeles,FREESHIP,USD,CUST-2058,new,2025-08-11T19:33:59.000Z,4,tablet,39.22,0.1,392.15,false,352.93,ORD-11356,completed,2025-08-07T19:33:59.000Z,digital_wallet,Books,PRD-3241,SQL Fundamentals,1,2,marketplace,0,express,CA,392.15,WH-TX-03,on_time
AI Promo,Dallas,NO_COUPON,USD,CUST-2192,new,2025-09-19T18:55:01.000Z,3,desktop,13.63,0.1,136.27,false,122.64,ORD-11357,shipped,2025-09-16T18:55:01.000Z,bank_transfer,Home,PRD-3277,Vacuum Cleaner,1,5,web,0,express,TX,136.27,WH-CA-02,on_time
Summer Deals,Chicago,NO_COUPON,USD,CUST-2082,returning,2025-09-17T02:49:48.000Z,5,tablet,0,0,410.12,true,425.11,ORD-11358,completed,2025-09-12T02:49:48.000Z,digital_wallet,Sports,PRD-3073,Cycling Helmet,2,5,web,14.99,same_day,IL,205.06,WH-CA-02,late
Summer Deals,Dallas,SUMMER15,USD,CUST-2418,new,2025-09-05T01:31:38.000Z,7,mobile,137.06,0.05,2741.2,true,2614.13,ORD-11359,completed,2025-08-29T01:31:38.000Z,debit_card,Electronics,PRD-3264,Wireless Earbuds,5,3,mobile_app,9.99,standard,TX,548.24,WH-NY-01,late
Back to School,Miami,SUMMER15,USD,CUST-2032,new,null,null,mobile,47.81,0.05,956.2,null,916.38,ORD-11360,cancelled,2025-08-06T04:23:51.000Z,bank_transfer,Books,PRD-3266,Data Engineering Basics,2,null,web,7.99,express,FL,478.1,WH-NY-01,on_time
Summer Deals,New York,WELCOME10,USD,CUST-2005,vip,2025-10-05T23:08:56.000Z,6,mobile,98.46,0.15,656.37,true,572.9,ORD-11361,returned,2025-09-29T23:08:56.000Z,digital_wallet,Sports,PRD-3285,Resistance Bands,1,null,web,14.99,express,NY,656.37,WH-CA-02,late
AI Promo,Los Angeles,NO_COUPON,USD,CUST-2005,returning,2025-09-14T00:58:24.000Z,2,mobile,48.3,0.2,241.52,false,203.21,ORD-11362,completed,2025-09-12T00:58:24.000Z,debit_card,Electronics,PRD-3038,Bluetooth Speaker,2,3,mobile_app,9.99,same_day,CA,120.76,WH-NY-01,on_time
AI Promo,Houston,FREESHIP,USD,CUST-2479,new,2025-09-29T06:42:28.000Z,4,tablet,19.81,0.05,396.2,false,386.38,ORD-11363,completed,2025-09-25T06:42:28.000Z,credit_card,Fashion,PRD-3299,Jacket,1,2,marketplace,9.99,express,TX,396.2,WH-TX-03,on_time
UNKNOWN,Boston,SUMMER15,USD,CUST-2194,vip,null,null,mobile,247.92,0.1,2479.16,null,2241.23,ORD-11364,cancelled,2025-08-19T09:38:39.000Z,credit_card,Books,PRD-3148,AI for Everyone,4,null,mobile_app,9.99,standard,MA,619.79,WH-TX-03,on_time
Weekend Flash,San Francisco,DATA20,USD,CUST-2491,vip,2025-09-21T06:23:12.000Z,7,mobile,0,0,2248.71,true,2258.7,ORD-11365,completed,2025-09-14T06:23:12.000Z,credit_card,Home,PRD-3046,Vacuum Cleaner,3,5,mobile_app,9.99,express,CA,749.57,WH-TX-03,late
Weekend Flash,New York,NO_COUPON,USD,CUST-2043,returning,2025-08-30T09:48:07.000Z,3,tablet,88.76,0.1,887.58,false,803.81,ORD-11366,completed,2025-08-27T09:48:07.000Z,credit_card,Books,PRD-3050,Python for Data,3,4,mobile_app,4.99,express,NY,295.86,WH-CA-02,on_time
UNKNOWN,New York,SUMMER15,USD,CUST-2307,returning,2025-09-22T14:42:16.000Z,7,mobile,52.33,0.15,348.87,true,311.53,ORD-11367,completed,2025-09-15T14:42:16.000Z,bank_transfer,Electronics,PRD-3113,Wireless Earbuds,3,5,marketplace,14.99,same_day,NY,116.29,WH-TX-03,late
Weekend Flash,Houston,FREESHIP,USD,CUST-2197,new,2025-08-25T02:25:30.000Z,5,tablet,0,0,3583,true,3583,ORD-11368,completed,2025-08-20T02:25:30.000Z,bank_transfer,Fashion,PRD-3212,T-Shirt,5,5,marketplace,0,same_day,TX,716.6,WH-NY-01,late
Summer Deals,New York,DATA20,USD,CUST-2159,returning,2025-09-26T05:26:27.000Z,3,desktop,603.6,0.2,3018,false,2419.39,ORD-11369,completed,2025-09-23T05:26:27.000Z,debit_card,Home,PRD-3136,Air Fryer,4,4,marketplace,4.99,same_day,NY,754.5,WH-TX-03,on_time
AI Promo,Chicago,NO_COUPON,USD,CUST-2342,vip,2025-08-04T01:25:42.000Z,1,mobile,8.22,0.2,41.12,false,37.89,ORD-11370,completed,2025-08-03T01:25:42.000Z,credit_card,Fashion,PRD-3164,Sneakers,1,5,web,4.99,same_day,IL,41.12,WH-CA-02,on_time
Back to School,Houston,FREESHIP,USD,CUST-2102,new,null,null,desktop,562.53,0.2,2812.64,null,2255.1,ORD-11371,cancelled,2025-09-16T09:56:41.000Z,debit_card,Home,PRD-3112,Coffee Machine,4,null,web,4.99,standard,TX,703.16,WH-NY-01,on_time
AI Promo,New York,DATA20,USD,CUST-2002,returning,null,null,mobile,319.35,0.15,2129,null,1814.64,ORD-11372,cancelled,2025-08-06T01:28:33.000Z,debit_card,Electronics,PRD-3089,Wireless Earbuds,5,null,marketplace,4.99,express,NY,425.8,WH-NY-01,on_time
Back to School,San Francisco,WELCOME10,USD,CUST-2218,new,2025-08-10T16:45:14.000Z,6,desktop,75.56,0.15,503.74,true,433.17,ORD-11373,completed,2025-08-04T16:45:14.000Z,credit_card,Sports,PRD-3202,Dumbbell Set,1,2,mobile_app,4.99,same_day,CA,503.74,WH-NY-01,late
UNKNOWN,Chicago,NO_COUPON,USD,CUST-2002,returning,2025-10-02T06:16:49.000Z,4,mobile,71.39,0.05,1427.7,false,1366.3,ORD-11374,returned,2025-09-28T06:16:49.000Z,credit_card,Books,PRD-3038,Python for Data,5,null,marketplace,9.99,express,IL,285.54,WH-NY-01,on_time
Summer Deals,Houston,DATA20,USD,CUST-2383,returning,2025-09-11T00:18:08.000Z,1,tablet,120.83,0.15,805.56,false,694.72,ORD-11375,shipped,2025-09-10T00:18:08.000Z,debit_card,Electronics,PRD-3217,Tablet Stand,2,4,mobile_app,9.99,express,TX,402.78,WH-TX-03,on_time
UNKNOWN,San Francisco,WELCOME10,USD,CUST-2337,vip,2025-09-18T11:32:31.000Z,4,mobile,132.15,0.1,1321.48,false,1199.32,ORD-11376,completed,2025-09-14T11:32:31.000Z,digital_wallet,Electronics,PRD-3210,Wireless Earbuds,4,4,marketplace,9.99,same_day,CA,330.37,WH-TX-03,on_time
Summer Deals,San Francisco,NO_COUPON,USD,CUST-2222,returning,2025-09-01T20:11:37.000Z,2,tablet,468.54,0.2,2342.72,false,1879.17,ORD-11377,completed,2025-08-30T20:11:37.000Z,debit_card,Electronics,PRD-3264,Wireless Earbuds,4,2,web,4.99,express,CA,585.68,WH-NY-01,on_time
UNKNOWN,Seattle,WELCOME10,USD,CUST-2414,returning,2025-09-13T08:29:18.000Z,5,tablet,157.94,0.2,789.7,true,646.75,ORD-11378,shipped,2025-09-08T08:29:18.000Z,bank_transfer,Fashion,PRD-3055,Backpack,5,5,marketplace,14.99,express,WA,157.94,WH-CA-02,late
AI Promo,Miami,NO_COUPON,USD,CUST-2492,vip,2025-08-21T08:35:53.000Z,2,mobile,176.37,0.1,1763.65,false,1597.27,ORD-11379,shipped,2025-08-19T08:35:53.000Z,credit_card,Books,PRD-3163,SQL Fundamentals,5,5,marketplace,9.99,same_day,FL,352.73,WH-NY-01,on_time
Back to School,Miami,DATA20,USD,CUST-2181,returning,2025-09-11T10:52:08.000Z,5,mobile,202.82,0.15,1352.15,true,1154.32,ORD-11380,returned,2025-09-06T10:52:08.000Z,digital_wallet,Electronics,PRD-3274,Tablet Stand,5,null,web,4.99,standard,FL,270.43,WH-CA-02,late
Weekend Flash,Dallas,FREESHIP,USD,CUST-2268,returning,2025-09-19T03:11:16.000Z,3,desktop,0,0,162.93,false,162.93,ORD-11381,shipped,2025-09-16T03:11:16.000Z,credit_card,Books,PRD-3179,Python for Data,3,4,marketplace,0,same_day,TX,54.31,WH-TX-03,on_time
UNKNOWN,New York,WELCOME10,USD,CUST-2428,vip,2025-08-29T04:00:04.000Z,6,desktop,4.85,0.2,24.23,true,24.37,ORD-11382,shipped,2025-08-23T04:00:04.000Z,credit_card,Home,PRD-3141,Vacuum Cleaner,1,2,mobile_app,4.99,express,NY,24.23,WH-CA-02,late
Weekend Flash,Chicago,NO_COUPON,USD,CUST-2454,new,2025-08-15T11:40:35.000Z,1,desktop,37.88,0.1,378.76,false,355.87,ORD-11383,completed,2025-08-14T11:40:35.000Z,debit_card,Home,PRD-3101,Vacuum Cleaner,2,4,mobile_app,14.99,express,IL,189.38,WH-CA-02,on_time
UNKNOWN,Seattle,SUMMER15,USD,CUST-2358,returning,2025-08-22T23:50:47.000Z,6,tablet,282.19,0.1,2821.9,true,2547.7,ORD-11384,completed,2025-08-16T23:50:47.000Z,bank_transfer,Home,PRD-3048,LED Lamp,5,3,web,7.99,express,WA,564.38,WH-CA-02,late
Summer Deals,Seattle,SUMMER15,USD,CUST-2113,returning,2025-09-23T14:23:41.000Z,3,tablet,29.56,0.15,197.04,false,177.47,ORD-11385,completed,2025-09-20T14:23:41.000Z,digital_wallet,Books,PRD-3034,AI for Everyone,4,5,web,9.99,same_day,WA,49.26,WH-TX-03,on_time
Summer Deals,Dallas,FREESHIP,USD,CUST-2439,new,null,null,desktop,0,0,3713.55,null,3721.54,ORD-11386,cancelled,2025-09-02T14:50:18.000Z,debit_card,Books,PRD-3281,AI for Everyone,5,null,marketplace,7.99,express,TX,742.71,WH-NY-01,on_time
UNKNOWN,Seattle,WELCOME10,USD,CUST-2003,vip,2025-09-30T05:51:29.000Z,4,desktop,0,0,837.78,false,837.78,ORD-11387,completed,2025-09-26T05:51:29.000Z,digital_wallet,Books,PRD-3125,AI for Everyone,2,1,marketplace,0,same_day,WA,418.89,WH-NY-01,on_time
AI Promo,Phoenix,NO_COUPON,USD,CUST-2371,returning,2025-09-27T01:02:22.000Z,1,mobile,418.98,0.15,2793.2,false,2382.21,ORD-11388,returned,2025-09-26T01:02:22.000Z,debit_card,Fashion,PRD-3185,Backpack,4,null,web,7.99,same_day,AZ,698.3,WH-CA-02,on_time
AI Promo,Miami,DATA20,USD,CUST-2229,new,2025-10-04T03:48:12.000Z,5,desktop,5.04,0.05,100.8,true,100.75,ORD-11389,completed,2025-09-29T03:48:12.000Z,bank_transfer,Home,PRD-3073,Air Fryer,2,1,marketplace,4.99,express,FL,50.4,WH-TX-03,late
Weekend Flash,New York,DATA20,USD,CUST-2154,returning,2025-08-29T11:22:02.000Z,6,tablet,6.01,0.05,120.22,true,129.2,ORD-11390,completed,2025-08-23T11:22:02.000Z,credit_card,Home,PRD-3095,Air Fryer,2,3,mobile_app,14.99,express,NY,60.11,WH-CA-02,late
AI Promo,Houston,NO_COUPON,USD,CUST-2427,returning,2025-09-27T15:48:31.000Z,5,mobile,182,0.05,3640,true,3462.99,ORD-11391,returned,2025-09-22T15:48:31.000Z,debit_card,Electronics,PRD-3052,Smart Watch,5,null,mobile_app,4.99,standard,TX,728,WH-TX-03,late
Weekend Flash,New York,DATA20,USD,CUST-2413,vip,2025-08-17T01:27:53.000Z,6,mobile,65.37,0.1,653.74,true,596.36,ORD-11392,completed,2025-08-11T01:27:53.000Z,bank_transfer,Fashion,PRD-3027,Backpack,2,4,web,7.99,express,NY,326.87,WH-TX-03,late
Summer Deals,Houston,SUMMER15,USD,CUST-2466,vip,2025-09-15T21:02:51.000Z,5,tablet,0,0,856.08,true,864.07,ORD-11393,returned,2025-09-10T21:02:51.000Z,credit_card,Sports,PRD-3119,Cycling Helmet,3,null,mobile_app,7.99,standard,TX,285.36,WH-TX-03,late
AI Promo,Phoenix,WELCOME10,USD,CUST-2096,vip,2025-09-18T09:59:48.000Z,4,desktop,102.8,0.2,514,false,421.19,ORD-11394,completed,2025-09-14T09:59:48.000Z,debit_card,Fashion,PRD-3234,Jacket,2,1,mobile_app,9.99,express,AZ,257,WH-CA-02,on_time
Back to School,Los Angeles,DATA20,USD,CUST-2132,new,2025-09-23T07:48:55.000Z,6,desktop,107.51,0.05,2150.24,true,2052.72,ORD-11395,completed,2025-09-17T07:48:55.000Z,bank_transfer,Home,PRD-3015,Air Fryer,4,2,mobile_app,9.99,same_day,CA,537.56,WH-TX-03,late
Summer Deals,Miami,NO_COUPON,USD,CUST-2011,new,2025-09-13T15:05:38.000Z,7,tablet,0,0,105.75,true,115.74,ORD-11396,completed,2025-09-06T15:05:38.000Z,digital_wallet,Books,PRD-3173,SQL Fundamentals,5,5,marketplace,9.99,same_day,FL,21.15,WH-NY-01,late
Weekend Flash,Phoenix,WELCOME10,USD,CUST-2215,returning,null,null,tablet,429.52,0.15,2863.5,null,2448.97,ORD-11397,cancelled,2025-08-10T12:58:43.000Z,debit_card,Fashion,PRD-3052,Sneakers,5,null,mobile_app,14.99,express,AZ,572.7,WH-TX-03,on_time
Weekend Flash,Dallas,DATA20,USD,CUST-2206,returning,2025-09-14T12:03:09.000Z,3,mobile,0,0,761.34,false,769.33,ORD-11398,shipped,2025-09-11T12:03:09.000Z,debit_card,Sports,PRD-3075,Yoga Mat,3,5,web,7.99,same_day,TX,253.78,WH-NY-01,on_time
UNKNOWN,Houston,SUMMER15,USD,CUST-2150,vip,2025-08-31T13:38:39.000Z,1,tablet,114.72,0.1,1147.17,false,1042.44,ORD-11399,completed,2025-08-30T13:38:39.000Z,debit_card,Fashion,PRD-3147,Backpack,3,5,mobile_app,9.99,standard,TX,382.39,WH-TX-03,on_time
Back to School,Houston,FREESHIP,USD,CUST-2439,new,null,null,tablet,88.59,0.05,1771.7,null,1688.1,ORD-11400,cancelled,2025-09-28T10:56:02.000Z,credit_card,Fashion,PRD-3248,Backpack,5,null,marketplace,4.99,same_day,TX,354.34,WH-CA-02,on_time
UNKNOWN,New York,NO_COUPON,USD,CUST-2466,returning,2025-09-15T12:24:57.000Z,7,mobile,109.96,0.2,549.82,true,449.85,ORD-11401,completed,2025-09-08T12:24:57.000Z,digital_wallet,Books,PRD-3261,SQL Fundamentals,1,4,mobile_app,9.99,standard,NY,549.82,WH-NY-01,late
Back to School,New York,FREESHIP,USD,CUST-2403,returning,2025-08-12T02:35:15.000Z,4,mobile,0,0,952.9,false,957.89,ORD-11402,shipped,2025-08-08T02:35:15.000Z,digital_wallet,Sports,PRD-3236,Resistance Bands,5,4,web,4.99,standard,NY,190.58,WH-CA-02,on_time
Back to School,Chicago,SUMMER15,USD,CUST-2042,returning,null,null,mobile,315.99,0.2,1579.96,null,1271.96,ORD-11403,cancelled,2025-08-24T03:47:39.000Z,bank_transfer,Sports,PRD-3131,Resistance Bands,4,null,mobile_app,7.99,standard,IL,394.99,WH-NY-01,on_time
Summer Deals,New York,WELCOME10,USD,CUST-2482,returning,null,null,desktop,0,0,2982.5,null,2997.49,ORD-11404,cancelled,2025-09-02T01:39:02.000Z,bank_transfer,Home,PRD-3029,Coffee Machine,5,null,marketplace,14.99,same_day,NY,596.5,WH-CA-02,on_time
Summer Deals,Seattle,DATA20,USD,CUST-2348,returning,2025-09-12T07:50:13.000Z,3,tablet,26.12,0.05,522.37,false,496.25,ORD-11405,completed,2025-09-09T07:50:13.000Z,debit_card,Electronics,PRD-3036,Smart Watch,1,1,web,0,standard,WA,522.37,WH-TX-03,on_time
UNKNOWN,Dallas,FREESHIP,USD,CUST-2161,new,2025-09-05T13:04:03.000Z,7,mobile,20.9,0.15,139.32,true,123.41,ORD-11406,returned,2025-08-29T13:04:03.000Z,credit_card,Electronics,PRD-3144,Wireless Earbuds,2,null,mobile_app,4.99,standard,TX,69.66,WH-CA-02,late
Summer Deals,Chicago,DATA20,USD,CUST-2351,vip,2025-08-13T19:50:15.000Z,2,tablet,87.85,0.2,439.25,false,366.39,ORD-11407,completed,2025-08-11T19:50:15.000Z,credit_card,Home,PRD-3199,Air Fryer,5,5,mobile_app,14.99,same_day,IL,87.85,WH-NY-01,on_time
AI Promo,Seattle,NO_COUPON,USD,CUST-2332,returning,2025-08-18T07:24:38.000Z,1,desktop,86.92,0.2,434.6,false,357.67,ORD-11408,completed,2025-08-17T07:24:38.000Z,credit_card,Electronics,PRD-3095,Smart Watch,1,5,web,9.99,standard,WA,434.6,WH-NY-01,on_time
Summer Deals,Los Angeles,NO_COUPON,USD,CUST-2407,vip,2025-08-13T21:15:17.000Z,5,tablet,0,0,2506.52,true,2516.51,ORD-11409,completed,2025-08-08T21:15:17.000Z,debit_card,Fashion,PRD-3165,Sneakers,4,3,marketplace,9.99,standard,CA,626.63,WH-NY-01,late
Back to School,Dallas,SUMMER15,USD,CUST-2311,returning,2025-08-21T04:19:23.000Z,3,tablet,0,0,3070.75,false,3085.74,ORD-11410,completed,2025-08-18T04:19:23.000Z,bank_transfer,Fashion,PRD-3203,Sneakers,5,2,mobile_app,14.99,express,TX,614.15,WH-TX-03,on_time
AI Promo,Chicago,FREESHIP,USD,CUST-2346,vip,2025-09-23T05:51:07.000Z,6,desktop,80.77,0.1,807.66,true,736.88,ORD-11411,returned,2025-09-17T05:51:07.000Z,debit_card,Books,PRD-3073,Data Engineering Basics,2,null,marketplace,9.99,same_day,IL,403.83,WH-CA-02,late
Weekend Flash,Los Angeles,SUMMER15,USD,CUST-2051,new,2025-08-19T08:23:23.000Z,4,tablet,245.71,0.1,2457.12,false,2226.4,ORD-11412,completed,2025-08-15T08:23:23.000Z,credit_card,Home,PRD-3245,Coffee Machine,4,1,marketplace,14.99,standard,CA,614.28,WH-NY-01,on_time
AI Promo,Phoenix,FREESHIP,USD,CUST-2488,vip,2025-09-03T21:13:46.000Z,2,mobile,99.41,0.1,994.08,false,899.66,ORD-11413,completed,2025-09-01T21:13:46.000Z,credit_card,Books,PRD-3235,Python for Data,4,5,mobile_app,4.99,same_day,AZ,248.52,WH-NY-01,on_time
UNKNOWN,Los Angeles,FREESHIP,USD,CUST-2246,new,2025-08-29T01:47:26.000Z,2,desktop,0,0,486.92,false,501.91,ORD-11414,completed,2025-08-27T01:47:26.000Z,digital_wallet,Fashion,PRD-3161,Backpack,2,5,web,14.99,same_day,CA,243.46,WH-CA-02,on_time
Weekend Flash,New York,SUMMER15,USD,CUST-2206,vip,2025-08-25T01:14:31.000Z,6,tablet,0,0,890.9,true,890.9,ORD-11415,shipped,2025-08-19T01:14:31.000Z,debit_card,Home,PRD-3041,Coffee Machine,2,5,mobile_app,0,same_day,NY,445.45,WH-TX-03,late
Summer Deals,Boston,NO_COUPON,USD,CUST-2194,vip,2025-09-09T15:17:04.000Z,1,mobile,39.12,0.1,391.22,false,360.09,ORD-11416,completed,2025-09-08T15:17:04.000Z,credit_card,Electronics,PRD-3297,Smart Watch,1,3,marketplace,7.99,same_day,MA,391.22,WH-NY-01,on_time
UNKNOWN,Chicago,SUMMER15,USD,CUST-2299,returning,null,null,mobile,34.77,0.15,231.8,null,202.02,ORD-11417,cancelled,2025-08-02T10:34:07.000Z,digital_wallet,Sports,PRD-3246,Dumbbell Set,1,null,marketplace,4.99,same_day,IL,231.8,WH-TX-03,on_time
Summer Deals,Dallas,SUMMER15,USD,CUST-2070,new,2025-09-12T03:03:20.000Z,2,mobile,537.43,0.15,3582.85,false,3055.41,ORD-11418,returned,2025-09-10T03:03:20.000Z,digital_wallet,Fashion,PRD-3057,T-Shirt,5,null,web,9.99,express,TX,716.57,WH-CA-02,on_time
Back to School,Dallas,NO_COUPON,USD,CUST-2491,vip,2025-09-07T14:40:51.000Z,6,desktop,79.6,0.1,795.97,true,716.37,ORD-11419,returned,2025-09-01T14:40:51.000Z,digital_wallet,Electronics,PRD-3125,Wireless Earbuds,1,null,web,0,standard,TX,795.97,WH-NY-01,late
UNKNOWN,Boston,DATA20,USD,CUST-2250,vip,2025-08-12T21:38:19.000Z,5,mobile,0,0,2671.64,true,2681.63,ORD-11420,completed,2025-08-07T21:38:19.000Z,debit_card,Books,PRD-3046,AI for Everyone,4,5,marketplace,9.99,same_day,MA,667.91,WH-TX-03,late
Weekend Flash,Boston,NO_COUPON,USD,CUST-2219,returning,2025-08-09T14:41:52.000Z,1,mobile,127.86,0.2,639.3,false,511.44,ORD-11421,completed,2025-08-08T14:41:52.000Z,digital_wallet,Sports,PRD-3088,Yoga Mat,2,4,web,0,standard,MA,319.65,WH-CA-02,on_time
AI Promo,Los Angeles,SUMMER15,USD,CUST-2125,returning,2025-09-08T09:48:54.000Z,1,mobile,95.37,0.05,1907.3,false,1819.92,ORD-11422,completed,2025-09-07T09:48:54.000Z,bank_transfer,Home,PRD-3183,Air Fryer,5,3,marketplace,7.99,same_day,CA,381.46,WH-TX-03,on_time
Back to School,Houston,WELCOME10,USD,CUST-2247,returning,2025-10-06T02:35:48.000Z,7,mobile,289.6,0.2,1448.02,true,1173.41,ORD-11423,completed,2025-09-29T02:35:48.000Z,bank_transfer,Fashion,PRD-3079,T-Shirt,2,4,marketplace,14.99,express,TX,724.01,WH-CA-02,late
UNKNOWN,Phoenix,DATA20,USD,CUST-2362,new,2025-09-25T23:55:26.000Z,2,mobile,52.98,0.2,264.91,false,219.92,ORD-11424,completed,2025-09-23T23:55:26.000Z,digital_wallet,Electronics,PRD-3063,Smart Watch,1,4,web,7.99,standard,AZ,264.91,WH-TX-03,on_time
AI Promo,Phoenix,FREESHIP,USD,CUST-2398,new,2025-08-20T18:14:06.000Z,3,mobile,34.86,0.2,174.32,false,154.45,ORD-11425,completed,2025-08-17T18:14:06.000Z,digital_wallet,Fashion,PRD-3005,Jacket,2,5,marketplace,14.99,same_day,AZ,87.16,WH-TX-03,on_time
Weekend Flash,New York,NO_COUPON,USD,CUST-2017,vip,null,null,tablet,83.95,0.05,1678.95,null,1609.99,ORD-11426,cancelled,2025-09-04T22:08:40.000Z,digital_wallet,Sports,PRD-3091,Resistance Bands,3,null,marketplace,14.99,express,NY,559.65,WH-CA-02,on_time
Weekend Flash,Los Angeles,WELCOME10,USD,CUST-2245,vip,2025-09-13T23:12:59.000Z,4,mobile,0,0,411.5,false,416.49,ORD-11427,completed,2025-09-09T23:12:59.000Z,bank_transfer,Books,PRD-3246,Data Engineering Basics,1,3,mobile_app,4.99,standard,CA,411.5,WH-CA-02,on_time
Back to School,Chicago,FREESHIP,USD,CUST-2345,new,2025-09-11T07:14:51.000Z,7,tablet,0,0,1771.89,true,1786.88,ORD-11428,completed,2025-09-04T07:14:51.000Z,bank_transfer,Home,PRD-3121,Vacuum Cleaner,3,2,mobile_app,14.99,express,IL,590.63,WH-NY-01,late
Summer Deals,Dallas,DATA20,USD,CUST-2355,returning,2025-10-01T16:09:42.000Z,6,desktop,23.93,0.05,478.5,true,469.56,ORD-11429,completed,2025-09-25T16:09:42.000Z,bank_transfer,Electronics,PRD-3004,Bluetooth Speaker,2,4,mobile_app,14.99,express,TX,239.25,WH-CA-02,late
Summer Deals,Los Angeles,DATA20,USD,CUST-2254,returning,2025-08-05T03:51:36.000Z,3,tablet,158.8,0.1,1587.96,false,1437.15,ORD-11430,completed,2025-08-02T03:51:36.000Z,credit_card,Electronics,PRD-3277,Tablet Stand,3,5,mobile_app,7.99,standard,CA,529.32,WH-NY-01,on_time
UNKNOWN,San Francisco,SUMMER15,USD,CUST-2342,new,2025-08-07T00:58:52.000Z,2,tablet,0,0,741.18,false,756.17,ORD-11431,completed,2025-08-05T00:58:52.000Z,digital_wallet,Fashion,PRD-3103,Backpack,3,4,mobile_app,14.99,express,CA,247.06,WH-CA-02,on_time
Weekend Flash,Chicago,DATA20,USD,CUST-2480,returning,null,null,mobile,0,0,75.66,null,85.65,ORD-11432,cancelled,2025-08-26T06:24:27.000Z,bank_transfer,Sports,PRD-3086,Dumbbell Set,2,null,marketplace,9.99,standard,IL,37.83,WH-TX-03,on_time
Summer Deals,Seattle,WELCOME10,USD,CUST-2319,new,2025-09-21T14:38:43.000Z,1,mobile,16.67,0.2,83.36,false,81.68,ORD-11433,returned,2025-09-20T14:38:43.000Z,bank_transfer,Electronics,PRD-3144,Bluetooth Speaker,1,null,web,14.99,standard,WA,83.36,WH-CA-02,on_time
AI Promo,Chicago,FREESHIP,USD,CUST-2107,returning,2025-09-16T00:34:38.000Z,2,mobile,0,0,446.86,false,454.85,ORD-11434,completed,2025-09-14T00:34:38.000Z,digital_wallet,Sports,PRD-3270,Dumbbell Set,2,5,web,7.99,same_day,IL,223.43,WH-TX-03,on_time
Back to School,New York,SUMMER15,USD,CUST-2284,returning,2025-08-21T15:46:35.000Z,2,mobile,93.46,0.05,1869.24,false,1780.77,ORD-11435,completed,2025-08-19T15:46:35.000Z,debit_card,Sports,PRD-3231,Resistance Bands,3,4,web,4.99,express,NY,623.08,WH-TX-03,on_time
Summer Deals,San Francisco,SUMMER15,USD,CUST-2492,returning,2025-08-22T02:27:51.000Z,5,desktop,392.75,0.2,1963.76,true,1571.01,ORD-11436,returned,2025-08-17T02:27:51.000Z,credit_card,Home,PRD-3108,LED Lamp,4,null,web,0,express,CA,490.94,WH-CA-02,late
UNKNOWN,New York,WELCOME10,USD,CUST-2141,new,2025-08-08T09:48:37.000Z,7,tablet,81.32,0.15,542.15,true,465.82,ORD-11437,shipped,2025-08-01T09:48:37.000Z,bank_transfer,Fashion,PRD-3234,T-Shirt,5,5,marketplace,4.99,express,NY,108.43,WH-TX-03,late
AI Promo,Seattle,FREESHIP,USD,CUST-2055,returning,null,null,tablet,262.09,0.15,1747.3,null,1500.2,ORD-11438,cancelled,2025-09-07T16:29:01.000Z,credit_card,Books,PRD-3012,Data Engineering Basics,5,null,marketplace,14.99,standard,WA,349.46,WH-TX-03,on_time
UNKNOWN,Miami,NO_COUPON,USD,CUST-2246,returning,2025-09-22T06:59:28.000Z,1,desktop,9.24,0.15,61.58,false,60.33,ORD-11439,completed,2025-09-21T06:59:28.000Z,bank_transfer,Electronics,PRD-3167,Wireless Earbuds,2,2,web,7.99,standard,FL,30.79,WH-TX-03,on_time
AI Promo,Dallas,DATA20,USD,CUST-2146,vip,2025-08-24T02:56:46.000Z,6,desktop,220.85,0.1,2208.48,true,1995.62,ORD-11440,completed,2025-08-18T02:56:46.000Z,bank_transfer,Books,PRD-3223,Python for Data,4,5,mobile_app,7.99,standard,TX,552.12,WH-CA-02,late
UNKNOWN,New York,NO_COUPON,USD,CUST-2384,returning,null,null,tablet,0,0,1663.7,null,1673.69,ORD-11441,cancelled,2025-08-22T17:02:08.000Z,digital_wallet,Fashion,PRD-3223,T-Shirt,5,null,mobile_app,9.99,same_day,NY,332.74,WH-TX-03,on_time
Summer Deals,Chicago,DATA20,USD,CUST-2220,vip,2025-08-10T05:54:15.000Z,5,desktop,0,0,108.25,true,116.24,ORD-11442,completed,2025-08-05T05:54:15.000Z,credit_card,Fashion,PRD-3155,T-Shirt,1,1,mobile_app,7.99,same_day,IL,108.25,WH-NY-01,late
UNKNOWN,Dallas,WELCOME10,USD,CUST-2010,vip,2025-09-17T20:12:20.000Z,5,mobile,365.65,0.15,2437.64,true,2071.99,ORD-11443,completed,2025-09-12T20:12:20.000Z,digital_wallet,Fashion,PRD-3041,Backpack,4,5,mobile_app,0,same_day,TX,609.41,WH-CA-02,late
Back to School,Boston,SUMMER15,USD,CUST-2189,new,2025-08-06T17:41:58.000Z,5,desktop,773.8,0.2,3869,true,3100.19,ORD-11444,returned,2025-08-01T17:41:58.000Z,digital_wallet,Fashion,PRD-3236,Sneakers,5,null,marketplace,4.99,express,MA,773.8,WH-NY-01,late
Back to School,Seattle,WELCOME10,USD,CUST-2207,vip,2025-08-17T16:19:43.000Z,3,desktop,50.35,0.2,251.76,false,211.4,ORD-11445,completed,2025-08-14T16:19:43.000Z,credit_card,Fashion,PRD-3126,T-Shirt,2,5,marketplace,9.99,same_day,WA,125.88,WH-TX-03,on_time
Weekend Flash,Chicago,FREESHIP,USD,CUST-2454,returning,2025-09-20T07:57:03.000Z,4,desktop,0,0,1211.68,false,1221.67,ORD-11446,completed,2025-09-16T07:57:03.000Z,digital_wallet,Home,PRD-3183,Vacuum Cleaner,4,4,web,9.99,express,IL,302.92,WH-TX-03,on_time
AI Promo,Seattle,DATA20,USD,CUST-2417,returning,2025-08-27T06:02:32.000Z,5,desktop,81.42,0.1,814.2,true,747.77,ORD-11447,shipped,2025-08-22T06:02:32.000Z,bank_transfer,Home,PRD-3192,Coffee Machine,4,1,web,14.99,same_day,WA,203.55,WH-TX-03,late
Back to School,Houston,FREESHIP,USD,CUST-2015,new,2025-09-24T22:50:16.000Z,7,desktop,0,0,357.87,true,367.86,ORD-11448,returned,2025-09-17T22:50:16.000Z,digital_wallet,Fashion,PRD-3239,Jacket,3,null,web,9.99,express,TX,119.29,WH-CA-02,late
Back to School,Chicago,NO_COUPON,USD,CUST-2163,returning,2025-09-11T22:22:12.000Z,3,tablet,0,0,1028.37,false,1036.36,ORD-11449,completed,2025-09-08T22:22:12.000Z,credit_card,Electronics,PRD-3107,Tablet Stand,3,4,mobile_app,7.99,standard,IL,342.79,WH-TX-03,on_time
Weekend Flash,Phoenix,SUMMER15,USD,CUST-2126,vip,2025-08-16T15:47:18.000Z,6,tablet,182.61,0.2,913.05,true,745.43,ORD-11450,completed,2025-08-10T15:47:18.000Z,debit_card,Electronics,PRD-3217,Tablet Stand,3,5,web,14.99,express,AZ,304.35,WH-NY-01,late
Back to School,Chicago,SUMMER15,USD,CUST-2031,vip,2025-09-05T08:54:36.000Z,6,desktop,0,0,787.24,true,795.23,ORD-11451,completed,2025-08-30T08:54:36.000Z,digital_wallet,Books,PRD-3300,Data Engineering Basics,1,4,mobile_app,7.99,standard,IL,787.24,WH-TX-03,late
Summer Deals,Boston,SUMMER15,USD,CUST-2404,returning,2025-08-13T05:56:20.000Z,5,desktop,0,0,668.5,true,683.49,ORD-11452,completed,2025-08-08T05:56:20.000Z,bank_transfer,Sports,PRD-3040,Resistance Bands,1,1,web,14.99,express,MA,668.5,WH-CA-02,late
Summer Deals,Los Angeles,SUMMER15,USD,CUST-2440,returning,null,null,mobile,20.69,0.05,413.79,null,403.09,ORD-11453,cancelled,2025-09-17T02:26:25.000Z,debit_card,Sports,PRD-3009,Resistance Bands,1,null,marketplace,9.99,express,CA,413.79,WH-CA-02,on_time
Back to School,Boston,FREESHIP,USD,CUST-2374,new,2025-09-21T13:44:14.000Z,6,tablet,0,0,116.25,true,124.24,ORD-11454,completed,2025-09-15T13:44:14.000Z,digital_wallet,Sports,PRD-3096,Cycling Helmet,5,3,marketplace,7.99,express,MA,23.25,WH-CA-02,late
Weekend Flash,Phoenix,FREESHIP,USD,CUST-2273,returning,2025-08-06T16:03:22.000Z,1,mobile,0,0,2009.12,false,2014.11,ORD-11455,completed,2025-08-05T16:03:22.000Z,bank_transfer,Books,PRD-3158,SQL Fundamentals,4,4,web,4.99,express,AZ,502.28,WH-NY-01,on_time
Weekend Flash,Dallas,SUMMER15,USD,CUST-2066,new,2025-08-20T22:19:55.000Z,3,desktop,52.53,0.05,1050.65,false,1003.11,ORD-11456,returned,2025-08-17T22:19:55.000Z,credit_card,Sports,PRD-3135,Yoga Mat,5,null,mobile_app,4.99,standard,TX,210.13,WH-TX-03,on_time
Back to School,Houston,SUMMER15,USD,CUST-2209,returning,2025-10-06T07:43:44.000Z,7,desktop,0,0,1558.98,true,1573.97,ORD-11457,returned,2025-09-29T07:43:44.000Z,credit_card,Sports,PRD-3246,Resistance Bands,3,null,web,14.99,standard,TX,519.66,WH-NY-01,late
Back to School,San Francisco,SUMMER15,USD,CUST-2179,new,2025-08-20T16:57:26.000Z,7,tablet,7.58,0.15,50.52,true,50.93,ORD-11458,completed,2025-08-13T16:57:26.000Z,debit_card,Electronics,PRD-3276,Smart Watch,3,4,marketplace,7.99,same_day,CA,16.84,WH-CA-02,late
Back to School,Dallas,SUMMER15,USD,CUST-2407,new,null,null,tablet,211.16,0.15,1407.7,null,1196.54,ORD-11459,cancelled,2025-09-22T02:33:19.000Z,bank_transfer,Sports,PRD-3193,Cycling Helmet,5,null,mobile_app,0,same_day,TX,281.54,WH-CA-02,on_time
AI Promo,Miami,SUMMER15,USD,CUST-2375,new,2025-08-20T17:34:48.000Z,5,tablet,0,0,359.9,true,374.89,ORD-11460,completed,2025-08-15T17:34:48.000Z,digital_wallet,Fashion,PRD-3034,Backpack,2,3,mobile_app,14.99,standard,FL,179.95,WH-NY-01,late
AI Promo,Boston,WELCOME10,USD,CUST-2124,new,2025-10-02T19:36:29.000Z,6,tablet,146.53,0.2,732.64,true,601.1,ORD-11461,returned,2025-09-26T19:36:29.000Z,credit_card,Home,PRD-3053,LED Lamp,1,null,marketplace,14.99,same_day,MA,732.64,WH-NY-01,late
Weekend Flash,Miami,SUMMER15,USD,CUST-2183,returning,null,null,mobile,4.08,0.05,81.64,null,87.55,ORD-11462,cancelled,2025-08-06T14:15:05.000Z,debit_card,Home,PRD-3033,LED Lamp,1,null,mobile_app,9.99,standard,FL,81.64,WH-NY-01,on_time
Summer Deals,Phoenix,SUMMER15,USD,CUST-2315,vip,2025-10-03T09:39:56.000Z,6,tablet,0,0,1826.65,true,1826.65,ORD-11463,completed,2025-09-27T09:39:56.000Z,digital_wallet,Fashion,PRD-3161,Sneakers,5,5,web,0,express,AZ,365.33,WH-NY-01,late
Summer Deals,Phoenix,NO_COUPON,USD,CUST-2175,new,2025-09-13T02:06:09.000Z,4,desktop,104.55,0.2,522.75,false,423.19,ORD-11464,shipped,2025-09-09T02:06:09.000Z,credit_card,Fashion,PRD-3158,Jacket,5,5,mobile_app,4.99,standard,AZ,104.55,WH-NY-01,on_time
Back to School,Seattle,DATA20,USD,CUST-2064,returning,null,null,mobile,23.64,0.2,118.2,null,99.55,ORD-11465,cancelled,2025-08-12T05:16:08.000Z,debit_card,Books,PRD-3214,Python for Data,5,null,marketplace,4.99,standard,WA,23.64,WH-TX-03,on_time
Weekend Flash,Miami,NO_COUPON,USD,CUST-2255,vip,2025-09-24T20:09:01.000Z,5,mobile,86.81,0.15,578.76,true,506.94,ORD-11466,completed,2025-09-19T20:09:01.000Z,bank_transfer,Fashion,PRD-3002,T-Shirt,4,5,marketplace,14.99,same_day,FL,144.69,WH-NY-01,late
Summer Deals,San Francisco,DATA20,USD,CUST-2492,vip,2025-08-07T06:12:10.000Z,2,desktop,610.45,0.2,3052.25,false,2451.79,ORD-11467,completed,2025-08-05T06:12:10.000Z,bank_transfer,Books,PRD-3137,SQL Fundamentals,5,3,marketplace,9.99,same_day,CA,610.45,WH-TX-03,on_time
UNKNOWN,Chicago,NO_COUPON,USD,CUST-2416,new,null,null,tablet,0,0,449.64,null,464.63,ORD-11468,cancelled,2025-08-23T10:18:21.000Z,debit_card,Fashion,PRD-3263,Backpack,1,null,web,14.99,same_day,IL,449.64,WH-CA-02,on_time
UNKNOWN,New York,DATA20,USD,CUST-2154,returning,2025-08-20T08:26:50.000Z,3,desktop,0,0,237.55,false,242.54,ORD-11469,returned,2025-08-17T08:26:50.000Z,bank_transfer,Books,PRD-3205,Python for Data,1,null,web,4.99,standard,NY,237.55,WH-NY-01,on_time
Summer Deals,Phoenix,FREESHIP,USD,CUST-2413,new,2025-08-14T20:21:40.000Z,7,tablet,0,0,1062.48,true,1062.48,ORD-11470,completed,2025-08-07T20:21:40.000Z,digital_wallet,Electronics,PRD-3287,Bluetooth Speaker,3,2,mobile_app,0,same_day,AZ,354.16,WH-CA-02,late
AI Promo,Seattle,DATA20,USD,CUST-2303,new,2025-08-30T04:08:56.000Z,2,mobile,54.81,0.2,274.04,false,219.23,ORD-11471,returned,2025-08-28T04:08:56.000Z,digital_wallet,Sports,PRD-3100,Dumbbell Set,4,null,mobile_app,0,standard,WA,68.51,WH-CA-02,on_time
Weekend Flash,Boston,DATA20,USD,CUST-2390,vip,2025-08-03T14:32:01.000Z,2,desktop,108.45,0.15,723.02,false,629.56,ORD-11472,completed,2025-08-01T14:32:01.000Z,bank_transfer,Fashion,PRD-3267,T-Shirt,1,4,marketplace,14.99,same_day,MA,723.02,WH-TX-03,on_time
Summer Deals,Chicago,WELCOME10,USD,CUST-2120,returning,2025-08-23T22:51:36.000Z,6,mobile,253.35,0.2,1266.75,true,1013.4,ORD-11473,completed,2025-08-17T22:51:36.000Z,bank_transfer,Sports,PRD-3288,Cycling Helmet,5,5,web,0,standard,IL,253.35,WH-CA-02,late
Weekend Flash,Houston,FREESHIP,USD,CUST-2262,vip,2025-09-04T08:51:35.000Z,3,tablet,234.27,0.2,1171.36,false,947.08,ORD-11474,returned,2025-09-01T08:51:35.000Z,bank_transfer,Electronics,PRD-3271,Bluetooth Speaker,2,null,web,9.99,express,TX,585.68,WH-TX-03,on_time
Summer Deals,Chicago,SUMMER15,USD,CUST-2057,vip,2025-09-23T01:57:00.000Z,7,mobile,209.81,0.15,1398.76,true,1193.94,ORD-11475,returned,2025-09-16T01:57:00.000Z,debit_card,Fashion,PRD-3126,Backpack,2,null,mobile_app,4.99,standard,IL,699.38,WH-TX-03,late
AI Promo,Dallas,SUMMER15,USD,CUST-2143,returning,2025-09-06T21:40:31.000Z,5,mobile,259.67,0.2,1298.37,true,1048.69,ORD-11476,completed,2025-09-01T21:40:31.000Z,bank_transfer,Fashion,PRD-3246,T-Shirt,3,2,marketplace,9.99,same_day,TX,432.79,WH-TX-03,late
UNKNOWN,Miami,DATA20,USD,CUST-2404,vip,null,null,tablet,43.61,0.2,218.07,null,179.45,ORD-11477,cancelled,2025-08-06T23:20:57.000Z,digital_wallet,Fashion,PRD-3082,Backpack,3,null,web,4.99,express,FL,72.69,WH-TX-03,on_time
AI Promo,Miami,DATA20,USD,CUST-2166,new,2025-09-05T20:43:56.000Z,2,tablet,154.78,0.2,773.9,false,627.11,ORD-11478,completed,2025-09-03T20:43:56.000Z,digital_wallet,Fashion,PRD-3061,Sneakers,1,1,marketplace,7.99,express,FL,773.9,WH-CA-02,on_time
Weekend Flash,Houston,NO_COUPON,USD,CUST-2226,vip,2025-09-21T04:27:19.000Z,1,desktop,0,0,872.76,false,880.75,ORD-11479,shipped,2025-09-20T04:27:19.000Z,credit_card,Fashion,PRD-3122,T-Shirt,3,2,marketplace,7.99,same_day,TX,290.92,WH-CA-02,on_time
Weekend Flash,Dallas,WELCOME10,USD,CUST-2328,new,null,null,desktop,0,0,2678.84,null,2678.84,ORD-11480,cancelled,2025-08-07T07:20:36.000Z,bank_transfer,Home,PRD-3075,Air Fryer,4,null,mobile_app,0,same_day,TX,669.71,WH-CA-02,on_time
Weekend Flash,Boston,NO_COUPON,USD,CUST-2356,new,null,null,tablet,0,0,1557.2,null,1572.19,ORD-11481,cancelled,2025-09-11T00:49:16.000Z,bank_transfer,Home,PRD-3260,Coffee Machine,5,null,mobile_app,14.99,standard,MA,311.44,WH-NY-01,on_time
Back to School,Phoenix,SUMMER15,USD,CUST-2383,returning,2025-09-22T15:23:50.000Z,5,desktop,0,0,200.61,true,210.6,ORD-11482,completed,2025-09-17T15:23:50.000Z,bank_transfer,Sports,PRD-3168,Yoga Mat,3,2,mobile_app,9.99,express,AZ,66.87,WH-CA-02,late
AI Promo,Houston,WELCOME10,USD,CUST-2254,new,2025-09-08T16:59:47.000Z,7,tablet,107.26,0.15,715.07,true,617.8,ORD-11483,completed,2025-09-01T16:59:47.000Z,digital_wallet,Sports,PRD-3171,Dumbbell Set,1,4,mobile_app,9.99,same_day,TX,715.07,WH-TX-03,late
AI Promo,Boston,NO_COUPON,USD,CUST-2474,vip,null,null,tablet,193.38,0.2,966.9,null,788.51,ORD-11484,cancelled,2025-09-22T19:26:28.000Z,debit_card,Electronics,PRD-3187,Wireless Earbuds,2,null,mobile_app,14.99,standard,MA,483.45,WH-CA-02,on_time
UNKNOWN,Houston,FREESHIP,USD,CUST-2094,returning,2025-09-26T18:35:08.000Z,1,mobile,276.04,0.1,2760.44,false,2492.39,ORD-11485,completed,2025-09-25T18:35:08.000Z,digital_wallet,Sports,PRD-3190,Dumbbell Set,4,2,web,7.99,same_day,TX,690.11,WH-CA-02,on_time
Weekend Flash,Phoenix,SUMMER15,USD,CUST-2311,vip,2025-09-30T18:05:42.000Z,7,desktop,0,0,1810.95,true,1820.94,ORD-11486,shipped,2025-09-23T18:05:42.000Z,bank_transfer,Books,PRD-3248,Python for Data,5,4,mobile_app,9.99,standard,AZ,362.19,WH-TX-03,late
Summer Deals,Phoenix,DATA20,USD,CUST-2267,vip,2025-08-18T05:06:27.000Z,3,tablet,0,0,3184.2,false,3192.19,ORD-11487,shipped,2025-08-15T05:06:27.000Z,digital_wallet,Fashion,PRD-3173,Sneakers,5,4,mobile_app,7.99,express,AZ,636.84,WH-CA-02,on_time
Summer Deals,Seattle,WELCOME10,USD,CUST-2333,vip,2025-08-08T19:20:19.000Z,6,tablet,0,0,3131.5,true,3141.49,ORD-11488,shipped,2025-08-02T19:20:19.000Z,digital_wallet,Fashion,PRD-3157,T-Shirt,5,5,mobile_app,9.99,same_day,WA,626.3,WH-TX-03,late
Weekend Flash,Miami,SUMMER15,USD,CUST-2314,new,2025-09-19T08:53:37.000Z,3,desktop,0,0,3446.3,false,3451.29,ORD-11489,returned,2025-09-16T08:53:37.000Z,credit_card,Electronics,PRD-3124,Bluetooth Speaker,5,null,web,4.99,express,FL,689.26,WH-CA-02,on_time
AI Promo,Boston,WELCOME10,USD,CUST-2440,new,2025-08-11T11:21:41.000Z,3,tablet,21.75,0.2,108.74,false,86.99,ORD-11490,completed,2025-08-08T11:21:41.000Z,credit_card,Books,PRD-3135,Data Engineering Basics,1,1,web,0,same_day,MA,108.74,WH-TX-03,on_time
AI Promo,Dallas,NO_COUPON,USD,CUST-2332,vip,2025-08-24T20:16:06.000Z,2,desktop,43.99,0.1,439.89,false,410.89,ORD-11491,completed,2025-08-22T20:16:06.000Z,digital_wallet,Books,PRD-3159,SQL Fundamentals,3,5,marketplace,14.99,same_day,TX,146.63,WH-TX-03,on_time
AI Promo,San Francisco,FREESHIP,USD,CUST-2428,vip,2025-09-28T12:34:23.000Z,3,tablet,0,0,1498.38,false,1503.37,ORD-11492,completed,2025-09-25T12:34:23.000Z,bank_transfer,Books,PRD-3177,SQL Fundamentals,3,3,marketplace,4.99,express,CA,499.46,WH-TX-03,on_time
UNKNOWN,Los Angeles,NO_COUPON,USD,CUST-2228,new,2025-09-21T14:26:10.000Z,2,mobile,11.25,0.05,225.05,false,213.8,ORD-11493,completed,2025-09-19T14:26:10.000Z,bank_transfer,Books,PRD-3239,Data Engineering Basics,5,5,web,0,express,CA,45.01,WH-CA-02,on_time
Summer Deals,Los Angeles,SUMMER15,USD,CUST-2022,vip,2025-08-25T11:35:22.000Z,6,mobile,431.09,0.2,2155.44,true,1729.34,ORD-11494,completed,2025-08-19T11:35:22.000Z,bank_transfer,Fashion,PRD-3256,T-Shirt,4,5,marketplace,4.99,same_day,CA,538.86,WH-NY-01,late
AI Promo,Los Angeles,FREESHIP,USD,CUST-2389,new,2025-08-11T22:22:39.000Z,6,tablet,0,0,643.44,true,643.44,ORD-11495,completed,2025-08-05T22:22:39.000Z,digital_wallet,Books,PRD-3019,Python for Data,4,3,web,0,same_day,CA,160.86,WH-TX-03,late
Summer Deals,New York,DATA20,USD,CUST-2384,returning,2025-08-28T05:06:25.000Z,6,mobile,169.07,0.15,1127.16,true,966.08,ORD-11496,completed,2025-08-22T05:06:25.000Z,digital_wallet,Books,PRD-3282,Data Engineering Basics,2,4,marketplace,7.99,express,NY,563.58,WH-TX-03,late
Back to School,Houston,WELCOME10,USD,CUST-2024,returning,2025-10-03T05:50:22.000Z,6,desktop,0,0,2538.24,true,2546.23,ORD-11497,shipped,2025-09-27T05:50:22.000Z,debit_card,Fashion,PRD-3066,Backpack,4,2,mobile_app,7.99,express,TX,634.56,WH-NY-01,late
Summer Deals,Houston,DATA20,USD,CUST-2159,new,2025-08-22T14:03:38.000Z,4,tablet,0,0,3025.45,false,3025.45,ORD-11498,returned,2025-08-18T14:03:38.000Z,debit_card,Fashion,PRD-3159,Sneakers,5,null,web,0,express,TX,605.09,WH-TX-03,on_time
Summer Deals,Houston,FREESHIP,USD,CUST-2361,vip,2025-09-24T10:44:17.000Z,5,tablet,286.34,0.1,2863.45,true,2587.1,ORD-11499,completed,2025-09-19T10:44:17.000Z,debit_card,Fashion,PRD-3027,T-Shirt,5,5,mobile_app,9.99,express,TX,572.69,WH-CA-02,late
Back to School,Dallas,FREESHIP,USD,CUST-2363,new,2025-08-19T05:26:15.000Z,6,tablet,0,0,3306.25,true,3314.24,ORD-11500,completed,2025-08-13T05:26:15.000Z,digital_wallet,Home,PRD-3268,Coffee Machine,5,5,mobile_app,7.99,same_day,TX,661.25,WH-NY-01,late
UNKNOWN,Chicago,DATA20,USD,CUST-2043,new,2025-09-18T05:10:20.000Z,7,desktop,0,0,1278.88,true,1286.87,ORD-11501,completed,2025-09-11T05:10:20.000Z,debit_card,Home,PRD-3280,Vacuum Cleaner,2,2,marketplace,7.99,express,IL,639.44,WH-CA-02,late
UNKNOWN,Seattle,DATA20,USD,CUST-2163,returning,2025-09-20T14:11:23.000Z,6,mobile,231.41,0.1,2314.11,true,2090.69,ORD-11502,returned,2025-09-14T14:11:23.000Z,credit_card,Fashion,PRD-3057,T-Shirt,3,null,web,7.99,same_day,WA,771.37,WH-TX-03,late
UNKNOWN,San Francisco,DATA20,USD,CUST-2354,vip,2025-08-04T05:21:09.000Z,1,desktop,0,0,1247.28,false,1262.27,ORD-11503,completed,2025-08-03T05:21:09.000Z,bank_transfer,Electronics,PRD-3220,Smart Watch,4,4,mobile_app,14.99,standard,CA,311.82,WH-CA-02,on_time
Weekend Flash,Miami,NO_COUPON,USD,CUST-2125,returning,2025-10-05T10:16:42.000Z,5,mobile,0,0,623.56,true,623.56,ORD-11504,completed,2025-09-30T10:16:42.000Z,debit_card,Electronics,PRD-3050,Bluetooth Speaker,2,5,web,0,express,FL,311.78,WH-TX-03,late
Summer Deals,Houston,NO_COUPON,USD,CUST-2216,vip,2025-10-02T17:29:58.000Z,4,desktop,82.26,0.1,822.6,false,750.33,ORD-11505,completed,2025-09-28T17:29:58.000Z,debit_card,Books,PRD-3223,Python for Data,5,3,marketplace,9.99,express,TX,164.52,WH-NY-01,on_time
AI Promo,Boston,DATA20,USD,CUST-2145,vip,2025-09-14T21:11:06.000Z,4,tablet,313.37,0.2,1566.84,false,1253.47,ORD-11506,completed,2025-09-10T21:11:06.000Z,credit_card,Fashion,PRD-3203,Sneakers,4,3,marketplace,0,same_day,MA,391.71,WH-NY-01,on_time
Weekend Flash,Dallas,FREESHIP,USD,CUST-2240,returning,2025-09-14T18:50:25.000Z,3,tablet,9.07,0.1,90.66,false,89.58,ORD-11507,shipped,2025-09-11T18:50:25.000Z,credit_card,Books,PRD-3043,SQL Fundamentals,2,2,mobile_app,7.99,express,TX,45.33,WH-TX-03,on_time
Back to School,New York,DATA20,USD,CUST-2153,new,2025-09-23T06:48:31.000Z,6,tablet,0,0,3194.55,true,3209.54,ORD-11508,completed,2025-09-17T06:48:31.000Z,digital_wallet,Books,PRD-3059,AI for Everyone,5,5,web,14.99,same_day,NY,638.91,WH-NY-01,late
Summer Deals,Dallas,NO_COUPON,USD,CUST-2142,new,2025-09-08T12:37:25.000Z,4,desktop,0,0,451.34,false,461.33,ORD-11509,completed,2025-09-04T12:37:25.000Z,debit_card,Electronics,PRD-3127,Bluetooth Speaker,1,1,mobile_app,9.99,same_day,TX,451.34,WH-TX-03,on_time
AI Promo,Chicago,DATA20,USD,CUST-2188,returning,2025-08-15T21:36:47.000Z,7,mobile,0,0,327.21,true,332.2,ORD-11510,completed,2025-08-08T21:36:47.000Z,debit_card,Fashion,PRD-3073,Backpack,1,1,marketplace,4.99,standard,IL,327.21,WH-TX-03,late
Weekend Flash,Houston,SUMMER15,USD,CUST-2168,new,2025-08-03T21:23:28.000Z,2,desktop,161.78,0.2,808.9,false,647.12,ORD-11511,returned,2025-08-01T21:23:28.000Z,digital_wallet,Sports,PRD-3174,Cycling Helmet,5,null,web,0,same_day,TX,161.78,WH-TX-03,on_time
UNKNOWN,San Francisco,DATA20,USD,CUST-2045,vip,2025-10-03T10:09:58.000Z,5,desktop,35.11,0.05,702.1,true,666.99,ORD-11512,completed,2025-09-28T10:09:58.000Z,digital_wallet,Electronics,PRD-3263,Wireless Earbuds,1,5,web,0,same_day,CA,702.1,WH-NY-01,late
Summer Deals,Houston,WELCOME10,USD,CUST-2465,new,2025-09-17T08:12:02.000Z,3,desktop,0,0,355.88,false,365.87,ORD-11513,completed,2025-09-14T08:12:02.000Z,bank_transfer,Fashion,PRD-3038,T-Shirt,4,1,marketplace,9.99,same_day,TX,88.97,WH-NY-01,on_time
Back to School,San Francisco,FREESHIP,USD,CUST-2060,vip,2025-09-11T18:13:15.000Z,4,desktop,84.06,0.2,420.32,false,351.25,ORD-11514,completed,2025-09-07T18:13:15.000Z,digital_wallet,Electronics,PRD-3235,Tablet Stand,2,5,web,14.99,standard,CA,210.16,WH-CA-02,on_time
AI Promo,Phoenix,WELCOME10,USD,CUST-2041,vip,2025-09-16T04:42:53.000Z,2,mobile,266.43,0.2,1332.15,false,1075.71,ORD-11515,returned,2025-09-14T04:42:53.000Z,debit_card,Home,PRD-3023,LED Lamp,5,null,web,9.99,standard,AZ,266.43,WH-TX-03,on_time
Summer Deals,Seattle,NO_COUPON,USD,CUST-2301,returning,2025-08-11T08:19:34.000Z,3,desktop,146.16,0.05,2923.2,false,2785.03,ORD-11516,shipped,2025-08-08T08:19:34.000Z,credit_card,Books,PRD-3112,AI for Everyone,4,3,marketplace,7.99,express,WA,730.8,WH-NY-01,on_time
AI Promo,San Francisco,FREESHIP,USD,CUST-2212,new,2025-10-03T19:52:37.000Z,6,mobile,235.25,0.15,1568.32,true,1348.06,ORD-11517,completed,2025-09-27T19:52:37.000Z,digital_wallet,Fashion,PRD-3027,Backpack,4,1,mobile_app,14.99,express,CA,392.08,WH-CA-02,late
UNKNOWN,San Francisco,SUMMER15,USD,CUST-2296,new,null,null,tablet,0,0,1361.92,null,1376.91,ORD-11518,cancelled,2025-09-06T22:09:10.000Z,credit_card,Fashion,PRD-3173,Jacket,4,null,web,14.99,standard,CA,340.48,WH-NY-01,on_time
UNKNOWN,Boston,WELCOME10,USD,CUST-2473,vip,2025-09-21T21:00:53.000Z,4,desktop,459.44,0.15,3062.96,false,2611.51,ORD-11519,completed,2025-09-17T21:00:53.000Z,debit_card,Sports,PRD-3035,Cycling Helmet,4,4,marketplace,7.99,express,MA,765.74,WH-CA-02,on_time
Summer Deals,New York,DATA20,USD,CUST-2074,returning,2025-08-30T22:02:48.000Z,6,desktop,283.08,0.1,2830.76,true,2562.67,ORD-11520,completed,2025-08-24T22:02:48.000Z,debit_card,Sports,PRD-3240,Resistance Bands,4,2,mobile_app,14.99,same_day,NY,707.69,WH-NY-01,late
Weekend Flash,Los Angeles,SUMMER15,USD,CUST-2407,new,null,null,tablet,0,0,1829.52,null,1834.51,ORD-11521,cancelled,2025-09-06T03:26:11.000Z,debit_card,Electronics,PRD-3086,Tablet Stand,3,null,web,4.99,standard,CA,609.84,WH-NY-01,on_time
UNKNOWN,Houston,WELCOME10,USD,CUST-2363,new,2025-08-22T20:01:50.000Z,4,tablet,0,0,901.9,false,909.89,ORD-11522,returned,2025-08-18T20:01:50.000Z,credit_card,Electronics,PRD-3133,Smart Watch,5,null,web,7.99,express,TX,180.38,WH-CA-02,on_time
UNKNOWN,Chicago,SUMMER15,USD,CUST-2247,vip,2025-09-13T17:05:08.000Z,5,mobile,71.15,0.05,1422.96,true,1356.8,ORD-11523,completed,2025-09-08T17:05:08.000Z,bank_transfer,Home,PRD-3196,LED Lamp,4,5,mobile_app,4.99,same_day,IL,355.74,WH-CA-02,late
UNKNOWN,Phoenix,SUMMER15,USD,CUST-2267,new,2025-08-16T02:40:48.000Z,7,mobile,0,0,1878.3,true,1878.3,ORD-11524,returned,2025-08-09T02:40:48.000Z,bank_transfer,Sports,PRD-3186,Resistance Bands,3,null,web,0,standard,AZ,626.1,WH-NY-01,late
UNKNOWN,San Francisco,NO_COUPON,USD,CUST-2279,returning,2025-08-29T08:30:35.000Z,7,tablet,0,0,1002.18,true,1010.17,ORD-11525,completed,2025-08-22T08:30:35.000Z,debit_card,Home,PRD-3093,Coffee Machine,3,1,mobile_app,7.99,same_day,CA,334.06,WH-NY-01,late
UNKNOWN,Chicago,DATA20,USD,CUST-2473,new,2025-09-15T06:57:20.000Z,5,tablet,0,0,2845.16,true,2845.16,ORD-11526,completed,2025-09-10T06:57:20.000Z,digital_wallet,Electronics,PRD-3068,Smart Watch,4,2,marketplace,0,same_day,IL,711.29,WH-CA-02,late
Back to School,Chicago,FREESHIP,USD,CUST-2296,new,2025-09-28T17:36:23.000Z,7,tablet,8.52,0.05,170.36,true,166.83,ORD-11527,completed,2025-09-21T17:36:23.000Z,bank_transfer,Sports,PRD-3296,Resistance Bands,1,4,web,4.99,express,IL,170.36,WH-CA-02,late
Weekend Flash,New York,NO_COUPON,USD,CUST-2092,vip,2025-08-04T23:00:01.000Z,3,desktop,457.94,0.15,3052.95,false,2610,ORD-11528,completed,2025-08-01T23:00:01.000Z,debit_card,Home,PRD-3174,Vacuum Cleaner,5,3,web,14.99,standard,NY,610.59,WH-TX-03,on_time
Summer Deals,Chicago,NO_COUPON,USD,CUST-2318,new,2025-08-27T16:04:25.000Z,3,tablet,116.26,0.05,2325.2,false,2216.93,ORD-11529,shipped,2025-08-24T16:04:25.000Z,bank_transfer,Electronics,PRD-3035,Wireless Earbuds,4,1,marketplace,7.99,express,IL,581.3,WH-NY-01,on_time
AI Promo,Miami,NO_COUPON,USD,CUST-2423,new,2025-09-17T05:36:28.000Z,3,tablet,0,0,1878.42,false,1888.41,ORD-11530,completed,2025-09-14T05:36:28.000Z,digital_wallet,Fashion,PRD-3204,Sneakers,3,4,mobile_app,9.99,same_day,FL,626.14,WH-CA-02,on_time
Weekend Flash,Dallas,FREESHIP,USD,CUST-2219,new,2025-08-12T15:44:35.000Z,2,desktop,9.26,0.15,61.74,false,62.47,ORD-11531,completed,2025-08-10T15:44:35.000Z,debit_card,Home,PRD-3172,Vacuum Cleaner,3,3,mobile_app,9.99,standard,TX,20.58,WH-CA-02,on_time
Summer Deals,Miami,FREESHIP,USD,CUST-2187,new,2025-09-19T11:39:40.000Z,4,mobile,148.95,0.05,2979.05,false,2845.09,ORD-11532,completed,2025-09-15T11:39:40.000Z,digital_wallet,Electronics,PRD-3290,Bluetooth Speaker,5,4,marketplace,14.99,same_day,FL,595.81,WH-TX-03,on_time
AI Promo,Chicago,DATA20,USD,CUST-2181,new,null,null,mobile,0,0,1434.05,null,1434.05,ORD-11533,cancelled,2025-08-09T01:09:35.000Z,digital_wallet,Electronics,PRD-3077,Smart Watch,5,null,mobile_app,0,standard,IL,286.81,WH-TX-03,on_time
Weekend Flash,Houston,NO_COUPON,USD,CUST-2064,new,2025-09-08T04:58:23.000Z,3,mobile,0,0,2046.8,false,2054.79,ORD-11534,returned,2025-09-05T04:58:23.000Z,bank_transfer,Books,PRD-3228,AI for Everyone,5,null,web,7.99,same_day,TX,409.36,WH-NY-01,on_time
Back to School,Miami,DATA20,USD,CUST-2082,returning,2025-08-28T01:51:29.000Z,7,desktop,12.46,0.05,249.14,true,241.67,ORD-11535,completed,2025-08-21T01:51:29.000Z,debit_card,Fashion,PRD-3041,T-Shirt,1,2,mobile_app,4.99,same_day,FL,249.14,WH-NY-01,late
Summer Deals,Phoenix,SUMMER15,USD,CUST-2098,vip,2025-09-22T22:30:10.000Z,7,mobile,233.93,0.2,1169.64,true,945.7,ORD-11536,completed,2025-09-15T22:30:10.000Z,digital_wallet,Sports,PRD-3176,Resistance Bands,2,5,web,9.99,same_day,AZ,584.82,WH-NY-01,late
AI Promo,Boston,DATA20,USD,CUST-2315,vip,2025-08-22T00:55:43.000Z,6,mobile,115.94,0.1,1159.44,true,1051.49,ORD-11537,completed,2025-08-16T00:55:43.000Z,credit_card,Books,PRD-3139,AI for Everyone,3,4,mobile_app,7.99,same_day,MA,386.48,WH-NY-01,late
Summer Deals,Phoenix,SUMMER15,USD,CUST-2248,new,2025-09-07T17:00:38.000Z,1,desktop,153.84,0.2,769.2,false,615.36,ORD-11538,completed,2025-09-06T17:00:38.000Z,debit_card,Books,PRD-3066,Data Engineering Basics,1,5,web,0,express,AZ,769.2,WH-TX-03,on_time
Summer Deals,Chicago,NO_COUPON,USD,CUST-2044,vip,2025-09-02T03:14:03.000Z,5,tablet,0,0,433.48,true,438.47,ORD-11539,returned,2025-08-28T03:14:03.000Z,bank_transfer,Home,PRD-3031,LED Lamp,2,null,web,4.99,standard,IL,216.74,WH-NY-01,late
UNKNOWN,Los Angeles,DATA20,USD,CUST-2293,new,2025-10-05T10:16:31.000Z,7,tablet,31.13,0.1,311.26,true,288.12,ORD-11540,completed,2025-09-28T10:16:31.000Z,bank_transfer,Electronics,PRD-3034,Tablet Stand,2,2,mobile_app,7.99,standard,CA,155.63,WH-NY-01,late
Back to School,Houston,FREESHIP,USD,CUST-2493,vip,2025-09-14T01:40:15.000Z,7,tablet,0,0,1092.66,true,1097.65,ORD-11541,returned,2025-09-07T01:40:15.000Z,digital_wallet,Fashion,PRD-3214,Jacket,3,null,web,4.99,express,TX,364.22,WH-CA-02,late
Back to School,Houston,WELCOME10,USD,CUST-2167,new,2025-09-24T17:29:46.000Z,7,tablet,126.76,0.1,1267.64,true,1145.87,ORD-11542,completed,2025-09-17T17:29:46.000Z,credit_card,Sports,PRD-3104,Yoga Mat,2,2,mobile_app,4.99,same_day,TX,633.82,WH-TX-03,late
Summer Deals,New York,WELCOME10,USD,CUST-2163,returning,2025-08-24T12:28:32.000Z,4,mobile,0,0,2702.08,false,2710.07,ORD-11543,completed,2025-08-20T12:28:32.000Z,debit_card,Books,PRD-3146,AI for Everyone,4,5,marketplace,7.99,standard,NY,675.52,WH-TX-03,on_time
AI Promo,Miami,FREESHIP,USD,CUST-2319,new,2025-09-01T19:51:55.000Z,3,mobile,116.41,0.2,582.05,false,475.63,ORD-11544,shipped,2025-08-29T19:51:55.000Z,credit_card,Sports,PRD-3295,Dumbbell Set,1,5,web,9.99,express,FL,582.05,WH-NY-01,on_time
AI Promo,Boston,NO_COUPON,USD,CUST-2423,vip,2025-08-29T22:12:15.000Z,7,mobile,88.72,0.15,591.48,true,507.75,ORD-11545,returned,2025-08-22T22:12:15.000Z,digital_wallet,Home,PRD-3127,LED Lamp,4,null,mobile_app,4.99,standard,MA,147.87,WH-CA-02,late
Back to School,Houston,WELCOME10,USD,CUST-2012,vip,2025-08-14T13:09:18.000Z,7,tablet,30.56,0.1,305.64,true,283.07,ORD-11546,completed,2025-08-07T13:09:18.000Z,digital_wallet,Home,PRD-3192,Air Fryer,2,5,marketplace,7.99,standard,TX,152.82,WH-NY-01,late
UNKNOWN,Houston,SUMMER15,USD,CUST-2250,vip,2025-08-12T15:52:08.000Z,3,desktop,26.61,0.1,266.12,false,239.51,ORD-11547,completed,2025-08-09T15:52:08.000Z,digital_wallet,Fashion,PRD-3183,Sneakers,1,3,mobile_app,0,standard,TX,266.12,WH-CA-02,on_time
UNKNOWN,New York,WELCOME10,USD,CUST-2417,returning,2025-08-25T10:05:37.000Z,5,mobile,19.55,0.05,390.99,true,381.43,ORD-11548,completed,2025-08-20T10:05:37.000Z,credit_card,Fashion,PRD-3165,Backpack,3,5,mobile_app,9.99,express,NY,130.33,WH-NY-01,late
Summer Deals,Boston,NO_COUPON,USD,CUST-2477,new,2025-09-22T07:14:46.000Z,6,tablet,0,0,1978.83,true,1986.82,ORD-11549,completed,2025-09-16T07:14:46.000Z,bank_transfer,Electronics,PRD-3241,Smart Watch,3,5,marketplace,7.99,same_day,MA,659.61,WH-CA-02,late
UNKNOWN,San Francisco,WELCOME10,USD,CUST-2126,new,2025-08-15T00:40:41.000Z,2,mobile,286.55,0.1,2865.48,false,2583.92,ORD-11550,completed,2025-08-13T00:40:41.000Z,credit_card,Books,PRD-3211,Python for Data,4,2,web,4.99,same_day,CA,716.37,WH-TX-03,on_time
Summer Deals,San Francisco,DATA20,USD,CUST-2161,vip,2025-08-31T10:20:02.000Z,3,tablet,0,0,259.59,false,269.58,ORD-11551,completed,2025-08-28T10:20:02.000Z,bank_transfer,Books,PRD-3198,SQL Fundamentals,1,3,marketplace,9.99,same_day,CA,259.59,WH-TX-03,on_time
Weekend Flash,Miami,NO_COUPON,USD,CUST-2056,new,2025-08-10T00:02:47.000Z,7,desktop,100.72,0.2,503.6,true,412.87,ORD-11552,shipped,2025-08-03T00:02:47.000Z,credit_card,Books,PRD-3214,Python for Data,2,3,mobile_app,9.99,same_day,FL,251.8,WH-TX-03,late
AI Promo,Chicago,SUMMER15,USD,CUST-2209,vip,2025-09-25T20:42:07.000Z,4,tablet,0,0,869.96,false,877.95,ORD-11553,completed,2025-09-21T20:42:07.000Z,credit_card,Books,PRD-3275,Python for Data,2,4,web,7.99,same_day,IL,434.98,WH-CA-02,on_time
Back to School,Boston,WELCOME10,USD,CUST-2091,vip,2025-08-29T01:34:48.000Z,2,mobile,252.94,0.1,2529.45,false,2284.5,ORD-11554,completed,2025-08-27T01:34:48.000Z,digital_wallet,Electronics,PRD-3246,Bluetooth Speaker,5,1,mobile_app,7.99,standard,MA,505.89,WH-TX-03,on_time
UNKNOWN,Dallas,WELCOME10,USD,CUST-2373,vip,2025-08-27T21:18:01.000Z,4,mobile,72.69,0.1,726.94,false,659.24,ORD-11555,shipped,2025-08-23T21:18:01.000Z,credit_card,Electronics,PRD-3274,Bluetooth Speaker,2,5,marketplace,4.99,express,TX,363.47,WH-CA-02,on_time
UNKNOWN,Dallas,FREESHIP,USD,CUST-2199,returning,2025-09-13T01:13:26.000Z,4,tablet,13.73,0.05,274.68,false,268.94,ORD-11556,completed,2025-09-09T01:13:26.000Z,digital_wallet,Sports,PRD-3019,Cycling Helmet,3,5,web,7.99,same_day,TX,91.56,WH-TX-03,on_time
Weekend Flash,Seattle,FREESHIP,USD,CUST-2024,returning,2025-09-30T11:05:27.000Z,3,tablet,16.01,0.05,320.1,false,314.08,ORD-11557,completed,2025-09-27T11:05:27.000Z,debit_card,Books,PRD-3188,AI for Everyone,5,2,marketplace,9.99,express,WA,64.02,WH-NY-01,on_time
Weekend Flash,Dallas,FREESHIP,USD,CUST-2389,new,2025-08-12T19:33:53.000Z,3,desktop,0,0,351.02,false,351.02,ORD-11558,completed,2025-08-09T19:33:53.000Z,debit_card,Electronics,PRD-3245,Tablet Stand,2,5,mobile_app,0,standard,TX,175.51,WH-NY-01,on_time
AI Promo,Seattle,WELCOME10,USD,CUST-2437,new,2025-08-30T17:35:30.000Z,6,desktop,19.11,0.1,191.06,true,171.95,ORD-11559,completed,2025-08-24T17:35:30.000Z,bank_transfer,Books,PRD-3030,Data Engineering Basics,2,3,mobile_app,0,express,WA,95.53,WH-CA-02,late
AI Promo,New York,WELCOME10,USD,CUST-2107,vip,2025-09-18T02:37:58.000Z,5,desktop,36.55,0.15,243.67,true,207.12,ORD-11560,returned,2025-09-13T02:37:58.000Z,digital_wallet,Electronics,PRD-3235,Bluetooth Speaker,1,null,web,0,standard,NY,243.67,WH-CA-02,late
Summer Deals,Los Angeles,DATA20,USD,CUST-2150,new,2025-08-17T05:03:01.000Z,1,mobile,0,0,61.26,false,76.25,ORD-11561,shipped,2025-08-16T05:03:01.000Z,debit_card,Books,PRD-3158,SQL Fundamentals,3,4,web,14.99,standard,CA,20.42,WH-TX-03,on_time
Weekend Flash,Phoenix,DATA20,USD,CUST-2355,new,2025-08-25T16:26:48.000Z,4,mobile,793.36,0.2,3966.8,false,3183.43,ORD-11562,completed,2025-08-21T16:26:48.000Z,digital_wallet,Electronics,PRD-3268,Tablet Stand,5,1,web,9.99,standard,AZ,793.36,WH-CA-02,on_time
Back to School,Chicago,NO_COUPON,USD,CUST-2191,returning,2025-08-11T15:02:08.000Z,2,desktop,0,0,509.15,false,514.14,ORD-11563,completed,2025-08-09T15:02:08.000Z,debit_card,Books,PRD-3232,AI for Everyone,1,3,marketplace,4.99,express,IL,509.15,WH-TX-03,on_time
UNKNOWN,San Francisco,NO_COUPON,USD,CUST-2212,returning,2025-09-21T00:56:58.000Z,1,mobile,99.39,0.15,662.59,false,568.19,ORD-11564,completed,2025-09-20T00:56:58.000Z,debit_card,Sports,PRD-3278,Yoga Mat,1,4,web,4.99,standard,CA,662.59,WH-NY-01,on_time
AI Promo,Miami,DATA20,USD,CUST-2043,returning,2025-08-11T02:35:24.000Z,7,desktop,495.48,0.2,2477.4,true,1996.91,ORD-11565,completed,2025-08-04T02:35:24.000Z,bank_transfer,Sports,PRD-3201,Cycling Helmet,4,2,mobile_app,14.99,same_day,FL,619.35,WH-CA-02,late
AI Promo,Phoenix,FREESHIP,USD,CUST-2371,new,2025-08-17T16:34:34.000Z,7,desktop,74.61,0.2,373.05,true,313.43,ORD-11566,completed,2025-08-10T16:34:34.000Z,credit_card,Home,PRD-3121,Air Fryer,3,5,mobile_app,14.99,express,AZ,124.35,WH-NY-01,late
Summer Deals,Houston,DATA20,USD,CUST-2063,returning,2025-08-31T05:24:40.000Z,5,tablet,146.32,0.2,731.59,true,590.26,ORD-11567,returned,2025-08-26T05:24:40.000Z,digital_wallet,Electronics,PRD-3128,Wireless Earbuds,1,null,mobile_app,4.99,standard,TX,731.59,WH-NY-01,late
Summer Deals,New York,FREESHIP,USD,CUST-2298,vip,2025-09-25T07:07:53.000Z,1,tablet,111.79,0.15,745.24,false,648.44,ORD-11568,returned,2025-09-24T07:07:53.000Z,debit_card,Fashion,PRD-3162,T-Shirt,1,null,mobile_app,14.99,express,NY,745.24,WH-CA-02,on_time
Weekend Flash,Dallas,NO_COUPON,USD,CUST-2057,vip,2025-08-13T16:05:12.000Z,7,mobile,0,0,238.68,true,246.67,ORD-11569,completed,2025-08-06T16:05:12.000Z,bank_transfer,Sports,PRD-3160,Dumbbell Set,1,4,marketplace,7.99,standard,TX,238.68,WH-NY-01,late
Weekend Flash,San Francisco,SUMMER15,USD,CUST-2406,new,2025-09-02T09:32:23.000Z,4,desktop,35.02,0.05,700.36,false,673.33,ORD-11570,completed,2025-08-29T09:32:23.000Z,digital_wallet,Electronics,PRD-3052,Tablet Stand,1,5,web,7.99,same_day,CA,700.36,WH-NY-01,on_time
Weekend Flash,New York,FREESHIP,USD,CUST-2339,returning,2025-08-23T23:08:48.000Z,2,desktop,65.25,0.1,652.53,false,595.27,ORD-11571,completed,2025-08-21T23:08:48.000Z,bank_transfer,Home,PRD-3028,Air Fryer,3,5,marketplace,7.99,standard,NY,217.51,WH-NY-01,on_time
Summer Deals,Miami,NO_COUPON,USD,CUST-2363,new,2025-08-31T08:38:14.000Z,2,tablet,373.81,0.15,2492.05,false,2133.23,ORD-11572,shipped,2025-08-29T08:38:14.000Z,debit_card,Fashion,PRD-3148,Jacket,5,4,web,14.99,same_day,FL,498.41,WH-CA-02,on_time
UNKNOWN,Los Angeles,NO_COUPON,USD,CUST-2179,returning,2025-08-29T15:04:44.000Z,6,mobile,4.67,0.1,46.74,true,52.06,ORD-11573,shipped,2025-08-23T15:04:44.000Z,credit_card,Electronics,PRD-3045,Tablet Stand,2,3,web,9.99,standard,CA,23.37,WH-TX-03,late
Summer Deals,Seattle,FREESHIP,USD,CUST-2144,returning,2025-08-18T20:02:24.000Z,3,tablet,0,0,331.53,false,339.52,ORD-11574,completed,2025-08-15T20:02:24.000Z,bank_transfer,Fashion,PRD-3205,Jacket,1,3,web,7.99,same_day,WA,331.53,WH-TX-03,on_time
Summer Deals,Boston,FREESHIP,USD,CUST-2028,returning,2025-08-09T04:15:25.000Z,7,mobile,0,0,2059.6,true,2069.59,ORD-11575,completed,2025-08-02T04:15:25.000Z,digital_wallet,Sports,PRD-3037,Cycling Helmet,5,3,web,9.99,standard,MA,411.92,WH-CA-02,late
Back to School,Boston,SUMMER15,USD,CUST-2294,vip,2025-08-08T11:59:56.000Z,1,mobile,64.91,0.1,649.07,false,599.15,ORD-11576,completed,2025-08-07T11:59:56.000Z,credit_card,Fashion,PRD-3019,Backpack,1,4,web,14.99,standard,MA,649.07,WH-CA-02,on_time
UNKNOWN,Phoenix,SUMMER15,USD,CUST-2340,vip,2025-08-30T22:17:14.000Z,2,desktop,113.46,0.05,2269.2,false,2170.73,ORD-11577,completed,2025-08-28T22:17:14.000Z,debit_card,Fashion,PRD-3176,Sneakers,3,5,marketplace,14.99,standard,AZ,756.4,WH-NY-01,on_time
Summer Deals,Miami,SUMMER15,USD,CUST-2300,vip,2025-10-02T09:19:39.000Z,6,desktop,0,0,1752.75,true,1752.75,ORD-11578,returned,2025-09-26T09:19:39.000Z,debit_card,Electronics,PRD-3207,Smart Watch,3,null,mobile_app,0,same_day,FL,584.25,WH-TX-03,late
UNKNOWN,Los Angeles,FREESHIP,USD,CUST-2219,vip,2025-09-02T14:36:55.000Z,3,desktop,0,0,2086.4,false,2086.4,ORD-11579,returned,2025-08-30T14:36:55.000Z,debit_card,Sports,PRD-3260,Resistance Bands,4,null,mobile_app,0,standard,CA,521.6,WH-CA-02,on_time
Weekend Flash,Dallas,WELCOME10,USD,CUST-2340,new,2025-09-29T23:42:51.000Z,4,tablet,232.83,0.15,1552.2,false,1324.36,ORD-11580,shipped,2025-09-25T23:42:51.000Z,bank_transfer,Books,PRD-3041,AI for Everyone,2,1,web,4.99,same_day,TX,776.1,WH-NY-01,on_time
Weekend Flash,Miami,NO_COUPON,USD,CUST-2423,returning,2025-08-25T19:35:41.000Z,1,tablet,35.79,0.1,357.85,false,322.06,ORD-11581,completed,2025-08-24T19:35:41.000Z,credit_card,Sports,PRD-3065,Resistance Bands,1,5,web,0,express,FL,357.85,WH-CA-02,on_time
Weekend Flash,New York,SUMMER15,USD,CUST-2008,new,2025-08-25T20:13:52.000Z,5,tablet,112.23,0.05,2244.69,true,2142.45,ORD-11582,shipped,2025-08-20T20:13:52.000Z,digital_wallet,Books,PRD-3168,SQL Fundamentals,3,1,web,9.99,standard,NY,748.23,WH-TX-03,late
Back to School,Houston,NO_COUPON,USD,CUST-2065,vip,2025-08-28T20:47:37.000Z,2,mobile,77.12,0.2,385.59,false,323.46,ORD-11583,completed,2025-08-26T20:47:37.000Z,debit_card,Fashion,PRD-3169,Backpack,1,5,marketplace,14.99,express,TX,385.59,WH-NY-01,on_time
Weekend Flash,New York,NO_COUPON,USD,CUST-2099,vip,2025-09-04T10:26:04.000Z,7,desktop,0,0,537.11,true,545.1,ORD-11584,shipped,2025-08-28T10:26:04.000Z,debit_card,Electronics,PRD-3264,Wireless Earbuds,1,1,web,7.99,standard,NY,537.11,WH-NY-01,late
AI Promo,New York,NO_COUPON,USD,CUST-2245,new,2025-09-17T20:53:36.000Z,5,tablet,158.27,0.15,1055.14,true,904.86,ORD-11585,completed,2025-09-12T20:53:36.000Z,credit_card,Sports,PRD-3112,Dumbbell Set,2,2,mobile_app,7.99,express,NY,527.57,WH-TX-03,late
Weekend Flash,Los Angeles,WELCOME10,USD,CUST-2065,new,2025-09-28T19:20:46.000Z,4,tablet,303.78,0.2,1518.92,false,1225.13,ORD-11586,completed,2025-09-24T19:20:46.000Z,credit_card,Books,PRD-3070,Data Engineering Basics,2,4,marketplace,9.99,express,CA,759.46,WH-NY-01,on_time
UNKNOWN,Dallas,FREESHIP,USD,CUST-2354,vip,2025-09-27T08:09:12.000Z,4,tablet,0,0,424.16,false,429.15,ORD-11587,completed,2025-09-23T08:09:12.000Z,debit_card,Books,PRD-3123,AI for Everyone,4,4,web,4.99,express,TX,106.04,WH-TX-03,on_time
Back to School,Los Angeles,WELCOME10,USD,CUST-2338,new,2025-08-22T02:42:04.000Z,6,mobile,0,0,353.29,true,358.28,ORD-11588,shipped,2025-08-16T02:42:04.000Z,digital_wallet,Books,PRD-3274,Data Engineering Basics,1,5,web,4.99,express,CA,353.29,WH-NY-01,late
Summer Deals,Seattle,SUMMER15,USD,CUST-2095,vip,2025-09-08T18:54:55.000Z,2,desktop,168.42,0.15,1122.81,false,969.38,ORD-11589,completed,2025-09-06T18:54:55.000Z,bank_transfer,Sports,PRD-3133,Dumbbell Set,3,5,web,14.99,standard,WA,374.27,WH-TX-03,on_time
Back to School,Dallas,DATA20,USD,CUST-2310,vip,2025-09-24T15:14:02.000Z,4,mobile,0,0,698.97,false,706.96,ORD-11590,completed,2025-09-20T15:14:02.000Z,digital_wallet,Books,PRD-3165,Python for Data,1,3,marketplace,7.99,express,TX,698.97,WH-CA-02,on_time
Weekend Flash,San Francisco,NO_COUPON,USD,CUST-2473,returning,2025-09-24T23:33:30.000Z,5,mobile,495.22,0.2,2476.12,true,1985.89,ORD-11591,completed,2025-09-19T23:33:30.000Z,bank_transfer,Fashion,PRD-3078,Sneakers,4,4,marketplace,4.99,express,CA,619.03,WH-CA-02,late
Weekend Flash,Chicago,SUMMER15,USD,CUST-2275,new,2025-08-19T12:12:20.000Z,5,tablet,60.43,0.1,604.32,true,543.89,ORD-11592,completed,2025-08-14T12:12:20.000Z,digital_wallet,Electronics,PRD-3164,Tablet Stand,4,4,mobile_app,0,express,IL,151.08,WH-TX-03,late
Summer Deals,Miami,NO_COUPON,USD,CUST-2075,returning,2025-08-27T19:04:36.000Z,6,desktop,145.59,0.1,1455.9,true,1325.3,ORD-11593,returned,2025-08-21T19:04:36.000Z,credit_card,Sports,PRD-3138,Dumbbell Set,3,null,marketplace,14.99,standard,FL,485.3,WH-TX-03,late
Back to School,Houston,WELCOME10,USD,CUST-2053,new,2025-08-30T20:41:29.000Z,7,tablet,9.68,0.1,96.8,true,92.11,ORD-11594,completed,2025-08-23T20:41:29.000Z,debit_card,Books,PRD-3150,Data Engineering Basics,5,4,web,4.99,standard,TX,19.36,WH-NY-01,late
UNKNOWN,Dallas,NO_COUPON,USD,CUST-2262,returning,2025-09-20T12:36:10.000Z,6,mobile,0,0,648.72,true,663.71,ORD-11595,completed,2025-09-14T12:36:10.000Z,digital_wallet,Electronics,PRD-3057,Bluetooth Speaker,2,4,mobile_app,14.99,same_day,TX,324.36,WH-TX-03,late
UNKNOWN,Houston,NO_COUPON,USD,CUST-2242,new,2025-08-25T17:34:22.000Z,2,mobile,205.19,0.2,1025.94,false,830.74,ORD-11596,completed,2025-08-23T17:34:22.000Z,bank_transfer,Electronics,PRD-3230,Smart Watch,2,3,mobile_app,9.99,standard,TX,512.97,WH-CA-02,on_time
Back to School,Phoenix,SUMMER15,USD,CUST-2203,returning,null,null,mobile,109.74,0.1,1097.36,null,1002.61,ORD-11597,cancelled,2025-09-14T21:48:56.000Z,bank_transfer,Electronics,PRD-3168,Tablet Stand,2,null,mobile_app,14.99,standard,AZ,548.68,WH-NY-01,on_time
Weekend Flash,San Francisco,FREESHIP,USD,CUST-2107,vip,2025-09-21T16:45:08.000Z,2,mobile,103.87,0.05,2077.4,false,1988.52,ORD-11598,completed,2025-09-19T16:45:08.000Z,credit_card,Electronics,PRD-3108,Wireless Earbuds,5,4,mobile_app,14.99,express,CA,415.48,WH-NY-01,on_time
Weekend Flash,Houston,NO_COUPON,USD,CUST-2102,returning,2025-09-21T14:42:17.000Z,6,mobile,0,0,656.5,true,656.5,ORD-11599,completed,2025-09-15T14:42:17.000Z,digital_wallet,Fashion,PRD-3295,Sneakers,5,5,web,0,same_day,TX,131.3,WH-TX-03,late
AI Promo,New York,WELCOME10,USD,CUST-2373,vip,2025-09-04T21:39:24.000Z,7,mobile,0,0,2793,true,2793,ORD-11600,shipped,2025-08-28T21:39:24.000Z,credit_card,Sports,PRD-3128,Yoga Mat,4,1,web,0,express,NY,698.25,WH-CA-02,late
Back to School,Phoenix,NO_COUPON,USD,CUST-2149,vip,2025-09-13T22:00:01.000Z,6,tablet,127.09,0.1,1270.92,true,1151.82,ORD-11601,shipped,2025-09-07T22:00:01.000Z,bank_transfer,Electronics,PRD-3015,Wireless Earbuds,4,5,web,7.99,same_day,AZ,317.73,WH-CA-02,late
Weekend Flash,Seattle,DATA20,USD,CUST-2184,new,2025-09-06T08:37:08.000Z,3,mobile,374.62,0.2,1873.12,false,1503.49,ORD-11602,completed,2025-09-03T08:37:08.000Z,digital_wallet,Fashion,PRD-3209,Backpack,4,4,web,4.99,standard,WA,468.28,WH-NY-01,on_time
Back to School,San Francisco,WELCOME10,USD,CUST-2234,vip,2025-08-11T05:50:35.000Z,1,tablet,121.7,0.2,608.52,false,491.81,ORD-11603,completed,2025-08-10T05:50:35.000Z,bank_transfer,Home,PRD-3156,LED Lamp,2,5,web,4.99,express,CA,304.26,WH-TX-03,on_time
Summer Deals,Phoenix,DATA20,USD,CUST-2469,returning,2025-09-09T19:02:49.000Z,1,desktop,88.64,0.2,443.22,false,359.57,ORD-11604,completed,2025-09-08T19:02:49.000Z,digital_wallet,Books,PRD-3164,Data Engineering Basics,3,4,mobile_app,4.99,standard,AZ,147.74,WH-CA-02,on_time
UNKNOWN,Dallas,DATA20,USD,CUST-2466,returning,2025-08-21T01:37:01.000Z,2,tablet,0,0,654.94,false,664.93,ORD-11605,completed,2025-08-19T01:37:01.000Z,digital_wallet,Sports,PRD-3004,Dumbbell Set,2,5,marketplace,9.99,standard,TX,327.47,WH-CA-02,on_time
Summer Deals,Los Angeles,FREESHIP,USD,CUST-2024,returning,2025-09-17T17:42:46.000Z,3,desktop,15.07,0.05,301.38,false,294.3,ORD-11606,shipped,2025-09-14T17:42:46.000Z,digital_wallet,Fashion,PRD-3289,Backpack,2,4,marketplace,7.99,express,CA,150.69,WH-CA-02,on_time
Summer Deals,Boston,SUMMER15,USD,CUST-2240,returning,2025-09-28T01:14:01.000Z,6,desktop,18.9,0.1,189.02,true,185.11,ORD-11607,completed,2025-09-22T01:14:01.000Z,credit_card,Sports,PRD-3129,Yoga Mat,2,5,mobile_app,14.99,standard,MA,94.51,WH-NY-01,late
Back to School,Dallas,DATA20,USD,CUST-2060,new,2025-09-27T11:56:22.000Z,6,desktop,387.35,0.1,3873.5,true,3486.15,ORD-11608,completed,2025-09-21T11:56:22.000Z,digital_wallet,Sports,PRD-3268,Cycling Helmet,5,4,mobile_app,0,standard,TX,774.7,WH-TX-03,late
Weekend Flash,Houston,NO_COUPON,USD,CUST-2004,vip,2025-09-16T02:56:33.000Z,5,desktop,0,0,351.77,true,366.76,ORD-11609,shipped,2025-09-11T02:56:33.000Z,credit_card,Fashion,PRD-3200,T-Shirt,1,5,web,14.99,same_day,TX,351.77,WH-TX-03,late
UNKNOWN,Boston,FREESHIP,USD,CUST-2202,new,null,null,mobile,0,0,2330.4,null,2340.39,ORD-11610,cancelled,2025-08-08T04:58:59.000Z,bank_transfer,Sports,PRD-3267,Resistance Bands,5,null,mobile_app,9.99,standard,MA,466.08,WH-CA-02,on_time
Summer Deals,Dallas,NO_COUPON,USD,CUST-2125,new,null,null,tablet,62.23,0.15,414.9,null,360.66,ORD-11611,cancelled,2025-09-19T15:36:29.000Z,digital_wallet,Sports,PRD-3005,Resistance Bands,1,null,marketplace,7.99,standard,TX,414.9,WH-TX-03,on_time
AI Promo,Phoenix,WELCOME10,USD,CUST-2207,vip,2025-10-02T17:17:07.000Z,7,tablet,188.3,0.1,1882.95,true,1702.64,ORD-11612,completed,2025-09-25T17:17:07.000Z,digital_wallet,Sports,PRD-3219,Cycling Helmet,3,1,mobile_app,7.99,same_day,AZ,627.65,WH-CA-02,late
UNKNOWN,Houston,NO_COUPON,USD,CUST-2472,vip,2025-08-06T07:16:15.000Z,3,desktop,0,0,3329.85,false,3339.84,ORD-11613,shipped,2025-08-03T07:16:15.000Z,digital_wallet,Fashion,PRD-3291,T-Shirt,5,5,marketplace,9.99,same_day,TX,665.97,WH-CA-02,on_time
Weekend Flash,San Francisco,NO_COUPON,USD,CUST-2245,vip,2025-08-27T21:42:51.000Z,5,mobile,146.34,0.2,731.7,true,595.35,ORD-11614,completed,2025-08-22T21:42:51.000Z,digital_wallet,Sports,PRD-3157,Cycling Helmet,2,2,web,9.99,same_day,CA,365.85,WH-NY-01,late
Weekend Flash,Miami,WELCOME10,USD,CUST-2261,vip,2025-08-28T05:01:41.000Z,6,desktop,0,0,1511.6,true,1516.59,ORD-11615,completed,2025-08-22T05:01:41.000Z,debit_card,Electronics,PRD-3299,Tablet Stand,4,1,mobile_app,4.99,standard,FL,377.9,WH-TX-03,late
Weekend Flash,Dallas,FREESHIP,USD,CUST-2373,new,2025-09-13T03:21:08.000Z,5,mobile,4.16,0.1,41.58,true,52.41,ORD-11616,completed,2025-09-08T03:21:08.000Z,bank_transfer,Fashion,PRD-3071,Jacket,2,3,mobile_app,14.99,standard,TX,20.79,WH-CA-02,late
Summer Deals,Houston,FREESHIP,USD,CUST-2496,new,2025-08-11T16:38:44.000Z,1,desktop,292.05,0.15,1947,false,1664.94,ORD-11617,completed,2025-08-10T16:38:44.000Z,credit_card,Fashion,PRD-3247,Jacket,3,4,mobile_app,9.99,express,TX,649,WH-TX-03,on_time
AI Promo,San Francisco,WELCOME10,USD,CUST-2211,new,2025-09-16T22:02:58.000Z,2,desktop,85.68,0.05,1713.57,false,1635.88,ORD-11618,completed,2025-09-14T22:02:58.000Z,digital_wallet,Electronics,PRD-3038,Smart Watch,3,3,web,7.99,express,CA,571.19,WH-CA-02,on_time
Summer Deals,Boston,FREESHIP,USD,CUST-2490,vip,2025-09-12T02:15:59.000Z,6,desktop,0,0,641.36,true,641.36,ORD-11619,shipped,2025-09-06T02:15:59.000Z,bank_transfer,Fashion,PRD-3008,T-Shirt,1,4,mobile_app,0,standard,MA,641.36,WH-TX-03,late
AI Promo,Seattle,WELCOME10,USD,CUST-2146,returning,2025-09-15T06:40:01.000Z,3,tablet,43.02,0.15,286.8,false,248.77,ORD-11620,completed,2025-09-12T06:40:01.000Z,credit_card,Electronics,PRD-3181,Smart Watch,2,5,marketplace,4.99,express,WA,143.4,WH-CA-02,on_time
Summer Deals,San Francisco,WELCOME10,USD,CUST-2276,vip,2025-09-01T08:31:31.000Z,4,desktop,0,0,201.32,false,209.31,ORD-11621,returned,2025-08-28T08:31:31.000Z,debit_card,Fashion,PRD-3111,Jacket,4,null,marketplace,7.99,express,CA,50.33,WH-NY-01,on_time
Weekend Flash,Boston,FREESHIP,USD,CUST-2290,returning,2025-09-10T13:44:47.000Z,7,tablet,0,0,870.6,true,870.6,ORD-11622,completed,2025-09-03T13:44:47.000Z,credit_card,Sports,PRD-3073,Yoga Mat,4,2,marketplace,0,standard,MA,217.65,WH-NY-01,late
Back to School,New York,SUMMER15,USD,CUST-2330,returning,2025-08-31T11:29:49.000Z,5,tablet,183.52,0.2,917.61,true,734.09,ORD-11623,completed,2025-08-26T11:29:49.000Z,credit_card,Sports,PRD-3035,Resistance Bands,3,2,mobile_app,0,standard,NY,305.87,WH-NY-01,late
Back to School,Houston,WELCOME10,USD,CUST-2094,vip,2025-08-31T03:30:57.000Z,2,tablet,0,0,1048.75,false,1058.74,ORD-11624,completed,2025-08-29T03:30:57.000Z,debit_card,Sports,PRD-3100,Dumbbell Set,5,2,mobile_app,9.99,same_day,TX,209.75,WH-TX-03,on_time
Weekend Flash,Boston,WELCOME10,USD,CUST-2089,returning,2025-08-05T18:14:01.000Z,4,mobile,0,0,3143.65,false,3143.65,ORD-11625,completed,2025-08-01T18:14:01.000Z,debit_card,Home,PRD-3287,Coffee Machine,5,4,mobile_app,0,same_day,MA,628.73,WH-TX-03,on_time
Weekend Flash,Miami,FREESHIP,USD,CUST-2405,new,2025-09-16T01:20:31.000Z,6,mobile,7.68,0.05,153.65,true,153.96,ORD-11626,shipped,2025-09-10T01:20:31.000Z,debit_card,Books,PRD-3032,AI for Everyone,1,1,marketplace,7.99,standard,FL,153.65,WH-TX-03,late
Back to School,Dallas,SUMMER15,USD,CUST-2188,vip,2025-09-08T09:57:18.000Z,3,desktop,156.97,0.1,1569.74,false,1427.76,ORD-11627,completed,2025-09-05T09:57:18.000Z,digital_wallet,Electronics,PRD-3071,Wireless Earbuds,2,2,marketplace,14.99,express,TX,784.87,WH-TX-03,on_time
Summer Deals,Seattle,FREESHIP,USD,CUST-2186,returning,2025-09-22T04:16:58.000Z,7,desktop,213.01,0.1,2130.09,true,1922.07,ORD-11628,completed,2025-09-15T04:16:58.000Z,bank_transfer,Electronics,PRD-3282,Tablet Stand,3,4,mobile_app,4.99,express,WA,710.03,WH-TX-03,late
UNKNOWN,Dallas,DATA20,USD,CUST-2028,returning,2025-08-28T23:29:29.000Z,7,mobile,89.7,0.05,1794,true,1714.29,ORD-11629,returned,2025-08-21T23:29:29.000Z,digital_wallet,Fashion,PRD-3264,Sneakers,5,null,mobile_app,9.99,standard,TX,358.8,WH-CA-02,late
Weekend Flash,Chicago,NO_COUPON,USD,CUST-2330,returning,null,null,mobile,191.55,0.15,1277,null,1090.44,ORD-11630,cancelled,2025-09-27T20:43:46.000Z,credit_card,Books,PRD-3225,Python for Data,2,null,web,4.99,express,IL,638.5,WH-CA-02,on_time
UNKNOWN,Los Angeles,NO_COUPON,USD,CUST-2194,returning,2025-09-07T00:00:50.000Z,2,tablet,29.03,0.2,145.16,false,126.12,ORD-11631,completed,2025-09-05T00:00:50.000Z,debit_card,Sports,PRD-3189,Resistance Bands,4,2,web,9.99,express,CA,36.29,WH-TX-03,on_time
UNKNOWN,Houston,DATA20,USD,CUST-2139,new,null,null,mobile,0,0,1833.51,null,1848.5,ORD-11632,cancelled,2025-09-13T19:15:23.000Z,credit_card,Electronics,PRD-3044,Smart Watch,3,null,web,14.99,same_day,TX,611.17,WH-TX-03,on_time
Summer Deals,Phoenix,WELCOME10,USD,CUST-2351,returning,null,null,mobile,84.52,0.2,422.62,null,338.1,ORD-11633,cancelled,2025-08-31T08:44:32.000Z,credit_card,Sports,PRD-3188,Yoga Mat,1,null,web,0,express,AZ,422.62,WH-TX-03,on_time
Back to School,Los Angeles,SUMMER15,USD,CUST-2227,vip,null,null,desktop,33.17,0.05,663.34,null,635.16,ORD-11634,cancelled,2025-08-15T21:35:37.000Z,digital_wallet,Electronics,PRD-3078,Tablet Stand,1,null,web,4.99,standard,CA,663.34,WH-CA-02,on_time
AI Promo,Los Angeles,NO_COUPON,USD,CUST-2015,vip,2025-09-14T23:03:52.000Z,1,mobile,0,0,3709.15,false,3709.15,ORD-11635,completed,2025-09-13T23:03:52.000Z,debit_card,Electronics,PRD-3191,Wireless Earbuds,5,5,mobile_app,0,express,CA,741.83,WH-TX-03,on_time
Weekend Flash,Miami,FREESHIP,USD,CUST-2464,vip,2025-08-11T08:43:11.000Z,5,desktop,0,0,2828.15,true,2828.15,ORD-11636,completed,2025-08-06T08:43:11.000Z,bank_transfer,Home,PRD-3138,Vacuum Cleaner,5,5,marketplace,0,same_day,FL,565.63,WH-TX-03,late
Back to School,Seattle,NO_COUPON,USD,CUST-2343,vip,2025-08-16T20:42:43.000Z,6,mobile,0,0,1803.15,true,1811.14,ORD-11637,shipped,2025-08-10T20:42:43.000Z,digital_wallet,Fashion,PRD-3145,T-Shirt,3,5,mobile_app,7.99,express,WA,601.05,WH-CA-02,late
UNKNOWN,Houston,DATA20,USD,CUST-2118,returning,2025-08-21T22:59:49.000Z,5,desktop,0,0,123.27,true,128.26,ORD-11638,returned,2025-08-16T22:59:49.000Z,digital_wallet,Books,PRD-3294,AI for Everyone,3,null,web,4.99,express,TX,41.09,WH-NY-01,late
UNKNOWN,Seattle,NO_COUPON,USD,CUST-2316,vip,2025-09-12T05:02:51.000Z,3,tablet,28.14,0.1,281.37,false,261.22,ORD-11639,shipped,2025-09-09T05:02:51.000Z,bank_transfer,Electronics,PRD-3261,Bluetooth Speaker,1,5,web,7.99,express,WA,281.37,WH-TX-03,on_time
Weekend Flash,New York,DATA20,USD,CUST-2131,returning,2025-08-17T17:47:02.000Z,6,mobile,79.67,0.15,531.12,true,461.44,ORD-11640,completed,2025-08-11T17:47:02.000Z,digital_wallet,Sports,PRD-3290,Yoga Mat,3,1,web,9.99,standard,NY,177.04,WH-CA-02,late
Summer Deals,San Francisco,NO_COUPON,USD,CUST-2493,new,null,null,tablet,99.86,0.2,499.32,null,414.45,ORD-11641,cancelled,2025-08-07T11:57:07.000Z,bank_transfer,Home,PRD-3191,LED Lamp,4,null,marketplace,14.99,express,CA,124.83,WH-TX-03,on_time
Weekend Flash,Boston,SUMMER15,USD,CUST-2108,new,null,null,desktop,0,0,962.4,null,967.39,ORD-11642,cancelled,2025-08-24T02:26:07.000Z,credit_card,Sports,PRD-3102,Cycling Helmet,2,null,marketplace,4.99,standard,MA,481.2,WH-NY-01,on_time
AI Promo,Seattle,NO_COUPON,USD,CUST-2422,vip,2025-08-04T18:54:21.000Z,3,desktop,226.78,0.2,1133.88,false,912.09,ORD-11643,shipped,2025-08-01T18:54:21.000Z,debit_card,Fashion,PRD-3281,Backpack,4,4,marketplace,4.99,standard,WA,283.47,WH-CA-02,on_time
Summer Deals,Phoenix,WELCOME10,USD,CUST-2370,vip,2025-08-17T02:15:59.000Z,4,tablet,0,0,1452.08,false,1460.07,ORD-11644,completed,2025-08-13T02:15:59.000Z,credit_card,Sports,PRD-3243,Cycling Helmet,4,1,web,7.99,express,AZ,363.02,WH-NY-01,on_time
UNKNOWN,Miami,DATA20,USD,CUST-2443,returning,2025-09-23T12:39:53.000Z,2,tablet,13.77,0.05,275.4,false,269.62,ORD-11645,completed,2025-09-21T12:39:53.000Z,digital_wallet,Home,PRD-3266,Coffee Machine,1,1,marketplace,7.99,same_day,FL,275.4,WH-TX-03,on_time
AI Promo,Miami,WELCOME10,USD,CUST-2003,new,2025-09-27T22:48:18.000Z,1,mobile,108.73,0.15,724.86,false,624.12,ORD-11646,completed,2025-09-26T22:48:18.000Z,digital_wallet,Books,PRD-3298,AI for Everyone,3,5,marketplace,7.99,standard,FL,241.62,WH-TX-03,on_time
Weekend Flash,Seattle,SUMMER15,USD,CUST-2057,new,2025-08-16T16:24:57.000Z,2,tablet,54.59,0.2,272.97,false,233.37,ORD-11647,shipped,2025-08-14T16:24:57.000Z,digital_wallet,Home,PRD-3147,Coffee Machine,1,3,web,14.99,same_day,WA,272.97,WH-CA-02,on_time
AI Promo,San Francisco,FREESHIP,USD,CUST-2472,new,null,null,desktop,36.88,0.05,737.69,null,710.8,ORD-11648,cancelled,2025-09-05T20:08:45.000Z,bank_transfer,Books,PRD-3015,Python for Data,1,null,mobile_app,9.99,same_day,CA,737.69,WH-TX-03,on_time
Weekend Flash,New York,NO_COUPON,USD,CUST-2110,returning,2025-09-01T04:59:19.000Z,2,mobile,0,0,90.69,false,95.68,ORD-11649,completed,2025-08-30T04:59:19.000Z,digital_wallet,Fashion,PRD-3252,Backpack,1,3,marketplace,4.99,same_day,NY,90.69,WH-CA-02,on_time
Back to School,Phoenix,NO_COUPON,USD,CUST-2279,new,2025-09-16T10:13:34.000Z,6,desktop,0,0,340.51,true,345.5,ORD-11650,completed,2025-09-10T10:13:34.000Z,digital_wallet,Books,PRD-3277,AI for Everyone,1,1,marketplace,4.99,express,AZ,340.51,WH-CA-02,late
Back to School,Phoenix,WELCOME10,USD,CUST-2085,vip,2025-08-31T18:45:53.000Z,3,tablet,0,0,1662.96,false,1670.95,ORD-11651,completed,2025-08-28T18:45:53.000Z,bank_transfer,Fashion,PRD-3268,Jacket,4,3,marketplace,7.99,standard,AZ,415.74,WH-NY-01,on_time
AI Promo,Dallas,SUMMER15,USD,CUST-2090,vip,2025-08-24T20:37:59.000Z,6,mobile,17.6,0.05,351.91,true,349.3,ORD-11652,shipped,2025-08-18T20:37:59.000Z,digital_wallet,Sports,PRD-3273,Resistance Bands,1,5,marketplace,14.99,standard,TX,351.91,WH-NY-01,late
Summer Deals,New York,NO_COUPON,USD,CUST-2443,new,2025-09-11T22:05:50.000Z,6,tablet,161.75,0.15,1078.36,true,931.6,ORD-11653,returned,2025-09-05T22:05:50.000Z,debit_card,Home,PRD-3082,Air Fryer,2,null,mobile_app,14.99,express,NY,539.18,WH-TX-03,late
Weekend Flash,Seattle,FREESHIP,USD,CUST-2174,new,2025-08-15T21:34:44.000Z,6,mobile,379.34,0.15,2528.96,true,2159.61,ORD-11654,returned,2025-08-09T21:34:44.000Z,digital_wallet,Fashion,PRD-3271,Backpack,4,null,web,9.99,standard,WA,632.24,WH-NY-01,late
AI Promo,New York,SUMMER15,USD,CUST-2275,new,null,null,desktop,36.46,0.05,729.16,null,702.69,ORD-11655,cancelled,2025-08-07T07:00:26.000Z,digital_wallet,Sports,PRD-3178,Resistance Bands,2,null,mobile_app,9.99,standard,NY,364.58,WH-CA-02,on_time
Weekend Flash,Chicago,WELCOME10,USD,CUST-2362,vip,2025-08-07T16:21:13.000Z,3,mobile,275.37,0.1,2753.72,false,2478.35,ORD-11656,shipped,2025-08-04T16:21:13.000Z,digital_wallet,Home,PRD-3032,Vacuum Cleaner,4,5,web,0,standard,IL,688.43,WH-NY-01,on_time
Summer Deals,Dallas,DATA20,USD,CUST-2176,returning,2025-09-26T16:02:48.000Z,6,desktop,36.95,0.05,739,true,707.04,ORD-11657,completed,2025-09-20T16:02:48.000Z,debit_card,Fashion,PRD-3267,T-Shirt,1,5,web,4.99,same_day,TX,739,WH-CA-02,late
UNKNOWN,New York,FREESHIP,USD,CUST-2205,vip,2025-09-29T10:23:50.000Z,5,mobile,55.3,0.15,368.64,true,328.33,ORD-11658,completed,2025-09-24T10:23:50.000Z,bank_transfer,Fashion,PRD-3271,Sneakers,4,5,web,14.99,express,NY,92.16,WH-NY-01,late
UNKNOWN,Phoenix,DATA20,USD,CUST-2037,vip,2025-08-19T13:45:11.000Z,5,desktop,239.78,0.1,2397.76,true,2162.97,ORD-11659,returned,2025-08-14T13:45:11.000Z,bank_transfer,Fashion,PRD-3279,Jacket,4,null,mobile_app,4.99,express,AZ,599.44,WH-CA-02,late
Summer Deals,Miami,SUMMER15,USD,CUST-2304,vip,2025-09-19T03:16:20.000Z,5,mobile,0,0,2123.2,true,2128.19,ORD-11660,returned,2025-09-14T03:16:20.000Z,credit_card,Electronics,PRD-3216,Wireless Earbuds,4,null,web,4.99,express,FL,530.8,WH-NY-01,late
UNKNOWN,Dallas,NO_COUPON,USD,CUST-2061,new,null,null,tablet,0,0,173,null,173,ORD-11661,cancelled,2025-08-15T15:36:32.000Z,digital_wallet,Sports,PRD-3256,Cycling Helmet,1,null,marketplace,0,standard,TX,173,WH-NY-01,on_time
Summer Deals,Houston,WELCOME10,USD,CUST-2188,new,2025-09-25T10:02:34.000Z,6,desktop,22.21,0.05,444.28,true,437.06,ORD-11662,completed,2025-09-19T10:02:34.000Z,bank_transfer,Fashion,PRD-3144,T-Shirt,1,4,mobile_app,14.99,express,TX,444.28,WH-NY-01,late
AI Promo,Chicago,SUMMER15,USD,CUST-2318,returning,null,null,tablet,0,0,563.6,null,571.59,ORD-11663,cancelled,2025-09-29T20:23:38.000Z,bank_transfer,Books,PRD-3298,Data Engineering Basics,4,null,web,7.99,express,IL,140.9,WH-TX-03,on_time
AI Promo,San Francisco,NO_COUPON,USD,CUST-2289,vip,2025-10-04T04:15:44.000Z,6,mobile,39.06,0.05,781.25,true,750.18,ORD-11664,completed,2025-09-28T04:15:44.000Z,bank_transfer,Sports,PRD-3227,Cycling Helmet,1,4,marketplace,7.99,same_day,CA,781.25,WH-CA-02,late
AI Promo,Los Angeles,WELCOME10,USD,CUST-2483,returning,2025-08-13T07:54:42.000Z,3,tablet,201.27,0.2,1006.34,false,813.06,ORD-11665,completed,2025-08-10T07:54:42.000Z,credit_card,Sports,PRD-3257,Dumbbell Set,2,3,marketplace,7.99,express,CA,503.17,WH-NY-01,on_time
Weekend Flash,Los Angeles,FREESHIP,USD,CUST-2105,new,2025-09-16T17:20:09.000Z,1,mobile,24.93,0.1,249.3,false,232.36,ORD-11666,returned,2025-09-15T17:20:09.000Z,bank_transfer,Sports,PRD-3243,Dumbbell Set,3,null,marketplace,7.99,express,CA,83.1,WH-NY-01,on_time
Weekend Flash,Dallas,WELCOME10,USD,CUST-2087,vip,2025-09-14T15:11:46.000Z,1,desktop,0,0,247.15,false,255.14,ORD-11667,returned,2025-09-13T15:11:46.000Z,debit_card,Sports,PRD-3005,Dumbbell Set,1,null,web,7.99,express,TX,247.15,WH-CA-02,on_time
UNKNOWN,New York,NO_COUPON,USD,CUST-2293,returning,2025-08-27T06:53:42.000Z,2,tablet,12.19,0.15,81.3,false,69.11,ORD-11668,completed,2025-08-25T06:53:42.000Z,bank_transfer,Sports,PRD-3032,Cycling Helmet,1,1,marketplace,0,express,NY,81.3,WH-CA-02,on_time
Back to School,Los Angeles,SUMMER15,USD,CUST-2105,returning,2025-08-06T10:35:57.000Z,5,tablet,108.65,0.05,2173.05,true,2074.39,ORD-11669,completed,2025-08-01T10:35:57.000Z,bank_transfer,Home,PRD-3120,Vacuum Cleaner,3,4,marketplace,9.99,express,CA,724.35,WH-NY-01,late
Weekend Flash,Houston,DATA20,USD,CUST-2060,new,2025-08-29T10:11:31.000Z,2,mobile,222.64,0.1,2226.4,false,2018.75,ORD-11670,completed,2025-08-27T10:11:31.000Z,credit_card,Sports,PRD-3085,Resistance Bands,4,4,mobile_app,14.99,same_day,TX,556.6,WH-TX-03,on_time
Back to School,Los Angeles,SUMMER15,USD,CUST-2297,returning,2025-08-08T13:39:33.000Z,5,desktop,20.72,0.05,414.45,true,408.72,ORD-11671,completed,2025-08-03T13:39:33.000Z,debit_card,Home,PRD-3155,Air Fryer,5,4,marketplace,14.99,standard,CA,82.89,WH-TX-03,late
Summer Deals,Los Angeles,WELCOME10,USD,CUST-2357,new,2025-08-19T18:25:35.000Z,6,desktop,83.08,0.2,415.38,true,337.29,ORD-11672,returned,2025-08-13T18:25:35.000Z,digital_wallet,Sports,PRD-3078,Yoga Mat,1,null,mobile_app,4.99,same_day,CA,415.38,WH-CA-02,late
Weekend Flash,New York,SUMMER15,USD,CUST-2455,vip,2025-09-16T01:57:36.000Z,1,desktop,0,0,729.91,false,734.9,ORD-11673,shipped,2025-09-15T01:57:36.000Z,credit_card,Fashion,PRD-3019,Sneakers,1,4,web,4.99,standard,NY,729.91,WH-TX-03,on_time
AI Promo,Houston,NO_COUPON,USD,CUST-2458,vip,2025-09-11T19:27:01.000Z,4,desktop,61.31,0.05,1226.24,false,1172.92,ORD-11674,completed,2025-09-07T19:27:01.000Z,digital_wallet,Home,PRD-3177,Air Fryer,2,5,web,7.99,express,TX,613.12,WH-TX-03,on_time
Summer Deals,Chicago,NO_COUPON,USD,CUST-2255,vip,null,null,tablet,13.01,0.1,130.1,null,122.08,ORD-11675,cancelled,2025-08-08T20:01:53.000Z,credit_card,Fashion,PRD-3040,T-Shirt,1,null,marketplace,4.99,express,IL,130.1,WH-NY-01,on_time
Summer Deals,Houston,WELCOME10,USD,CUST-2207,vip,2025-08-29T22:01:00.000Z,3,desktop,0,0,1378.34,false,1388.33,ORD-11676,shipped,2025-08-26T22:01:00.000Z,debit_card,Sports,PRD-3126,Resistance Bands,2,5,web,9.99,standard,TX,689.17,WH-NY-01,on_time
AI Promo,New York,WELCOME10,USD,CUST-2336,new,2025-09-27T08:37:31.000Z,7,desktop,268.35,0.15,1788.99,true,1520.64,ORD-11677,completed,2025-09-20T08:37:31.000Z,debit_card,Books,PRD-3102,Python for Data,3,5,marketplace,0,standard,NY,596.33,WH-NY-01,late
Summer Deals,New York,SUMMER15,USD,CUST-2320,vip,2025-10-02T06:34:44.000Z,5,mobile,142.55,0.05,2851,true,2716.44,ORD-11678,shipped,2025-09-27T06:34:44.000Z,credit_card,Books,PRD-3240,AI for Everyone,4,5,mobile_app,7.99,same_day,NY,712.75,WH-NY-01,late
UNKNOWN,Chicago,NO_COUPON,USD,CUST-2109,vip,2025-09-08T18:47:17.000Z,3,tablet,292.61,0.2,1463.06,false,1178.44,ORD-11679,completed,2025-09-05T18:47:17.000Z,debit_card,Sports,PRD-3216,Cycling Helmet,2,4,mobile_app,7.99,express,IL,731.53,WH-NY-01,on_time
Weekend Flash,Houston,NO_COUPON,USD,CUST-2099,new,null,null,tablet,131.61,0.15,877.4,null,755.78,ORD-11680,cancelled,2025-08-13T20:56:36.000Z,bank_transfer,Books,PRD-3009,Data Engineering Basics,2,null,mobile_app,9.99,same_day,TX,438.7,WH-CA-02,on_time
Back to School,Phoenix,NO_COUPON,USD,CUST-2202,new,2025-09-09T21:47:30.000Z,6,mobile,167.97,0.1,1679.68,true,1519.7,ORD-11681,completed,2025-09-03T21:47:30.000Z,digital_wallet,Books,PRD-3067,AI for Everyone,4,4,web,7.99,standard,AZ,419.92,WH-CA-02,late
UNKNOWN,San Francisco,SUMMER15,USD,CUST-2057,vip,2025-08-11T16:22:32.000Z,3,desktop,185.73,0.1,1857.28,false,1671.55,ORD-11682,completed,2025-08-08T16:22:32.000Z,digital_wallet,Fashion,PRD-3041,Backpack,4,4,web,0,standard,CA,464.32,WH-NY-01,on_time
Back to School,Phoenix,DATA20,USD,CUST-2450,returning,2025-08-29T11:06:19.000Z,4,mobile,71.44,0.1,714.39,false,657.94,ORD-11683,completed,2025-08-25T11:06:19.000Z,debit_card,Home,PRD-3265,Coffee Machine,1,5,mobile_app,14.99,express,AZ,714.39,WH-CA-02,on_time
AI Promo,San Francisco,SUMMER15,USD,CUST-2474,new,2025-09-21T20:32:15.000Z,4,desktop,46.42,0.05,928.44,false,887.01,ORD-11684,shipped,2025-09-17T20:32:15.000Z,credit_card,Fashion,PRD-3046,Jacket,3,5,web,4.99,standard,CA,309.48,WH-TX-03,on_time
Weekend Flash,Phoenix,WELCOME10,USD,CUST-2048,vip,2025-09-22T21:01:00.000Z,2,tablet,198.4,0.05,3967.95,false,3779.54,ORD-11685,completed,2025-09-20T21:01:00.000Z,digital_wallet,Fashion,PRD-3071,Jacket,5,4,web,9.99,standard,AZ,793.59,WH-TX-03,on_time
Back to School,Seattle,DATA20,USD,CUST-2412,new,2025-09-18T07:49:28.000Z,6,tablet,290.64,0.2,1453.22,true,1162.58,ORD-11686,returned,2025-09-12T07:49:28.000Z,bank_transfer,Sports,PRD-3119,Resistance Bands,2,null,web,0,same_day,WA,726.61,WH-TX-03,late
Weekend Flash,San Francisco,FREESHIP,USD,CUST-2017,vip,2025-08-04T06:38:36.000Z,1,mobile,0,0,3920.35,false,3928.34,ORD-11687,completed,2025-08-03T06:38:36.000Z,bank_transfer,Books,PRD-3097,Python for Data,5,5,mobile_app,7.99,standard,CA,784.07,WH-CA-02,on_time
AI Promo,Dallas,SUMMER15,USD,CUST-2365,vip,2025-08-09T06:26:11.000Z,7,desktop,63.67,0.1,636.68,true,573.01,ORD-11688,completed,2025-08-02T06:26:11.000Z,debit_card,Fashion,PRD-3064,Jacket,4,5,marketplace,0,same_day,TX,159.17,WH-CA-02,late
Back to School,Phoenix,WELCOME10,USD,CUST-2433,returning,2025-09-29T10:47:48.000Z,6,desktop,52.19,0.05,1043.76,true,996.56,ORD-11689,completed,2025-09-23T10:47:48.000Z,credit_card,Sports,PRD-3176,Resistance Bands,3,5,mobile_app,4.99,standard,AZ,347.92,WH-CA-02,late
AI Promo,Los Angeles,WELCOME10,USD,CUST-2418,returning,2025-09-16T18:37:11.000Z,2,mobile,134.41,0.15,896.04,false,769.62,ORD-11690,completed,2025-09-14T18:37:11.000Z,debit_card,Books,PRD-3283,SQL Fundamentals,4,4,marketplace,7.99,express,CA,224.01,WH-TX-03,on_time
AI Promo,Dallas,NO_COUPON,USD,CUST-2326,vip,2025-08-30T08:29:35.000Z,1,desktop,0,0,577.56,false,577.56,ORD-11691,completed,2025-08-29T08:29:35.000Z,debit_card,Sports,PRD-3208,Resistance Bands,1,5,web,0,standard,TX,577.56,WH-TX-03,on_time
UNKNOWN,Phoenix,FREESHIP,USD,CUST-2455,vip,2025-08-24T06:22:49.000Z,2,tablet,0,0,242.97,false,247.96,ORD-11692,returned,2025-08-22T06:22:49.000Z,debit_card,Sports,PRD-3110,Cycling Helmet,3,null,mobile_app,4.99,same_day,AZ,80.99,WH-CA-02,on_time
UNKNOWN,San Francisco,NO_COUPON,USD,CUST-2327,returning,2025-08-07T12:26:56.000Z,3,desktop,0,0,2316.4,false,2321.39,ORD-11693,completed,2025-08-04T12:26:56.000Z,bank_transfer,Books,PRD-3050,Data Engineering Basics,5,5,marketplace,4.99,same_day,CA,463.28,WH-NY-01,on_time
AI Promo,Los Angeles,NO_COUPON,USD,CUST-2296,new,null,null,desktop,576.17,0.15,3841.15,null,3272.97,ORD-11694,cancelled,2025-08-06T07:59:00.000Z,bank_transfer,Sports,PRD-3062,Resistance Bands,5,null,mobile_app,7.99,express,CA,768.23,WH-CA-02,on_time
Weekend Flash,Seattle,DATA20,USD,CUST-2375,returning,2025-09-26T02:29:23.000Z,7,mobile,0,0,3997.45,true,3997.45,ORD-11695,completed,2025-09-19T02:29:23.000Z,bank_transfer,Electronics,PRD-3265,Wireless Earbuds,5,4,web,0,same_day,WA,799.49,WH-NY-01,late
UNKNOWN,Miami,NO_COUPON,USD,CUST-2076,returning,null,null,mobile,180.82,0.1,1808.24,null,1627.42,ORD-11696,cancelled,2025-08-04T23:35:35.000Z,debit_card,Books,PRD-3172,AI for Everyone,4,null,mobile_app,0,standard,FL,452.06,WH-NY-01,on_time
AI Promo,Dallas,WELCOME10,USD,CUST-2010,new,null,null,desktop,248.16,0.15,1654.4,null,1406.24,ORD-11697,cancelled,2025-09-09T21:42:25.000Z,debit_card,Home,PRD-3185,Vacuum Cleaner,5,null,marketplace,0,same_day,TX,330.88,WH-CA-02,on_time
UNKNOWN,Los Angeles,NO_COUPON,USD,CUST-2005,vip,2025-09-21T06:00:53.000Z,1,mobile,0,0,1639.9,false,1639.9,ORD-11698,completed,2025-09-20T06:00:53.000Z,debit_card,Books,PRD-3229,AI for Everyone,5,1,marketplace,0,express,CA,327.98,WH-NY-01,on_time
AI Promo,Dallas,WELCOME10,USD,CUST-2386,vip,2025-08-18T09:31:51.000Z,7,tablet,441.63,0.15,2944.2,true,2507.56,ORD-11699,returned,2025-08-11T09:31:51.000Z,bank_transfer,Sports,PRD-3264,Resistance Bands,4,null,mobile_app,4.99,same_day,TX,736.05,WH-TX-03,late
Summer Deals,Chicago,SUMMER15,USD,CUST-2437,returning,2025-10-04T05:11:39.000Z,4,tablet,290.4,0.1,2904,false,2623.59,ORD-11700,completed,2025-09-30T05:11:39.000Z,digital_wallet,Books,PRD-3138,Data Engineering Basics,5,3,web,9.99,express,IL,580.8,WH-NY-01,on_time
AI Promo,Seattle,NO_COUPON,USD,CUST-2256,returning,2025-09-06T13:32:06.000Z,4,desktop,0,0,884.28,false,899.27,ORD-11701,shipped,2025-09-02T13:32:06.000Z,debit_card,Books,PRD-3002,Data Engineering Basics,3,5,marketplace,14.99,express,WA,294.76,WH-NY-01,on_time
Weekend Flash,Chicago,SUMMER15,USD,CUST-2200,vip,null,null,desktop,71.12,0.1,711.2,null,655.07,ORD-11702,cancelled,2025-08-15T09:13:08.000Z,digital_wallet,Electronics,PRD-3088,Smart Watch,2,null,web,14.99,standard,IL,355.6,WH-NY-01,on_time
Weekend Flash,Boston,FREESHIP,USD,CUST-2332,new,2025-08-20T18:05:27.000Z,5,desktop,0,0,1815.75,true,1825.74,ORD-11703,completed,2025-08-15T18:05:27.000Z,bank_transfer,Electronics,PRD-3205,Tablet Stand,3,4,web,9.99,standard,MA,605.25,WH-CA-02,late
Weekend Flash,Dallas,DATA20,USD,CUST-2451,new,2025-08-12T07:51:22.000Z,7,tablet,457.83,0.15,3052.2,true,2594.37,ORD-11704,returned,2025-08-05T07:51:22.000Z,debit_card,Home,PRD-3209,Coffee Machine,5,null,web,0,standard,TX,610.44,WH-CA-02,late
Weekend Flash,Seattle,WELCOME10,USD,CUST-2485,vip,2025-10-02T19:44:25.000Z,2,desktop,0,0,1588.8,false,1603.79,ORD-11705,returned,2025-09-30T19:44:25.000Z,digital_wallet,Home,PRD-3072,Vacuum Cleaner,2,null,mobile_app,14.99,same_day,WA,794.4,WH-NY-01,on_time
AI Promo,San Francisco,WELCOME10,USD,CUST-2073,vip,2025-09-24T07:44:45.000Z,1,desktop,0,0,181.18,false,191.17,ORD-11706,completed,2025-09-23T07:44:45.000Z,digital_wallet,Sports,PRD-3018,Dumbbell Set,2,5,mobile_app,9.99,standard,CA,90.59,WH-NY-01,on_time
Summer Deals,Houston,DATA20,USD,CUST-2496,new,2025-09-10T16:23:25.000Z,6,desktop,412.06,0.15,2747.05,true,2339.98,ORD-11707,returned,2025-09-04T16:23:25.000Z,credit_card,Home,PRD-3250,Vacuum Cleaner,5,null,mobile_app,4.99,express,TX,549.41,WH-NY-01,late
Weekend Flash,Miami,SUMMER15,USD,CUST-2322,returning,null,null,desktop,60.47,0.1,604.67,null,554.19,ORD-11708,cancelled,2025-09-07T05:24:34.000Z,bank_transfer,Electronics,PRD-3183,Bluetooth Speaker,1,null,web,9.99,same_day,FL,604.67,WH-NY-01,on_time
Weekend Flash,San Francisco,DATA20,USD,CUST-2422,returning,null,null,tablet,75.24,0.1,752.44,null,685.19,ORD-11709,cancelled,2025-08-02T18:13:45.000Z,bank_transfer,Books,PRD-3220,SQL Fundamentals,2,null,mobile_app,7.99,same_day,CA,376.22,WH-CA-02,on_time
Back to School,Chicago,NO_COUPON,USD,CUST-2347,new,2025-09-13T22:39:58.000Z,5,tablet,0,0,2560.85,true,2565.84,ORD-11710,completed,2025-09-08T22:39:58.000Z,debit_card,Sports,PRD-3191,Dumbbell Set,5,5,mobile_app,4.99,standard,IL,512.17,WH-TX-03,late
Summer Deals,Dallas,WELCOME10,USD,CUST-2327,vip,2025-08-13T18:00:25.000Z,4,desktop,0,0,2314.56,false,2314.56,ORD-11711,completed,2025-08-09T18:00:25.000Z,bank_transfer,Fashion,PRD-3235,T-Shirt,3,2,mobile_app,0,express,TX,771.52,WH-CA-02,on_time
Weekend Flash,Los Angeles,FREESHIP,USD,CUST-2271,returning,2025-09-23T03:05:56.000Z,6,desktop,153.61,0.15,1024.1,true,878.48,ORD-11712,completed,2025-09-17T03:05:56.000Z,digital_wallet,Fashion,PRD-3076,T-Shirt,5,5,mobile_app,7.99,standard,CA,204.82,WH-NY-01,late
AI Promo,San Francisco,WELCOME10,USD,CUST-2315,returning,2025-09-12T05:26:14.000Z,5,desktop,40.24,0.05,804.76,true,769.51,ORD-11713,shipped,2025-09-07T05:26:14.000Z,bank_transfer,Fashion,PRD-3004,T-Shirt,4,5,marketplace,4.99,express,CA,201.19,WH-CA-02,late
Summer Deals,San Francisco,FREESHIP,USD,CUST-2437,new,null,null,tablet,0,0,666.92,null,681.91,ORD-11714,cancelled,2025-09-01T14:02:03.000Z,debit_card,Books,PRD-3075,AI for Everyone,4,null,mobile_app,14.99,express,CA,166.73,WH-NY-01,on_time
UNKNOWN,Chicago,FREESHIP,USD,CUST-2289,new,2025-08-17T07:13:18.000Z,5,mobile,0,0,2115.52,true,2120.51,ORD-11715,completed,2025-08-12T07:13:18.000Z,credit_card,Fashion,PRD-3219,T-Shirt,4,5,marketplace,4.99,standard,IL,528.88,WH-NY-01,late
Summer Deals,New York,DATA20,USD,CUST-2212,returning,2025-09-21T07:01:47.000Z,4,desktop,124.44,0.1,1244.35,false,1129.9,ORD-11716,completed,2025-09-17T07:01:47.000Z,debit_card,Sports,PRD-3286,Yoga Mat,5,4,web,9.99,same_day,NY,248.87,WH-TX-03,on_time
AI Promo,San Francisco,FREESHIP,USD,CUST-2012,vip,null,null,desktop,0,0,1523.34,null,1533.33,ORD-11717,cancelled,2025-08-28T09:50:52.000Z,bank_transfer,Sports,PRD-3050,Cycling Helmet,3,null,mobile_app,9.99,same_day,CA,507.78,WH-TX-03,on_time
AI Promo,Dallas,FREESHIP,USD,CUST-2406,new,2025-08-30T21:36:53.000Z,3,mobile,0,0,942.4,false,950.39,ORD-11718,completed,2025-08-27T21:36:53.000Z,credit_card,Electronics,PRD-3277,Wireless Earbuds,4,1,marketplace,7.99,same_day,TX,235.6,WH-NY-01,on_time
AI Promo,Dallas,DATA20,USD,CUST-2379,returning,2025-10-02T10:35:12.000Z,4,mobile,212.3,0.1,2123,false,1918.69,ORD-11719,shipped,2025-09-28T10:35:12.000Z,debit_card,Sports,PRD-3271,Yoga Mat,4,5,web,7.99,express,TX,530.75,WH-NY-01,on_time
Summer Deals,Phoenix,DATA20,USD,CUST-2030,new,2025-09-13T14:32:02.000Z,4,mobile,293.35,0.15,1955.68,false,1670.32,ORD-11720,completed,2025-09-09T14:32:02.000Z,digital_wallet,Fashion,PRD-3262,Sneakers,4,5,mobile_app,7.99,express,AZ,488.92,WH-TX-03,on_time
Summer Deals,Chicago,NO_COUPON,USD,CUST-2420,new,2025-09-05T20:38:21.000Z,2,desktop,24.56,0.05,491.1,false,474.53,ORD-11721,completed,2025-09-03T20:38:21.000Z,debit_card,Fashion,PRD-3200,Backpack,2,4,marketplace,7.99,same_day,IL,245.55,WH-NY-01,on_time
UNKNOWN,New York,SUMMER15,USD,CUST-2109,returning,2025-08-22T20:27:00.000Z,3,desktop,52.67,0.1,526.71,false,489.03,ORD-11722,shipped,2025-08-19T20:27:00.000Z,digital_wallet,Sports,PRD-3226,Yoga Mat,3,3,web,14.99,express,NY,175.57,WH-NY-01,on_time
UNKNOWN,Los Angeles,FREESHIP,USD,CUST-2208,vip,null,null,desktop,7.86,0.05,157.15,null,149.29,ORD-11723,cancelled,2025-09-18T15:46:36.000Z,credit_card,Books,PRD-3283,Python for Data,1,null,web,0,same_day,CA,157.15,WH-TX-03,on_time
AI Promo,New York,NO_COUPON,USD,CUST-2366,vip,2025-08-21T14:23:08.000Z,7,desktop,80.15,0.15,534.35,true,459.19,ORD-11724,shipped,2025-08-14T14:23:08.000Z,debit_card,Electronics,PRD-3001,Bluetooth Speaker,5,2,marketplace,4.99,same_day,NY,106.87,WH-CA-02,late
UNKNOWN,New York,DATA20,USD,CUST-2439,returning,2025-08-02T11:56:56.000Z,1,desktop,0,0,1892.16,false,1907.15,ORD-11725,completed,2025-08-01T11:56:56.000Z,credit_card,Electronics,PRD-3049,Smart Watch,4,4,web,14.99,express,NY,473.04,WH-NY-01,on_time
Summer Deals,Seattle,NO_COUPON,USD,CUST-2450,returning,2025-10-04T20:40:50.000Z,6,mobile,0,0,2449.95,true,2454.94,ORD-11726,completed,2025-09-28T20:40:50.000Z,debit_card,Electronics,PRD-3295,Bluetooth Speaker,5,3,web,4.99,same_day,WA,489.99,WH-TX-03,late
Back to School,Miami,SUMMER15,USD,CUST-2306,new,2025-08-05T01:00:41.000Z,3,mobile,0,0,2552.04,false,2562.03,ORD-11727,shipped,2025-08-02T01:00:41.000Z,credit_card,Electronics,PRD-3286,Tablet Stand,4,4,marketplace,9.99,express,FL,638.01,WH-TX-03,on_time
Back to School,Seattle,WELCOME10,USD,CUST-2022,vip,2025-08-08T14:17:36.000Z,3,mobile,0,0,1541.28,false,1546.27,ORD-11728,completed,2025-08-05T14:17:36.000Z,digital_wallet,Electronics,PRD-3027,Smart Watch,2,4,web,4.99,same_day,WA,770.64,WH-CA-02,on_time
Summer Deals,Miami,NO_COUPON,USD,CUST-2471,new,null,null,tablet,62.89,0.05,1257.72,null,1209.82,ORD-11729,cancelled,2025-08-01T20:25:06.000Z,debit_card,Fashion,PRD-3068,Jacket,4,null,web,14.99,standard,FL,314.43,WH-TX-03,on_time
Back to School,San Francisco,WELCOME10,USD,CUST-2033,vip,null,null,mobile,0,0,261.22,null,261.22,ORD-11730,cancelled,2025-08-09T01:27:03.000Z,debit_card,Electronics,PRD-3068,Tablet Stand,1,null,mobile_app,0,standard,CA,261.22,WH-NY-01,on_time
UNKNOWN,San Francisco,DATA20,USD,CUST-2308,returning,2025-09-27T12:14:07.000Z,7,tablet,0,0,937.68,true,947.67,ORD-11731,completed,2025-09-20T12:14:07.000Z,credit_card,Fashion,PRD-3259,T-Shirt,2,5,marketplace,9.99,standard,CA,468.84,WH-TX-03,late
Back to School,Seattle,NO_COUPON,USD,CUST-2432,new,2025-08-03T19:10:05.000Z,1,mobile,34.48,0.05,689.54,false,663.05,ORD-11732,completed,2025-08-02T19:10:05.000Z,digital_wallet,Electronics,PRD-3266,Tablet Stand,1,3,web,7.99,express,WA,689.54,WH-TX-03,on_time
AI Promo,Dallas,DATA20,USD,CUST-2020,vip,2025-09-18T10:44:39.000Z,4,desktop,0,0,846.16,false,861.15,ORD-11733,completed,2025-09-14T10:44:39.000Z,bank_transfer,Electronics,PRD-3218,Bluetooth Speaker,4,5,mobile_app,14.99,express,TX,211.54,WH-TX-03,on_time
AI Promo,San Francisco,SUMMER15,USD,CUST-2222,vip,2025-08-30T12:44:29.000Z,3,mobile,8.61,0.15,57.39,false,48.78,ORD-11734,completed,2025-08-27T12:44:29.000Z,credit_card,Electronics,PRD-3280,Tablet Stand,3,2,marketplace,0,express,CA,19.13,WH-NY-01,on_time
Summer Deals,Boston,DATA20,USD,CUST-2227,returning,null,null,desktop,250.99,0.2,1254.95,null,1003.96,ORD-11735,cancelled,2025-08-20T03:22:29.000Z,bank_transfer,Fashion,PRD-3098,Sneakers,5,null,mobile_app,0,express,MA,250.99,WH-CA-02,on_time
Summer Deals,Boston,SUMMER15,USD,CUST-2151,vip,2025-09-05T12:33:40.000Z,4,desktop,16.43,0.1,164.25,false,155.81,ORD-11736,completed,2025-09-01T12:33:40.000Z,credit_card,Electronics,PRD-3266,Bluetooth Speaker,1,1,marketplace,7.99,standard,MA,164.25,WH-NY-01,on_time
Back to School,Boston,FREESHIP,USD,CUST-2158,vip,2025-09-24T07:34:25.000Z,4,mobile,30.8,0.1,307.96,false,282.15,ORD-11737,completed,2025-09-20T07:34:25.000Z,digital_wallet,Books,PRD-3139,Data Engineering Basics,4,5,marketplace,4.99,express,MA,76.99,WH-NY-01,on_time
AI Promo,Seattle,WELCOME10,USD,CUST-2421,returning,2025-09-25T05:18:02.000Z,2,mobile,107.48,0.2,537.4,false,439.91,ORD-11738,completed,2025-09-23T05:18:02.000Z,bank_transfer,Fashion,PRD-3045,T-Shirt,4,5,mobile_app,9.99,standard,WA,134.35,WH-NY-01,on_time
AI Promo,Houston,FREESHIP,USD,CUST-2318,returning,2025-09-08T18:47:53.000Z,5,desktop,0,0,1119.36,true,1119.36,ORD-11739,returned,2025-09-03T18:47:53.000Z,debit_card,Fashion,PRD-3033,Backpack,4,null,marketplace,0,standard,TX,279.84,WH-NY-01,late
Weekend Flash,San Francisco,SUMMER15,USD,CUST-2191,returning,2025-09-20T10:12:46.000Z,1,desktop,50.45,0.05,1008.98,false,963.52,ORD-11740,shipped,2025-09-19T10:12:46.000Z,debit_card,Home,PRD-3118,Air Fryer,2,5,mobile_app,4.99,standard,CA,504.49,WH-NY-01,on_time
Summer Deals,Los Angeles,SUMMER15,USD,CUST-2417,returning,2025-09-28T07:14:46.000Z,1,tablet,176.93,0.05,3538.6,false,3369.66,ORD-11741,returned,2025-09-27T07:14:46.000Z,credit_card,Electronics,PRD-3039,Wireless Earbuds,5,null,marketplace,7.99,same_day,CA,707.72,WH-TX-03,on_time
Back to School,Houston,DATA20,USD,CUST-2388,new,2025-09-26T01:09:44.000Z,7,mobile,219.17,0.1,2191.68,true,1987.5,ORD-11742,completed,2025-09-19T01:09:44.000Z,debit_card,Fashion,PRD-3219,Backpack,4,3,mobile_app,14.99,standard,TX,547.92,WH-NY-01,late
Summer Deals,Miami,SUMMER15,USD,CUST-2238,vip,2025-08-27T12:55:19.000Z,2,desktop,0,0,406.78,false,421.77,ORD-11743,completed,2025-08-25T12:55:19.000Z,bank_transfer,Sports,PRD-3112,Yoga Mat,1,5,marketplace,14.99,same_day,FL,406.78,WH-CA-02,on_time
AI Promo,Phoenix,SUMMER15,USD,CUST-2253,vip,2025-10-07T01:09:12.000Z,6,desktop,152.75,0.15,1018.32,true,880.56,ORD-11744,returned,2025-10-01T01:09:12.000Z,debit_card,Fashion,PRD-3160,Backpack,3,null,mobile_app,14.99,standard,AZ,339.44,WH-NY-01,late
Summer Deals,San Francisco,DATA20,USD,CUST-2129,returning,2025-09-21T13:35:01.000Z,3,mobile,720.24,0.2,3601.2,false,2895.95,ORD-11745,completed,2025-09-18T13:35:01.000Z,debit_card,Electronics,PRD-3284,Wireless Earbuds,5,5,web,14.99,same_day,CA,720.24,WH-NY-01,on_time
Weekend Flash,New York,FREESHIP,USD,CUST-2154,returning,2025-09-20T09:34:08.000Z,5,tablet,129.36,0.1,1293.6,true,1174.23,ORD-11746,shipped,2025-09-15T09:34:08.000Z,credit_card,Fashion,PRD-3257,T-Shirt,4,1,marketplace,9.99,same_day,NY,323.4,WH-NY-01,late
Back to School,Miami,FREESHIP,USD,CUST-2203,new,2025-09-06T19:38:12.000Z,1,tablet,26.83,0.2,134.16,false,117.32,ORD-11747,completed,2025-09-05T19:38:12.000Z,bank_transfer,Fashion,PRD-3018,Backpack,2,4,mobile_app,9.99,same_day,FL,67.08,WH-CA-02,on_time
Weekend Flash,Phoenix,SUMMER15,USD,CUST-2477,returning,2025-08-09T16:59:18.000Z,3,tablet,0,0,512.1,false,522.09,ORD-11748,completed,2025-08-06T16:59:18.000Z,bank_transfer,Home,PRD-3237,Air Fryer,1,2,web,9.99,standard,AZ,512.1,WH-NY-01,on_time
Back to School,Boston,DATA20,USD,CUST-2298,returning,2025-08-18T15:52:15.000Z,3,tablet,17.28,0.2,86.38,false,77.09,ORD-11749,returned,2025-08-15T15:52:15.000Z,digital_wallet,Sports,PRD-3222,Resistance Bands,1,null,mobile_app,7.99,standard,MA,86.38,WH-NY-01,on_time
UNKNOWN,New York,DATA20,USD,CUST-2183,vip,null,null,desktop,84.95,0.15,566.31,null,496.35,ORD-11750,cancelled,2025-09-01T19:47:45.000Z,credit_card,Home,PRD-3036,LED Lamp,3,null,marketplace,14.99,express,NY,188.77,WH-CA-02,on_time
Weekend Flash,New York,WELCOME10,USD,CUST-2252,returning,2025-09-12T16:13:29.000Z,4,mobile,0,0,1497.1,false,1507.09,ORD-11751,completed,2025-09-08T16:13:29.000Z,credit_card,Home,PRD-3108,Air Fryer,5,4,marketplace,9.99,standard,NY,299.42,WH-NY-01,on_time
Summer Deals,Houston,FREESHIP,USD,CUST-2409,returning,2025-08-20T22:13:43.000Z,1,desktop,21.86,0.1,218.59,false,196.73,ORD-11752,completed,2025-08-19T22:13:43.000Z,digital_wallet,Sports,PRD-3159,Cycling Helmet,1,5,marketplace,0,same_day,TX,218.59,WH-CA-02,on_time
UNKNOWN,New York,DATA20,USD,CUST-2083,vip,2025-08-30T08:00:43.000Z,4,mobile,73.89,0.1,738.92,false,673.02,ORD-11753,completed,2025-08-26T08:00:43.000Z,debit_card,Books,PRD-3093,Python for Data,4,4,mobile_app,7.99,standard,NY,184.73,WH-NY-01,on_time
Weekend Flash,Dallas,DATA20,USD,CUST-2102,new,2025-08-30T16:45:50.000Z,2,tablet,116.94,0.1,1169.4,false,1057.45,ORD-11754,shipped,2025-08-28T16:45:50.000Z,digital_wallet,Books,PRD-3185,SQL Fundamentals,3,5,web,4.99,same_day,TX,389.8,WH-TX-03,on_time
UNKNOWN,New York,SUMMER15,USD,CUST-2335,returning,2025-09-06T19:14:06.000Z,2,desktop,0,0,2126,false,2133.99,ORD-11755,completed,2025-09-04T19:14:06.000Z,credit_card,Books,PRD-3267,Data Engineering Basics,4,5,mobile_app,7.99,standard,NY,531.5,WH-TX-03,on_time
UNKNOWN,Phoenix,WELCOME10,USD,CUST-2243,vip,2025-08-06T20:47:15.000Z,4,desktop,0,0,262.44,false,262.44,ORD-11756,shipped,2025-08-02T20:47:15.000Z,digital_wallet,Books,PRD-3287,AI for Everyone,3,4,mobile_app,0,express,AZ,87.48,WH-NY-01,on_time
Summer Deals,Los Angeles,WELCOME10,USD,CUST-2038,vip,2025-09-27T04:45:23.000Z,5,desktop,280.63,0.2,1403.13,true,1137.49,ORD-11757,completed,2025-09-22T04:45:23.000Z,credit_card,Books,PRD-3294,AI for Everyone,3,4,mobile_app,14.99,standard,CA,467.71,WH-NY-01,late
AI Promo,Seattle,SUMMER15,USD,CUST-2185,vip,2025-09-06T23:30:31.000Z,3,mobile,60.02,0.1,600.16,false,550.13,ORD-11758,shipped,2025-09-03T23:30:31.000Z,credit_card,Fashion,PRD-3107,T-Shirt,4,5,web,9.99,express,WA,150.04,WH-TX-03,on_time
AI Promo,Los Angeles,FREESHIP,USD,CUST-2438,new,2025-09-14T01:51:19.000Z,2,mobile,0,0,919.25,false,934.24,ORD-11759,completed,2025-09-12T01:51:19.000Z,digital_wallet,Sports,PRD-3007,Cycling Helmet,5,1,mobile_app,14.99,standard,CA,183.85,WH-NY-01,on_time
UNKNOWN,New York,NO_COUPON,USD,CUST-2212,returning,2025-08-24T00:00:19.000Z,3,tablet,0,0,373.9,false,381.89,ORD-11760,completed,2025-08-21T00:00:19.000Z,bank_transfer,Electronics,PRD-3081,Wireless Earbuds,5,5,web,7.99,same_day,NY,74.78,WH-NY-01,on_time
UNKNOWN,Los Angeles,SUMMER15,USD,CUST-2410,vip,null,null,tablet,17.37,0.05,347.32,null,339.94,ORD-11761,cancelled,2025-09-16T03:01:19.000Z,digital_wallet,Electronics,PRD-3046,Tablet Stand,4,null,marketplace,9.99,standard,CA,86.83,WH-TX-03,on_time
Weekend Flash,New York,WELCOME10,USD,CUST-2061,new,2025-09-14T15:24:28.000Z,2,mobile,247.18,0.1,2471.75,false,2234.56,ORD-11762,completed,2025-09-12T15:24:28.000Z,digital_wallet,Books,PRD-3235,Data Engineering Basics,5,2,mobile_app,9.99,express,NY,494.35,WH-TX-03,on_time
Summer Deals,Chicago,FREESHIP,USD,CUST-2054,vip,2025-09-01T13:57:17.000Z,3,desktop,247.22,0.15,1648.16,false,1415.93,ORD-11763,shipped,2025-08-29T13:57:17.000Z,debit_card,Electronics,PRD-3186,Bluetooth Speaker,4,1,marketplace,14.99,standard,IL,412.04,WH-CA-02,on_time
AI Promo,New York,DATA20,USD,CUST-2414,new,null,null,desktop,328.93,0.2,1644.66,null,1330.72,ORD-11764,cancelled,2025-08-07T22:43:31.000Z,digital_wallet,Electronics,PRD-3003,Wireless Earbuds,3,null,marketplace,14.99,same_day,NY,548.22,WH-CA-02,on_time
AI Promo,Dallas,WELCOME10,USD,CUST-2496,returning,2025-09-17T03:30:12.000Z,3,desktop,90.89,0.15,605.92,false,523.02,ORD-11765,shipped,2025-09-14T03:30:12.000Z,digital_wallet,Sports,PRD-3109,Resistance Bands,1,2,marketplace,7.99,express,TX,605.92,WH-CA-02,on_time
Summer Deals,New York,DATA20,USD,CUST-2180,vip,2025-09-19T21:56:51.000Z,7,desktop,67.44,0.1,674.4,true,616.95,ORD-11766,returned,2025-09-12T21:56:51.000Z,digital_wallet,Home,PRD-3172,Coffee Machine,4,null,web,9.99,same_day,NY,168.6,WH-CA-02,late
AI Promo,Boston,WELCOME10,USD,CUST-2465,returning,2025-09-26T04:51:47.000Z,2,tablet,38.91,0.05,778.23,false,747.31,ORD-11767,completed,2025-09-24T04:51:47.000Z,bank_transfer,Fashion,PRD-3019,Jacket,1,1,web,7.99,standard,MA,778.23,WH-NY-01,on_time
AI Promo,Miami,WELCOME10,USD,CUST-2329,vip,2025-09-18T07:33:39.000Z,4,desktop,72.66,0.15,484.41,false,419.74,ORD-11768,completed,2025-09-14T07:33:39.000Z,digital_wallet,Books,PRD-3014,SQL Fundamentals,1,5,web,7.99,express,FL,484.41,WH-TX-03,on_time
UNKNOWN,New York,FREESHIP,USD,CUST-2096,vip,2025-09-21T01:23:59.000Z,4,mobile,0,0,1529.65,false,1534.64,ORD-11769,shipped,2025-09-17T01:23:59.000Z,digital_wallet,Books,PRD-3127,Python for Data,5,5,marketplace,4.99,express,NY,305.93,WH-NY-01,on_time
Weekend Flash,Phoenix,NO_COUPON,USD,CUST-2416,vip,2025-08-10T19:00:46.000Z,4,mobile,0,0,369.82,false,377.81,ORD-11770,completed,2025-08-06T19:00:46.000Z,credit_card,Electronics,PRD-3161,Tablet Stand,2,4,web,7.99,same_day,AZ,184.91,WH-CA-02,on_time
Weekend Flash,San Francisco,FREESHIP,USD,CUST-2144,vip,2025-08-31T14:12:57.000Z,3,desktop,557.43,0.2,2787.16,false,2244.72,ORD-11771,completed,2025-08-28T14:12:57.000Z,credit_card,Sports,PRD-3202,Dumbbell Set,4,1,web,14.99,standard,CA,696.79,WH-NY-01,on_time
UNKNOWN,Miami,FREESHIP,USD,CUST-2028,new,2025-09-25T09:45:48.000Z,5,mobile,98.51,0.15,656.76,true,563.24,ORD-11772,completed,2025-09-20T09:45:48.000Z,credit_card,Home,PRD-3251,Coffee Machine,3,4,mobile_app,4.99,express,FL,218.92,WH-NY-01,late
Weekend Flash,Boston,NO_COUPON,USD,CUST-2266,new,2025-10-02T22:30:36.000Z,6,mobile,79.87,0.05,1597.35,true,1532.47,ORD-11773,completed,2025-09-26T22:30:36.000Z,bank_transfer,Fashion,PRD-3219,Sneakers,5,5,mobile_app,14.99,express,MA,319.47,WH-CA-02,late
Back to School,Miami,NO_COUPON,USD,CUST-2388,vip,null,null,mobile,340.55,0.15,2270.36,null,1944.8,ORD-11774,cancelled,2025-08-14T18:01:51.000Z,debit_card,Fashion,PRD-3210,Jacket,4,null,marketplace,14.99,express,FL,567.59,WH-TX-03,on_time
UNKNOWN,Seattle,FREESHIP,USD,CUST-2483,new,2025-08-13T04:54:58.000Z,6,mobile,0,0,1095.8,true,1105.79,ORD-11775,shipped,2025-08-07T04:54:58.000Z,credit_card,Sports,PRD-3123,Resistance Bands,4,4,marketplace,9.99,standard,WA,273.95,WH-NY-01,late
AI Promo,Chicago,DATA20,USD,CUST-2495,new,null,null,desktop,168.64,0.15,1124.28,null,970.63,ORD-11776,cancelled,2025-09-03T17:43:06.000Z,digital_wallet,Home,PRD-3211,Coffee Machine,3,null,mobile_app,14.99,standard,IL,374.76,WH-TX-03,on_time
AI Promo,Dallas,FREESHIP,USD,CUST-2219,returning,2025-09-26T04:23:07.000Z,1,desktop,93.45,0.2,467.24,false,383.78,ORD-11777,returned,2025-09-25T04:23:07.000Z,debit_card,Electronics,PRD-3019,Tablet Stand,1,null,mobile_app,9.99,same_day,TX,467.24,WH-CA-02,on_time
Weekend Flash,Dallas,SUMMER15,USD,CUST-2169,vip,2025-09-27T19:29:13.000Z,4,tablet,64.64,0.05,1292.74,false,1243.09,ORD-11778,returned,2025-09-23T19:29:13.000Z,bank_transfer,Fashion,PRD-3004,Backpack,2,null,web,14.99,same_day,TX,646.37,WH-CA-02,on_time
UNKNOWN,Chicago,FREESHIP,USD,CUST-2200,returning,2025-09-12T00:15:50.000Z,6,tablet,0,0,990.66,true,1000.65,ORD-11779,returned,2025-09-06T00:15:50.000Z,digital_wallet,Sports,PRD-3043,Yoga Mat,2,null,mobile_app,9.99,same_day,IL,495.33,WH-CA-02,late
AI Promo,Boston,NO_COUPON,USD,CUST-2301,new,null,null,mobile,0,0,2277.15,null,2292.14,ORD-11780,cancelled,2025-09-06T05:36:57.000Z,digital_wallet,Sports,PRD-3096,Cycling Helmet,3,null,mobile_app,14.99,same_day,MA,759.05,WH-CA-02,on_time
Back to School,New York,FREESHIP,USD,CUST-2020,new,null,null,tablet,0,0,1722.15,null,1722.15,ORD-11781,cancelled,2025-09-17T19:10:13.000Z,debit_card,Fashion,PRD-3206,Backpack,5,null,marketplace,0,standard,NY,344.43,WH-TX-03,on_time
Weekend Flash,Chicago,WELCOME10,USD,CUST-2304,new,null,null,desktop,136.25,0.05,2725,null,2596.74,ORD-11782,cancelled,2025-08-01T15:01:28.000Z,digital_wallet,Home,PRD-3031,LED Lamp,4,null,web,7.99,standard,IL,681.25,WH-NY-01,on_time
AI Promo,Los Angeles,FREESHIP,USD,CUST-2486,vip,null,null,tablet,44.96,0.05,899.25,null,854.29,ORD-11783,cancelled,2025-08-02T17:08:12.000Z,debit_card,Home,PRD-3020,LED Lamp,5,null,mobile_app,0,standard,CA,179.85,WH-TX-03,on_time
AI Promo,Los Angeles,DATA20,USD,CUST-2228,returning,2025-09-05T17:45:28.000Z,2,desktop,36.45,0.05,728.94,false,700.48,ORD-11784,shipped,2025-09-03T17:45:28.000Z,debit_card,Electronics,PRD-3105,Smart Watch,1,5,marketplace,7.99,express,CA,728.94,WH-TX-03,on_time
UNKNOWN,San Francisco,DATA20,USD,CUST-2264,new,2025-09-03T12:55:43.000Z,2,desktop,45.91,0.15,306.05,false,265.13,ORD-11785,returned,2025-09-01T12:55:43.000Z,bank_transfer,Home,PRD-3068,Air Fryer,1,null,web,4.99,standard,CA,306.05,WH-CA-02,on_time
AI Promo,Chicago,FREESHIP,USD,CUST-2125,new,2025-09-16T07:05:21.000Z,3,mobile,312.45,0.15,2083,false,1785.54,ORD-11786,shipped,2025-09-13T07:05:21.000Z,bank_transfer,Fashion,PRD-3295,Jacket,4,3,marketplace,14.99,express,IL,520.75,WH-TX-03,on_time
AI Promo,Dallas,SUMMER15,USD,CUST-2378,new,2025-09-09T01:18:37.000Z,6,tablet,0,0,274.86,true,282.85,ORD-11787,completed,2025-09-03T01:18:37.000Z,bank_transfer,Books,PRD-3070,Data Engineering Basics,3,5,marketplace,7.99,express,TX,91.62,WH-NY-01,late
UNKNOWN,Houston,DATA20,USD,CUST-2479,new,2025-08-30T19:38:44.000Z,7,desktop,216.28,0.15,1441.84,true,1233.55,ORD-11788,returned,2025-08-23T19:38:44.000Z,credit_card,Fashion,PRD-3261,Sneakers,4,null,web,7.99,standard,TX,360.46,WH-TX-03,late
Summer Deals,Chicago,WELCOME10,USD,CUST-2295,new,2025-09-23T22:40:31.000Z,4,desktop,53.48,0.05,1069.59,false,1026.1,ORD-11789,completed,2025-09-19T22:40:31.000Z,debit_card,Home,PRD-3061,Coffee Machine,3,5,web,9.99,same_day,IL,356.53,WH-NY-01,on_time
AI Promo,Phoenix,SUMMER15,USD,CUST-2170,returning,2025-08-05T23:03:45.000Z,3,desktop,234.72,0.15,1564.8,false,1330.08,ORD-11790,returned,2025-08-02T23:03:45.000Z,digital_wallet,Sports,PRD-3281,Dumbbell Set,4,null,marketplace,0,express,AZ,391.2,WH-TX-03,on_time
Back to School,Los Angeles,FREESHIP,USD,CUST-2176,new,2025-09-15T23:07:09.000Z,3,desktop,28.68,0.05,573.65,false,554.96,ORD-11791,completed,2025-09-12T23:07:09.000Z,bank_transfer,Books,PRD-3221,Data Engineering Basics,5,5,mobile_app,9.99,same_day,CA,114.73,WH-CA-02,on_time
Back to School,Phoenix,SUMMER15,USD,CUST-2033,returning,2025-09-15T23:25:23.000Z,2,mobile,145.98,0.1,1459.8,false,1318.81,ORD-11792,returned,2025-09-13T23:25:23.000Z,credit_card,Electronics,PRD-3104,Smart Watch,2,null,web,4.99,express,AZ,729.9,WH-NY-01,on_time
Summer Deals,San Francisco,WELCOME10,USD,CUST-2411,new,2025-08-31T03:21:56.000Z,7,desktop,27.58,0.05,551.5,true,531.91,ORD-11793,completed,2025-08-24T03:21:56.000Z,debit_card,Fashion,PRD-3286,Jacket,2,2,mobile_app,7.99,express,CA,275.75,WH-TX-03,late
AI Promo,Seattle,NO_COUPON,USD,CUST-2389,vip,2025-08-22T07:37:05.000Z,1,desktop,113.2,0.05,2263.95,false,2150.75,ORD-11794,shipped,2025-08-21T07:37:05.000Z,digital_wallet,Books,PRD-3103,Python for Data,5,2,mobile_app,0,standard,WA,452.79,WH-CA-02,on_time
UNKNOWN,Miami,NO_COUPON,USD,CUST-2455,new,2025-09-04T02:14:14.000Z,4,tablet,123.02,0.2,615.11,false,507.08,ORD-11795,shipped,2025-08-31T02:14:14.000Z,digital_wallet,Sports,PRD-3125,Cycling Helmet,1,2,marketplace,14.99,standard,FL,615.11,WH-TX-03,on_time
AI Promo,Dallas,NO_COUPON,USD,CUST-2048,new,2025-08-29T19:50:48.000Z,5,mobile,0,0,520.52,true,520.52,ORD-11796,completed,2025-08-24T19:50:48.000Z,debit_card,Sports,PRD-3089,Cycling Helmet,1,4,web,0,express,TX,520.52,WH-NY-01,late
Weekend Flash,New York,DATA20,USD,CUST-2095,new,2025-10-05T02:27:15.000Z,4,tablet,220.77,0.2,1103.84,false,888.06,ORD-11797,shipped,2025-10-01T02:27:15.000Z,digital_wallet,Sports,PRD-3121,Dumbbell Set,2,3,marketplace,4.99,same_day,NY,551.92,WH-TX-03,on_time
UNKNOWN,Los Angeles,DATA20,USD,CUST-2383,returning,2025-08-11T21:49:28.000Z,4,tablet,128.19,0.1,1281.87,false,1168.67,ORD-11798,completed,2025-08-07T21:49:28.000Z,debit_card,Sports,PRD-3005,Dumbbell Set,3,5,mobile_app,14.99,express,CA,427.29,WH-TX-03,on_time
UNKNOWN,Los Angeles,WELCOME10,USD,CUST-2141,new,2025-09-07T16:09:46.000Z,7,desktop,62.88,0.1,628.84,true,573.95,ORD-11799,completed,2025-08-31T16:09:46.000Z,debit_card,Home,PRD-3287,LED Lamp,4,5,web,7.99,express,CA,157.21,WH-CA-02,late
UNKNOWN,Seattle,WELCOME10,USD,CUST-2438,returning,2025-09-18T06:35:30.000Z,4,tablet,215.63,0.15,1437.51,false,1221.88,ORD-11800,returned,2025-09-14T06:35:30.000Z,bank_transfer,Home,PRD-3291,Coffee Machine,3,null,web,0,express,WA,479.17,WH-CA-02,on_time
AI Promo,Los Angeles,WELCOME10,USD,CUST-2168,returning,2025-09-11T06:21:15.000Z,1,desktop,0,0,1566.9,false,1581.89,ORD-11801,returned,2025-09-10T06:21:15.000Z,debit_card,Fashion,PRD-3160,Jacket,5,null,web,14.99,same_day,CA,313.38,WH-NY-01,on_time
Weekend Flash,Chicago,WELCOME10,USD,CUST-2414,vip,null,null,mobile,339.52,0.1,3395.2,null,3063.67,ORD-11802,cancelled,2025-09-20T02:24:24.000Z,debit_card,Books,PRD-3276,Python for Data,5,null,mobile_app,7.99,same_day,IL,679.04,WH-NY-01,on_time
AI Promo,Chicago,WELCOME10,USD,CUST-2286,returning,null,null,desktop,0,0,905.1,null,905.1,ORD-11803,cancelled,2025-08-15T22:13:14.000Z,digital_wallet,Fashion,PRD-3033,T-Shirt,2,null,mobile_app,0,express,IL,452.55,WH-TX-03,on_time
Back to School,Dallas,FREESHIP,USD,CUST-2340,returning,2025-08-29T02:24:43.000Z,7,tablet,20.31,0.05,406.14,true,393.82,ORD-11804,completed,2025-08-22T02:24:43.000Z,digital_wallet,Fashion,PRD-3191,T-Shirt,1,1,marketplace,7.99,same_day,TX,406.14,WH-NY-01,late
Back to School,San Francisco,NO_COUPON,USD,CUST-2110,returning,2025-09-14T21:16:40.000Z,3,mobile,136.26,0.1,1362.58,false,1236.31,ORD-11805,shipped,2025-09-11T21:16:40.000Z,bank_transfer,Fashion,PRD-3240,Sneakers,2,5,mobile_app,9.99,express,CA,681.29,WH-CA-02,on_time
Weekend Flash,Seattle,SUMMER15,USD,CUST-2227,returning,2025-08-10T17:09:05.000Z,6,tablet,0,0,2122.26,true,2122.26,ORD-11806,shipped,2025-08-04T17:09:05.000Z,debit_card,Fashion,PRD-3052,Backpack,3,2,web,0,standard,WA,707.42,WH-CA-02,late
AI Promo,Los Angeles,DATA20,USD,CUST-2115,returning,2025-09-27T18:26:23.000Z,6,desktop,115.4,0.05,2308,true,2192.6,ORD-11807,completed,2025-09-21T18:26:23.000Z,credit_card,Sports,PRD-3026,Yoga Mat,5,5,marketplace,0,same_day,CA,461.6,WH-NY-01,late
Summer Deals,Chicago,DATA20,USD,CUST-2025,returning,null,null,mobile,576.19,0.2,2880.96,null,2309.76,ORD-11808,cancelled,2025-08-12T23:42:37.000Z,credit_card,Home,PRD-3105,Coffee Machine,4,null,mobile_app,4.99,standard,IL,720.24,WH-NY-01,on_time
UNKNOWN,Dallas,FREESHIP,USD,CUST-2179,returning,2025-08-25T12:08:38.000Z,1,desktop,0,0,2367.92,false,2367.92,ORD-11809,shipped,2025-08-24T12:08:38.000Z,bank_transfer,Sports,PRD-3298,Yoga Mat,4,5,marketplace,0,same_day,TX,591.98,WH-NY-01,on_time
AI Promo,San Francisco,NO_COUPON,USD,CUST-2163,vip,2025-09-16T21:06:07.000Z,7,mobile,2.5,0.05,49.94,true,62.43,ORD-11810,completed,2025-09-09T21:06:07.000Z,digital_wallet,Home,PRD-3160,Coffee Machine,2,5,mobile_app,14.99,express,CA,24.97,WH-NY-01,late
Back to School,Houston,FREESHIP,USD,CUST-2412,new,2025-08-11T20:35:37.000Z,4,mobile,0,0,353.4,false,358.39,ORD-11811,completed,2025-08-07T20:35:37.000Z,debit_card,Electronics,PRD-3145,Tablet Stand,5,5,web,4.99,standard,TX,70.68,WH-CA-02,on_time
AI Promo,Houston,NO_COUPON,USD,CUST-2023,new,2025-08-31T21:26:22.000Z,4,mobile,0,0,720.68,false,725.67,ORD-11812,returned,2025-08-27T21:26:22.000Z,digital_wallet,Electronics,PRD-3206,Smart Watch,2,null,mobile_app,4.99,express,TX,360.34,WH-TX-03,on_time
AI Promo,New York,WELCOME10,USD,CUST-2124,returning,null,null,desktop,31.19,0.05,623.79,null,600.59,ORD-11813,cancelled,2025-08-10T21:29:08.000Z,digital_wallet,Books,PRD-3030,SQL Fundamentals,3,null,marketplace,7.99,same_day,NY,207.93,WH-NY-01,on_time
UNKNOWN,New York,NO_COUPON,USD,CUST-2396,new,2025-08-06T21:37:00.000Z,3,mobile,434.22,0.15,2894.8,false,2470.57,ORD-11814,completed,2025-08-03T21:37:00.000Z,digital_wallet,Electronics,PRD-3268,Bluetooth Speaker,4,4,mobile_app,9.99,express,NY,723.7,WH-NY-01,on_time
Summer Deals,Chicago,DATA20,USD,CUST-2443,returning,null,null,tablet,192.47,0.15,1283.12,null,1095.64,ORD-11815,cancelled,2025-09-19T06:58:14.000Z,bank_transfer,Home,PRD-3145,LED Lamp,2,null,web,4.99,standard,IL,641.56,WH-CA-02,on_time
Back to School,Miami,SUMMER15,USD,CUST-2203,vip,2025-09-18T00:14:02.000Z,2,desktop,0,0,939.06,false,939.06,ORD-11816,completed,2025-09-16T00:14:02.000Z,bank_transfer,Electronics,PRD-3271,Tablet Stand,2,4,web,0,same_day,FL,469.53,WH-TX-03,on_time
Summer Deals,New York,SUMMER15,USD,CUST-2311,new,2025-09-08T00:02:49.000Z,3,desktop,12.53,0.05,250.62,false,246.08,ORD-11817,completed,2025-09-05T00:02:49.000Z,debit_card,Home,PRD-3201,Air Fryer,1,3,mobile_app,7.99,standard,NY,250.62,WH-NY-01,on_time
Weekend Flash,Houston,FREESHIP,USD,CUST-2062,returning,2025-08-14T22:44:55.000Z,1,mobile,234.47,0.2,1172.34,false,945.86,ORD-11818,completed,2025-08-13T22:44:55.000Z,credit_card,Electronics,PRD-3231,Bluetooth Speaker,3,5,web,7.99,same_day,TX,390.78,WH-NY-01,on_time
UNKNOWN,Miami,NO_COUPON,USD,CUST-2442,new,2025-09-18T06:55:39.000Z,2,tablet,0,0,358.26,false,366.25,ORD-11819,shipped,2025-09-16T06:55:39.000Z,digital_wallet,Electronics,PRD-3241,Bluetooth Speaker,1,5,marketplace,7.99,same_day,FL,358.26,WH-CA-02,on_time
AI Promo,Seattle,NO_COUPON,USD,CUST-2122,vip,null,null,mobile,184.34,0.1,1843.35,null,1667,ORD-11820,cancelled,2025-08-03T19:38:06.000Z,credit_card,Sports,PRD-3016,Yoga Mat,5,null,marketplace,7.99,same_day,WA,368.67,WH-TX-03,on_time
AI Promo,San Francisco,NO_COUPON,USD,CUST-2456,returning,2025-08-21T06:41:04.000Z,4,tablet,466.36,0.15,3109.1,false,2647.73,ORD-11821,shipped,2025-08-17T06:41:04.000Z,bank_transfer,Sports,PRD-3256,Yoga Mat,5,5,web,4.99,same_day,CA,621.82,WH-NY-01,on_time
Weekend Flash,Seattle,DATA20,USD,CUST-2340,returning,2025-09-09T14:59:53.000Z,3,desktop,0,0,2229.54,false,2237.53,ORD-11822,completed,2025-09-06T14:59:53.000Z,bank_transfer,Fashion,PRD-3004,Jacket,3,3,web,7.99,express,WA,743.18,WH-NY-01,on_time
Back to School,Miami,NO_COUPON,USD,CUST-2478,vip,2025-09-12T05:52:10.000Z,4,desktop,69.21,0.1,692.1,false,622.89,ORD-11823,completed,2025-09-08T05:52:10.000Z,digital_wallet,Sports,PRD-3034,Cycling Helmet,2,4,marketplace,0,same_day,FL,346.05,WH-TX-03,on_time
Summer Deals,Los Angeles,NO_COUPON,USD,CUST-2285,new,2025-09-08T16:54:36.000Z,1,desktop,53.17,0.15,354.44,false,301.27,ORD-11824,returned,2025-09-07T16:54:36.000Z,debit_card,Electronics,PRD-3026,Smart Watch,1,null,marketplace,0,standard,CA,354.44,WH-TX-03,on_time
Back to School,Seattle,FREESHIP,USD,CUST-2143,vip,2025-09-29T23:54:31.000Z,7,desktop,141.17,0.1,1411.65,true,1280.47,ORD-11825,completed,2025-09-22T23:54:31.000Z,debit_card,Home,PRD-3069,Air Fryer,5,4,marketplace,9.99,standard,WA,282.33,WH-TX-03,late
Summer Deals,San Francisco,NO_COUPON,USD,CUST-2304,new,2025-08-17T04:20:38.000Z,3,mobile,25.17,0.1,251.67,false,236.49,ORD-11826,completed,2025-08-14T04:20:38.000Z,debit_card,Books,PRD-3182,Data Engineering Basics,1,4,mobile_app,9.99,express,CA,251.67,WH-NY-01,on_time
UNKNOWN,Boston,FREESHIP,USD,CUST-2383,returning,2025-08-04T09:31:22.000Z,1,tablet,0,0,2935.9,false,2943.89,ORD-11827,completed,2025-08-03T09:31:22.000Z,debit_card,Books,PRD-3214,AI for Everyone,5,1,marketplace,7.99,express,MA,587.18,WH-NY-01,on_time
UNKNOWN,Dallas,DATA20,USD,CUST-2443,vip,2025-09-03T17:31:28.000Z,5,tablet,79.43,0.05,1588.6,true,1524.16,ORD-11828,completed,2025-08-29T17:31:28.000Z,bank_transfer,Home,PRD-3171,Air Fryer,4,5,marketplace,14.99,standard,TX,397.15,WH-NY-01,late
Summer Deals,San Francisco,NO_COUPON,USD,CUST-2357,returning,2025-09-24T09:53:05.000Z,5,desktop,60.39,0.05,1207.72,true,1152.32,ORD-11829,completed,2025-09-19T09:53:05.000Z,debit_card,Books,PRD-3296,Data Engineering Basics,2,3,web,4.99,express,CA,603.86,WH-NY-01,late
Summer Deals,Boston,WELCOME10,USD,CUST-2040,new,null,null,desktop,0,0,3850.55,null,3855.54,ORD-11830,cancelled,2025-08-24T15:43:02.000Z,credit_card,Electronics,PRD-3286,Tablet Stand,5,null,marketplace,4.99,express,MA,770.11,WH-TX-03,on_time
Weekend Flash,Chicago,DATA20,USD,CUST-2398,vip,2025-08-13T21:44:10.000Z,1,desktop,30.54,0.05,610.78,false,588.23,ORD-11831,completed,2025-08-12T21:44:10.000Z,credit_card,Sports,PRD-3246,Resistance Bands,2,5,web,7.99,standard,IL,305.39,WH-TX-03,on_time
Weekend Flash,Chicago,FREESHIP,USD,CUST-2043,returning,2025-08-18T02:10:51.000Z,2,desktop,0,0,718.2,false,728.19,ORD-11832,completed,2025-08-16T02:10:51.000Z,bank_transfer,Books,PRD-3262,SQL Fundamentals,3,5,marketplace,9.99,standard,IL,239.4,WH-TX-03,on_time
AI Promo,Phoenix,SUMMER15,USD,CUST-2235,returning,2025-09-07T06:42:31.000Z,6,mobile,33.54,0.05,670.83,true,645.28,ORD-11833,completed,2025-09-01T06:42:31.000Z,debit_card,Books,PRD-3065,AI for Everyone,1,4,mobile_app,7.99,express,AZ,670.83,WH-NY-01,late
AI Promo,San Francisco,FREESHIP,USD,CUST-2317,returning,2025-08-08T02:09:57.000Z,4,mobile,19.28,0.1,192.84,false,181.55,ORD-11834,completed,2025-08-04T02:09:57.000Z,bank_transfer,Home,PRD-3097,Air Fryer,3,3,marketplace,7.99,express,CA,64.28,WH-CA-02,on_time
AI Promo,Chicago,NO_COUPON,USD,CUST-2413,vip,2025-09-11T20:56:52.000Z,7,desktop,0,0,828.45,true,838.44,ORD-11835,completed,2025-09-04T20:56:52.000Z,digital_wallet,Sports,PRD-3167,Cycling Helmet,5,3,marketplace,9.99,same_day,IL,165.69,WH-NY-01,late
Weekend Flash,Boston,SUMMER15,USD,CUST-2384,vip,2025-08-06T17:09:54.000Z,4,desktop,128.69,0.2,643.47,false,514.78,ORD-11836,returned,2025-08-02T17:09:54.000Z,bank_transfer,Fashion,PRD-3099,Jacket,1,null,web,0,same_day,MA,643.47,WH-NY-01,on_time
Back to School,New York,SUMMER15,USD,CUST-2190,returning,2025-09-30T03:41:07.000Z,2,mobile,204.45,0.1,2044.45,false,1854.99,ORD-11837,completed,2025-09-28T03:41:07.000Z,credit_card,Electronics,PRD-3271,Wireless Earbuds,5,5,web,14.99,standard,NY,408.89,WH-CA-02,on_time
Back to School,Miami,SUMMER15,USD,CUST-2197,new,2025-09-15T10:55:53.000Z,4,desktop,74,0.1,739.98,false,665.98,ORD-11838,completed,2025-09-11T10:55:53.000Z,digital_wallet,Electronics,PRD-3166,Smart Watch,3,4,web,0,standard,FL,246.66,WH-NY-01,on_time
Summer Deals,Los Angeles,WELCOME10,USD,CUST-2429,new,2025-08-14T05:15:36.000Z,3,mobile,342.09,0.15,2280.6,false,1943.5,ORD-11839,completed,2025-08-11T05:15:36.000Z,bank_transfer,Home,PRD-3152,LED Lamp,4,1,web,4.99,express,CA,570.15,WH-NY-01,on_time
Weekend Flash,Boston,FREESHIP,USD,CUST-2027,returning,2025-08-29T09:50:50.000Z,2,desktop,76.62,0.2,383.1,false,306.48,ORD-11840,shipped,2025-08-27T09:50:50.000Z,debit_card,Fashion,PRD-3056,Jacket,1,4,marketplace,0,express,MA,383.1,WH-NY-01,on_time
AI Promo,Phoenix,SUMMER15,USD,CUST-2264,new,2025-09-14T11:31:21.000Z,4,desktop,0,0,20.72,false,28.71,ORD-11841,completed,2025-09-10T11:31:21.000Z,credit_card,Electronics,PRD-3224,Smart Watch,2,2,marketplace,7.99,same_day,AZ,10.36,WH-CA-02,on_time
UNKNOWN,Los Angeles,NO_COUPON,USD,CUST-2169,returning,2025-09-19T08:08:33.000Z,3,desktop,217.02,0.1,2170.2,false,1961.17,ORD-11842,shipped,2025-09-16T08:08:33.000Z,digital_wallet,Home,PRD-3283,Vacuum Cleaner,4,4,marketplace,7.99,same_day,CA,542.55,WH-NY-01,on_time
Back to School,San Francisco,WELCOME10,USD,CUST-2330,vip,2025-09-14T13:10:05.000Z,7,tablet,0,0,1371,true,1378.99,ORD-11843,shipped,2025-09-07T13:10:05.000Z,bank_transfer,Books,PRD-3145,SQL Fundamentals,3,4,mobile_app,7.99,same_day,CA,457,WH-CA-02,late
Back to School,Los Angeles,SUMMER15,USD,CUST-2298,new,2025-09-20T06:25:57.000Z,5,mobile,181,0.15,1206.7,true,1033.69,ORD-11844,shipped,2025-09-15T06:25:57.000Z,debit_card,Fashion,PRD-3212,Sneakers,2,5,web,7.99,standard,CA,603.35,WH-NY-01,late
AI Promo,New York,FREESHIP,USD,CUST-2317,vip,2025-09-16T00:41:19.000Z,6,tablet,0,0,248.56,true,248.56,ORD-11845,completed,2025-09-10T00:41:19.000Z,bank_transfer,Electronics,PRD-3201,Tablet Stand,1,2,marketplace,0,same_day,NY,248.56,WH-TX-03,late
Weekend Flash,Los Angeles,NO_COUPON,USD,CUST-2468,returning,2025-09-18T20:29:56.000Z,6,desktop,0,0,1880.25,true,1885.24,ORD-11846,completed,2025-09-12T20:29:56.000Z,bank_transfer,Sports,PRD-3296,Dumbbell Set,5,4,web,4.99,standard,CA,376.05,WH-TX-03,late
Back to School,Los Angeles,WELCOME10,USD,CUST-2207,vip,2025-09-05T18:56:08.000Z,2,mobile,0,0,715.02,false,715.02,ORD-11847,completed,2025-09-03T18:56:08.000Z,bank_transfer,Sports,PRD-3149,Yoga Mat,1,5,mobile_app,0,same_day,CA,715.02,WH-TX-03,on_time
Summer Deals,Chicago,FREESHIP,USD,CUST-2127,returning,2025-09-11T15:49:10.000Z,1,mobile,128.67,0.1,1286.72,false,1158.05,ORD-11848,completed,2025-09-10T15:49:10.000Z,digital_wallet,Home,PRD-3275,LED Lamp,4,5,mobile_app,0,standard,IL,321.68,WH-CA-02,on_time
UNKNOWN,Seattle,FREESHIP,USD,CUST-2328,vip,2025-09-18T04:59:42.000Z,6,tablet,620.48,0.2,3102.4,true,2486.91,ORD-11849,shipped,2025-09-12T04:59:42.000Z,bank_transfer,Electronics,PRD-3203,Bluetooth Speaker,5,1,web,4.99,standard,WA,620.48,WH-TX-03,late
UNKNOWN,Miami,NO_COUPON,USD,CUST-2427,new,2025-08-13T17:53:44.000Z,1,mobile,55.42,0.2,277.12,false,229.69,ORD-11850,completed,2025-08-12T17:53:44.000Z,credit_card,Books,PRD-3190,SQL Fundamentals,4,5,marketplace,7.99,same_day,FL,69.28,WH-TX-03,on_time
Weekend Flash,Miami,DATA20,USD,CUST-2304,new,2025-08-13T21:22:18.000Z,1,desktop,64.06,0.05,1281.28,false,1225.21,ORD-11851,completed,2025-08-12T21:22:18.000Z,bank_transfer,Home,PRD-3120,LED Lamp,2,5,web,7.99,same_day,FL,640.64,WH-NY-01,on_time
Back to School,Dallas,DATA20,USD,CUST-2086,returning,null,null,tablet,478.56,0.15,3190.4,null,2716.83,ORD-11852,cancelled,2025-09-28T20:41:12.000Z,credit_card,Electronics,PRD-3219,Smart Watch,5,null,marketplace,4.99,express,TX,638.08,WH-CA-02,on_time
Back to School,Chicago,DATA20,USD,CUST-2037,new,2025-08-10T00:39:38.000Z,3,desktop,579.19,0.2,2895.96,false,2321.76,ORD-11853,shipped,2025-08-07T00:39:38.000Z,debit_card,Home,PRD-3297,LED Lamp,4,5,marketplace,4.99,same_day,IL,723.99,WH-TX-03,on_time
AI Promo,Houston,DATA20,USD,CUST-2002,returning,null,null,desktop,205.47,0.2,1027.36,null,821.89,ORD-11854,cancelled,2025-08-23T08:52:30.000Z,bank_transfer,Fashion,PRD-3004,Backpack,4,null,web,0,same_day,TX,256.84,WH-TX-03,on_time
UNKNOWN,Boston,DATA20,USD,CUST-2037,new,2025-09-04T21:45:26.000Z,2,mobile,49.88,0.1,498.84,false,458.95,ORD-11855,returned,2025-09-02T21:45:26.000Z,bank_transfer,Sports,PRD-3167,Resistance Bands,3,null,marketplace,9.99,standard,MA,166.28,WH-CA-02,on_time
AI Promo,Dallas,DATA20,USD,CUST-2434,new,2025-09-09T18:21:06.000Z,2,mobile,0,0,459.08,false,467.07,ORD-11856,returned,2025-09-07T18:21:06.000Z,credit_card,Fashion,PRD-3168,Jacket,2,null,marketplace,7.99,express,TX,229.54,WH-NY-01,on_time
Back to School,Boston,SUMMER15,USD,CUST-2345,new,2025-08-06T03:26:31.000Z,3,mobile,0,0,1592.88,false,1592.88,ORD-11857,completed,2025-08-03T03:26:31.000Z,credit_card,Books,PRD-3206,SQL Fundamentals,3,4,web,0,express,MA,530.96,WH-CA-02,on_time
UNKNOWN,Los Angeles,WELCOME10,USD,CUST-2445,new,2025-08-23T12:26:55.000Z,6,mobile,0,0,804.68,true,809.67,ORD-11858,completed,2025-08-17T12:26:55.000Z,credit_card,Books,PRD-3089,SQL Fundamentals,2,1,marketplace,4.99,standard,CA,402.34,WH-NY-01,late
Summer Deals,Miami,DATA20,USD,CUST-2037,new,2025-09-21T05:54:47.000Z,3,tablet,173.47,0.2,867.33,false,703.85,ORD-11859,completed,2025-09-18T05:54:47.000Z,digital_wallet,Electronics,PRD-3163,Smart Watch,3,4,web,9.99,standard,FL,289.11,WH-NY-01,on_time
Weekend Flash,Los Angeles,SUMMER15,USD,CUST-2028,returning,2025-10-01T08:34:32.000Z,4,desktop,0,0,978,false,978,ORD-11860,completed,2025-09-27T08:34:32.000Z,credit_card,Electronics,PRD-3298,Bluetooth Speaker,2,5,marketplace,0,standard,CA,489,WH-TX-03,on_time
UNKNOWN,Los Angeles,NO_COUPON,USD,CUST-2067,new,2025-10-06T19:45:05.000Z,6,mobile,40.47,0.05,809.32,true,783.84,ORD-11861,completed,2025-09-30T19:45:05.000Z,bank_transfer,Sports,PRD-3156,Yoga Mat,4,3,marketplace,14.99,standard,CA,202.33,WH-NY-01,late
Weekend Flash,Miami,SUMMER15,USD,CUST-2406,vip,null,null,mobile,0,0,1676.24,null,1686.23,ORD-11862,cancelled,2025-09-11T01:30:34.000Z,digital_wallet,Electronics,PRD-3033,Smart Watch,4,null,mobile_app,9.99,standard,FL,419.06,WH-TX-03,on_time
Summer Deals,Chicago,NO_COUPON,USD,CUST-2054,new,2025-08-20T14:46:13.000Z,3,desktop,94.97,0.2,474.87,false,389.89,ORD-11863,completed,2025-08-17T14:46:13.000Z,credit_card,Electronics,PRD-3034,Bluetooth Speaker,3,4,web,9.99,express,IL,158.29,WH-NY-01,on_time
Summer Deals,Los Angeles,WELCOME10,USD,CUST-2025,vip,2025-08-29T18:47:29.000Z,5,mobile,0,0,97.31,true,105.3,ORD-11864,completed,2025-08-24T18:47:29.000Z,bank_transfer,Electronics,PRD-3066,Bluetooth Speaker,1,4,web,7.99,express,CA,97.31,WH-NY-01,late
Back to School,Los Angeles,FREESHIP,USD,CUST-2367,vip,2025-09-27T03:57:48.000Z,5,desktop,127.6,0.2,637.98,true,525.37,ORD-11865,shipped,2025-09-22T03:57:48.000Z,digital_wallet,Books,PRD-3217,Data Engineering Basics,1,1,web,14.99,express,CA,637.98,WH-NY-01,late
Back to School,Dallas,DATA20,USD,CUST-2330,vip,2025-09-06T10:34:36.000Z,2,mobile,0,0,1056.92,false,1071.91,ORD-11866,shipped,2025-09-04T10:34:36.000Z,digital_wallet,Books,PRD-3143,Data Engineering Basics,2,1,mobile_app,14.99,standard,TX,528.46,WH-CA-02,on_time
Back to School,San Francisco,FREESHIP,USD,CUST-2144,new,2025-09-28T10:41:47.000Z,7,tablet,131.04,0.1,1310.4,true,1194.35,ORD-11867,completed,2025-09-21T10:41:47.000Z,digital_wallet,Electronics,PRD-3016,Bluetooth Speaker,5,5,marketplace,14.99,express,CA,262.08,WH-NY-01,late
AI Promo,Los Angeles,NO_COUPON,USD,CUST-2167,new,null,null,desktop,161.46,0.05,3229.2,null,3082.73,ORD-11868,cancelled,2025-08-14T02:06:49.000Z,bank_transfer,Fashion,PRD-3072,T-Shirt,5,null,marketplace,14.99,express,CA,645.84,WH-TX-03,on_time
Weekend Flash,Houston,FREESHIP,USD,CUST-2216,returning,2025-08-05T21:14:33.000Z,3,mobile,90.99,0.05,1819.85,false,1736.85,ORD-11869,returned,2025-08-02T21:14:33.000Z,credit_card,Home,PRD-3028,Vacuum Cleaner,5,null,mobile_app,7.99,express,TX,363.97,WH-CA-02,on_time
UNKNOWN,Dallas,FREESHIP,USD,CUST-2145,new,2025-09-22T18:48:14.000Z,6,tablet,8.04,0.05,160.74,true,160.69,ORD-11870,completed,2025-09-16T18:48:14.000Z,digital_wallet,Fashion,PRD-3212,Backpack,3,5,web,7.99,same_day,TX,53.58,WH-TX-03,late
Weekend Flash,Dallas,FREESHIP,USD,CUST-2342,new,null,null,mobile,0,0,1038.06,null,1038.06,ORD-11871,cancelled,2025-09-17T09:29:49.000Z,credit_card,Sports,PRD-3159,Dumbbell Set,2,null,web,0,standard,TX,519.03,WH-CA-02,on_time
AI Promo,Seattle,NO_COUPON,USD,CUST-2160,vip,null,null,desktop,179.99,0.15,1199.92,null,1019.93,ORD-11872,cancelled,2025-09-27T16:06:56.000Z,digital_wallet,Electronics,PRD-3248,Tablet Stand,4,null,web,0,express,WA,299.98,WH-NY-01,on_time
AI Promo,Seattle,WELCOME10,USD,CUST-2061,vip,2025-09-08T01:26:30.000Z,1,desktop,0,0,989.96,false,997.95,ORD-11873,completed,2025-09-07T01:26:30.000Z,debit_card,Home,PRD-3008,LED Lamp,4,3,web,7.99,standard,WA,247.49,WH-CA-02,on_time
Weekend Flash,New York,WELCOME10,USD,CUST-2337,returning,2025-08-15T17:53:24.000Z,6,tablet,18.71,0.1,187.06,true,173.34,ORD-11874,completed,2025-08-09T17:53:24.000Z,credit_card,Fashion,PRD-3031,Jacket,1,1,marketplace,4.99,express,NY,187.06,WH-TX-03,late
Back to School,Los Angeles,NO_COUPON,USD,CUST-2240,new,2025-08-15T16:25:53.000Z,5,tablet,377.41,0.15,2516.1,true,2153.68,ORD-11875,completed,2025-08-10T16:25:53.000Z,debit_card,Books,PRD-3063,Data Engineering Basics,5,5,web,14.99,standard,CA,503.22,WH-TX-03,late
Weekend Flash,Seattle,FREESHIP,USD,CUST-2086,returning,2025-09-15T20:52:23.000Z,1,tablet,5.87,0.05,117.36,false,119.48,ORD-11876,shipped,2025-09-14T20:52:23.000Z,credit_card,Fashion,PRD-3042,Backpack,1,4,web,7.99,standard,WA,117.36,WH-CA-02,on_time
Weekend Flash,Houston,WELCOME10,USD,CUST-2407,vip,2025-09-23T05:30:18.000Z,1,mobile,16.63,0.05,332.54,false,325.9,ORD-11877,returned,2025-09-22T05:30:18.000Z,bank_transfer,Books,PRD-3195,AI for Everyone,2,null,web,9.99,standard,TX,166.27,WH-NY-01,on_time
Back to School,Los Angeles,DATA20,USD,CUST-2251,new,2025-09-24T08:40:08.000Z,1,tablet,0,0,213.69,false,228.68,ORD-11878,completed,2025-09-23T08:40:08.000Z,debit_card,Electronics,PRD-3206,Bluetooth Speaker,1,3,mobile_app,14.99,standard,CA,213.69,WH-CA-02,on_time
Weekend Flash,Chicago,DATA20,USD,CUST-2485,new,null,null,desktop,117.37,0.05,2347.32,null,2234.94,ORD-11879,cancelled,2025-09-11T21:50:59.000Z,bank_transfer,Home,PRD-3103,Air Fryer,3,null,marketplace,4.99,same_day,IL,782.44,WH-CA-02,on_time
AI Promo,Seattle,DATA20,USD,CUST-2377,new,2025-09-18T03:36:45.000Z,5,tablet,133.54,0.2,667.69,true,542.14,ORD-11880,completed,2025-09-13T03:36:45.000Z,bank_transfer,Electronics,PRD-3044,Wireless Earbuds,1,5,web,7.99,express,WA,667.69,WH-NY-01,late
Weekend Flash,Miami,WELCOME10,USD,CUST-2314,vip,2025-08-27T09:34:06.000Z,3,desktop,130.87,0.2,654.34,false,538.46,ORD-11881,returned,2025-08-24T09:34:06.000Z,debit_card,Fashion,PRD-3017,Backpack,2,null,marketplace,14.99,standard,FL,327.17,WH-CA-02,on_time
Summer Deals,Dallas,FREESHIP,USD,CUST-2261,vip,2025-10-07T05:47:59.000Z,6,desktop,0,0,3310.65,true,3315.64,ORD-11882,completed,2025-10-01T05:47:59.000Z,bank_transfer,Fashion,PRD-3015,Backpack,5,4,mobile_app,4.99,standard,TX,662.13,WH-TX-03,late
UNKNOWN,Dallas,SUMMER15,USD,CUST-2360,returning,null,null,desktop,97.28,0.05,1945.65,null,1856.36,ORD-11883,cancelled,2025-09-28T12:22:11.000Z,bank_transfer,Electronics,PRD-3248,Tablet Stand,3,null,web,7.99,express,TX,648.55,WH-CA-02,on_time
Weekend Flash,Phoenix,FREESHIP,USD,CUST-2200,returning,2025-08-09T21:00:24.000Z,5,desktop,7.36,0.05,147.2,true,139.84,ORD-11884,shipped,2025-08-04T21:00:24.000Z,bank_transfer,Sports,PRD-3065,Dumbbell Set,4,4,marketplace,0,express,AZ,36.8,WH-CA-02,late
Weekend Flash,Miami,SUMMER15,USD,CUST-2012,returning,2025-09-12T20:01:37.000Z,1,desktop,157.57,0.05,3151.35,false,3001.77,ORD-11885,completed,2025-09-11T20:01:37.000Z,bank_transfer,Sports,PRD-3081,Dumbbell Set,5,4,mobile_app,7.99,express,FL,630.27,WH-TX-03,on_time
AI Promo,Seattle,WELCOME10,USD,CUST-2130,returning,null,null,desktop,91.05,0.15,606.98,null,530.92,ORD-11886,cancelled,2025-09-24T15:09:53.000Z,digital_wallet,Electronics,PRD-3289,Wireless Earbuds,1,null,mobile_app,14.99,standard,WA,606.98,WH-TX-03,on_time
Weekend Flash,Los Angeles,DATA20,USD,CUST-2127,vip,2025-08-16T19:03:41.000Z,7,tablet,0,0,676.08,true,681.07,ORD-11887,completed,2025-08-09T19:03:41.000Z,bank_transfer,Books,PRD-3261,AI for Everyone,4,5,marketplace,4.99,express,CA,169.02,WH-CA-02,late
UNKNOWN,Dallas,DATA20,USD,CUST-2372,returning,2025-09-23T23:37:58.000Z,3,desktop,26.54,0.1,265.36,false,238.82,ORD-11888,shipped,2025-09-20T23:37:58.000Z,bank_transfer,Sports,PRD-3182,Cycling Helmet,2,2,web,0,express,TX,132.68,WH-NY-01,on_time
Weekend Flash,Chicago,WELCOME10,USD,CUST-2374,new,2025-09-21T07:55:42.000Z,7,mobile,466.61,0.2,2333.04,true,1874.42,ORD-11889,completed,2025-09-14T07:55:42.000Z,bank_transfer,Books,PRD-3068,SQL Fundamentals,4,1,marketplace,7.99,standard,IL,583.26,WH-NY-01,late
AI Promo,Boston,FREESHIP,USD,CUST-2393,vip,2025-08-14T22:26:58.000Z,7,mobile,138.27,0.1,1382.74,true,1254.46,ORD-11890,completed,2025-08-07T22:26:58.000Z,bank_transfer,Home,PRD-3143,Coffee Machine,2,3,web,9.99,same_day,MA,691.37,WH-NY-01,late
AI Promo,Los Angeles,NO_COUPON,USD,CUST-2068,vip,2025-08-30T08:08:45.000Z,7,tablet,0,0,192.81,true,192.81,ORD-11891,returned,2025-08-23T08:08:45.000Z,digital_wallet,Home,PRD-3083,Coffee Machine,1,null,marketplace,0,same_day,CA,192.81,WH-TX-03,late
Summer Deals,San Francisco,WELCOME10,USD,CUST-2106,vip,2025-09-05T21:31:30.000Z,7,desktop,144.07,0.2,720.35,true,581.27,ORD-11892,completed,2025-08-29T21:31:30.000Z,debit_card,Sports,PRD-3136,Cycling Helmet,5,4,mobile_app,4.99,same_day,CA,144.07,WH-NY-01,late
AI Promo,Chicago,SUMMER15,USD,CUST-2001,returning,2025-09-23T19:07:02.000Z,1,mobile,0,0,2451.25,false,2451.25,ORD-11893,completed,2025-09-22T19:07:02.000Z,debit_card,Books,PRD-3035,SQL Fundamentals,5,2,web,0,same_day,IL,490.25,WH-TX-03,on_time
UNKNOWN,Dallas,DATA20,USD,CUST-2497,new,2025-08-09T19:57:22.000Z,4,mobile,0,0,2331.87,false,2341.86,ORD-11894,completed,2025-08-05T19:57:22.000Z,debit_card,Books,PRD-3003,Data Engineering Basics,3,4,web,9.99,standard,TX,777.29,WH-CA-02,on_time
Weekend Flash,Houston,SUMMER15,USD,CUST-2314,returning,2025-09-01T22:54:53.000Z,2,desktop,0,0,254.35,false,259.34,ORD-11895,completed,2025-08-30T22:54:53.000Z,bank_transfer,Electronics,PRD-3044,Bluetooth Speaker,5,4,mobile_app,4.99,standard,TX,50.87,WH-TX-03,on_time
UNKNOWN,Miami,WELCOME10,USD,CUST-2288,vip,2025-08-04T03:03:30.000Z,2,desktop,255.08,0.15,1700.52,false,1445.44,ORD-11896,completed,2025-08-02T03:03:30.000Z,credit_card,Fashion,PRD-3044,Sneakers,4,3,marketplace,0,same_day,FL,425.13,WH-CA-02,on_time
AI Promo,San Francisco,SUMMER15,USD,CUST-2416,vip,2025-09-21T09:08:15.000Z,2,tablet,216.45,0.15,1443.03,false,1236.57,ORD-11897,completed,2025-09-19T09:08:15.000Z,credit_card,Home,PRD-3238,Vacuum Cleaner,3,5,marketplace,9.99,express,CA,481.01,WH-CA-02,on_time
Weekend Flash,Boston,WELCOME10,USD,CUST-2481,new,2025-09-11T09:50:27.000Z,7,desktop,21.33,0.15,142.21,true,135.87,ORD-11898,completed,2025-09-04T09:50:27.000Z,bank_transfer,Electronics,PRD-3007,Smart Watch,1,5,web,14.99,standard,MA,142.21,WH-NY-01,late
Weekend Flash,New York,SUMMER15,USD,CUST-2295,new,2025-08-24T18:43:34.000Z,3,desktop,179.98,0.15,1199.88,false,1029.89,ORD-11899,completed,2025-08-21T18:43:34.000Z,digital_wallet,Books,PRD-3023,Data Engineering Basics,3,5,web,9.99,standard,NY,399.96,WH-CA-02,on_time
AI Promo,Seattle,WELCOME10,USD,CUST-2393,vip,2025-09-07T21:21:06.000Z,5,mobile,108.99,0.1,1089.9,true,985.9,ORD-11900,completed,2025-09-02T21:21:06.000Z,bank_transfer,Sports,PRD-3158,Cycling Helmet,2,5,mobile_app,4.99,same_day,WA,544.95,WH-NY-01,late
Summer Deals,Phoenix,FREESHIP,USD,CUST-2294,returning,2025-10-01T17:38:55.000Z,2,desktop,18.76,0.05,375.12,false,361.35,ORD-11901,returned,2025-09-29T17:38:55.000Z,bank_transfer,Books,PRD-3194,SQL Fundamentals,4,null,mobile_app,4.99,standard,AZ,93.78,WH-TX-03,on_time
UNKNOWN,Dallas,FREESHIP,USD,CUST-2480,returning,2025-08-11T10:03:25.000Z,6,tablet,86.2,0.05,1723.96,true,1652.75,ORD-11902,returned,2025-08-05T10:03:25.000Z,bank_transfer,Books,PRD-3078,AI for Everyone,4,null,web,14.99,standard,TX,430.99,WH-CA-02,late
Weekend Flash,Boston,SUMMER15,USD,CUST-2450,new,2025-09-03T09:04:10.000Z,3,tablet,0,0,1305,false,1314.99,ORD-11903,shipped,2025-08-31T09:04:10.000Z,debit_card,Home,PRD-3137,Coffee Machine,3,5,web,9.99,express,MA,435,WH-CA-02,on_time
Weekend Flash,Dallas,DATA20,USD,CUST-2192,returning,2025-09-14T02:12:24.000Z,3,mobile,0,0,1073.73,false,1083.72,ORD-11904,completed,2025-09-11T02:12:24.000Z,debit_card,Electronics,PRD-3222,Bluetooth Speaker,3,1,marketplace,9.99,standard,TX,357.91,WH-TX-03,on_time
UNKNOWN,Chicago,SUMMER15,USD,CUST-2437,new,2025-08-26T20:57:30.000Z,2,mobile,0,0,3085.92,false,3090.91,ORD-11905,completed,2025-08-24T20:57:30.000Z,digital_wallet,Books,PRD-3283,SQL Fundamentals,4,4,mobile_app,4.99,same_day,IL,771.48,WH-TX-03,on_time
UNKNOWN,San Francisco,FREESHIP,USD,CUST-2298,vip,2025-08-16T18:49:24.000Z,4,mobile,120.1,0.2,600.5,false,488.39,ORD-11906,completed,2025-08-12T18:49:24.000Z,debit_card,Sports,PRD-3171,Yoga Mat,2,3,marketplace,7.99,express,CA,300.25,WH-NY-01,on_time
Summer Deals,Houston,SUMMER15,USD,CUST-2302,vip,2025-09-29T04:25:21.000Z,6,desktop,0,0,2167.44,true,2172.43,ORD-11907,completed,2025-09-23T04:25:21.000Z,digital_wallet,Electronics,PRD-3275,Smart Watch,3,4,web,4.99,same_day,TX,722.48,WH-NY-01,late
Weekend Flash,Miami,FREESHIP,USD,CUST-2228,new,2025-08-09T16:50:15.000Z,2,desktop,8.95,0.05,178.96,false,180,ORD-11908,returned,2025-08-07T16:50:15.000Z,bank_transfer,Electronics,PRD-3041,Tablet Stand,4,null,mobile_app,9.99,express,FL,44.74,WH-CA-02,on_time
AI Promo,Dallas,SUMMER15,USD,CUST-2041,returning,2025-10-01T06:29:27.000Z,2,tablet,0,0,2126.6,false,2141.59,ORD-11909,returned,2025-09-29T06:29:27.000Z,credit_card,Books,PRD-3251,Python for Data,4,null,web,14.99,same_day,TX,531.65,WH-CA-02,on_time
UNKNOWN,San Francisco,NO_COUPON,USD,CUST-2088,returning,2025-09-22T01:46:31.000Z,3,desktop,0,0,1744.9,false,1752.89,ORD-11910,completed,2025-09-19T01:46:31.000Z,bank_transfer,Sports,PRD-3120,Resistance Bands,5,5,marketplace,7.99,standard,CA,348.98,WH-TX-03,on_time
Summer Deals,Dallas,SUMMER15,USD,CUST-2296,vip,2025-08-14T10:40:10.000Z,2,mobile,204.26,0.2,1021.29,false,832.02,ORD-11911,completed,2025-08-12T10:40:10.000Z,credit_card,Books,PRD-3063,SQL Fundamentals,3,5,marketplace,14.99,standard,TX,340.43,WH-TX-03,on_time
Summer Deals,Los Angeles,NO_COUPON,USD,CUST-2233,returning,2025-10-08T00:16:59.000Z,7,desktop,26.64,0.05,532.84,true,514.19,ORD-11912,completed,2025-10-01T00:16:59.000Z,digital_wallet,Home,PRD-3137,Vacuum Cleaner,1,2,mobile_app,7.99,same_day,CA,532.84,WH-CA-02,late
AI Promo,New York,FREESHIP,USD,CUST-2159,returning,null,null,tablet,0,0,1699.85,null,1714.84,ORD-11913,cancelled,2025-08-06T11:25:43.000Z,digital_wallet,Fashion,PRD-3206,Jacket,5,null,web,14.99,express,NY,339.97,WH-CA-02,on_time
Weekend Flash,Seattle,SUMMER15,USD,CUST-2378,returning,null,null,mobile,276.18,0.1,2761.8,null,2485.62,ORD-11914,cancelled,2025-09-05T19:08:00.000Z,bank_transfer,Books,PRD-3224,Data Engineering Basics,4,null,marketplace,0,express,WA,690.45,WH-NY-01,on_time
Summer Deals,Miami,WELCOME10,USD,CUST-2074,returning,2025-09-07T00:08:37.000Z,5,desktop,177.85,0.15,1185.7,true,1022.84,ORD-11915,shipped,2025-09-02T00:08:37.000Z,debit_card,Fashion,PRD-3142,Sneakers,5,1,web,14.99,standard,FL,237.14,WH-NY-01,late
AI Promo,Dallas,FREESHIP,USD,CUST-2402,vip,2025-09-29T01:29:50.000Z,6,mobile,0,0,1685.9,true,1700.89,ORD-11916,completed,2025-09-23T01:29:50.000Z,digital_wallet,Fashion,PRD-3032,Sneakers,5,2,web,14.99,standard,TX,337.18,WH-CA-02,late
Back to School,Seattle,DATA20,USD,CUST-2124,new,2025-08-10T14:05:34.000Z,6,mobile,10.21,0.05,204.15,true,198.93,ORD-11917,completed,2025-08-04T14:05:34.000Z,bank_transfer,Home,PRD-3058,Air Fryer,1,5,mobile_app,4.99,same_day,WA,204.15,WH-CA-02,late
AI Promo,San Francisco,FREESHIP,USD,CUST-2054,returning,2025-08-12T06:18:22.000Z,2,desktop,56.22,0.05,1124.32,false,1076.09,ORD-11918,shipped,2025-08-10T06:18:22.000Z,digital_wallet,Fashion,PRD-3099,Jacket,4,2,mobile_app,7.99,express,CA,281.08,WH-CA-02,on_time
UNKNOWN,Dallas,WELCOME10,USD,CUST-2169,returning,2025-08-20T04:32:29.000Z,6,desktop,40.54,0.15,270.24,true,244.69,ORD-11919,completed,2025-08-14T04:32:29.000Z,debit_card,Home,PRD-3222,LED Lamp,4,5,web,14.99,same_day,TX,67.56,WH-CA-02,late
AI Promo,Dallas,NO_COUPON,USD,CUST-2063,vip,null,null,tablet,0,0,319.75,null,327.74,ORD-11920,cancelled,2025-10-01T05:24:57.000Z,digital_wallet,Books,PRD-3299,AI for Everyone,5,null,marketplace,7.99,standard,TX,63.95,WH-CA-02,on_time
UNKNOWN,Boston,WELCOME10,USD,CUST-2269,returning,2025-08-30T05:59:34.000Z,3,desktop,102.76,0.15,685.04,false,587.27,ORD-11921,completed,2025-08-27T05:59:34.000Z,digital_wallet,Fashion,PRD-3235,T-Shirt,2,2,mobile_app,4.99,express,MA,342.52,WH-TX-03,on_time
Summer Deals,Boston,NO_COUPON,USD,CUST-2403,vip,null,null,tablet,0,0,652,null,661.99,ORD-11922,cancelled,2025-09-22T10:38:48.000Z,debit_card,Electronics,PRD-3066,Wireless Earbuds,1,null,web,9.99,same_day,MA,652,WH-NY-01,on_time
Back to School,Los Angeles,FREESHIP,USD,CUST-2408,returning,null,null,desktop,373.75,0.2,1868.76,null,1495.01,ORD-11923,cancelled,2025-09-06T09:40:17.000Z,debit_card,Home,PRD-3139,Air Fryer,3,null,mobile_app,0,standard,CA,622.92,WH-NY-01,on_time
Back to School,Seattle,WELCOME10,USD,CUST-2375,new,2025-09-15T19:02:33.000Z,2,mobile,99.7,0.15,664.7,false,569.99,ORD-11924,completed,2025-09-13T19:02:33.000Z,credit_card,Fashion,PRD-3166,T-Shirt,2,5,web,4.99,express,WA,332.35,WH-NY-01,on_time
AI Promo,New York,SUMMER15,USD,CUST-2453,returning,2025-08-08T05:17:57.000Z,2,desktop,193.17,0.15,1287.8,false,1102.62,ORD-11925,completed,2025-08-06T05:17:57.000Z,credit_card,Books,PRD-3098,AI for Everyone,5,4,marketplace,7.99,express,NY,257.56,WH-CA-02,on_time
Back to School,New York,SUMMER15,USD,CUST-2013,new,2025-08-10T02:40:56.000Z,5,desktop,0,0,1185.26,true,1200.25,ORD-11926,shipped,2025-08-05T02:40:56.000Z,debit_card,Sports,PRD-3003,Dumbbell Set,2,1,web,14.99,standard,NY,592.63,WH-TX-03,late
AI Promo,New York,FREESHIP,USD,CUST-2244,vip,2025-09-15T18:44:44.000Z,2,mobile,0,0,429.95,false,434.94,ORD-11927,completed,2025-09-13T18:44:44.000Z,bank_transfer,Books,PRD-3251,Data Engineering Basics,5,1,marketplace,4.99,express,NY,85.99,WH-CA-02,on_time
Weekend Flash,Seattle,FREESHIP,USD,CUST-2481,new,2025-08-23T18:19:35.000Z,1,desktop,33.16,0.1,331.65,false,303.48,ORD-11928,completed,2025-08-22T18:19:35.000Z,credit_card,Electronics,PRD-3209,Tablet Stand,3,1,mobile_app,4.99,express,WA,110.55,WH-TX-03,on_time
Weekend Flash,Houston,DATA20,USD,CUST-2051,new,null,null,mobile,97.94,0.1,979.4,null,881.46,ORD-11929,cancelled,2025-09-23T12:04:22.000Z,credit_card,Sports,PRD-3128,Dumbbell Set,2,null,web,0,express,TX,489.7,WH-CA-02,on_time
UNKNOWN,Boston,WELCOME10,USD,CUST-2426,new,2025-08-20T14:45:56.000Z,7,tablet,122.5,0.1,1225.05,true,1112.54,ORD-11930,shipped,2025-08-13T14:45:56.000Z,digital_wallet,Sports,PRD-3023,Cycling Helmet,3,4,marketplace,9.99,standard,MA,408.35,WH-NY-01,late
Summer Deals,Chicago,WELCOME10,USD,CUST-2044,vip,2025-08-22T22:42:58.000Z,1,desktop,483.57,0.2,2417.85,false,1942.27,ORD-11931,completed,2025-08-21T22:42:58.000Z,credit_card,Books,PRD-3096,AI for Everyone,5,4,mobile_app,7.99,same_day,IL,483.57,WH-TX-03,on_time
Weekend Flash,San Francisco,FREESHIP,USD,CUST-2129,new,2025-08-30T16:56:13.000Z,4,tablet,6.93,0.05,138.69,false,136.75,ORD-11932,completed,2025-08-26T16:56:13.000Z,credit_card,Sports,PRD-3289,Yoga Mat,3,5,mobile_app,4.99,express,CA,46.23,WH-NY-01,on_time
Back to School,New York,SUMMER15,USD,CUST-2434,vip,2025-09-18T00:15:20.000Z,2,desktop,101.42,0.1,1014.22,false,922.79,ORD-11933,completed,2025-09-16T00:15:20.000Z,digital_wallet,Electronics,PRD-3280,Tablet Stand,2,3,marketplace,9.99,standard,NY,507.11,WH-TX-03,on_time
AI Promo,Houston,FREESHIP,USD,CUST-2500,new,null,null,tablet,0,0,182.26,null,197.25,ORD-11934,cancelled,2025-08-03T09:42:27.000Z,digital_wallet,Home,PRD-3218,LED Lamp,1,null,web,14.99,express,TX,182.26,WH-CA-02,on_time
Summer Deals,San Francisco,FREESHIP,USD,CUST-2327,new,2025-09-03T04:01:15.000Z,3,mobile,31.58,0.15,210.54,false,186.95,ORD-11935,completed,2025-08-31T04:01:15.000Z,bank_transfer,Sports,PRD-3147,Resistance Bands,2,2,mobile_app,7.99,same_day,CA,105.27,WH-TX-03,on_time
Summer Deals,Phoenix,FREESHIP,USD,CUST-2499,new,2025-08-26T11:29:20.000Z,4,desktop,195.5,0.2,977.52,false,787.01,ORD-11936,completed,2025-08-22T11:29:20.000Z,digital_wallet,Electronics,PRD-3056,Bluetooth Speaker,4,5,marketplace,4.99,same_day,AZ,244.38,WH-CA-02,on_time
AI Promo,Boston,WELCOME10,USD,CUST-2113,returning,null,null,desktop,0,0,1074,null,1074,ORD-11937,cancelled,2025-09-21T04:58:49.000Z,digital_wallet,Fashion,PRD-3079,T-Shirt,4,null,marketplace,0,same_day,MA,268.5,WH-TX-03,on_time
Summer Deals,Phoenix,FREESHIP,USD,CUST-2470,vip,2025-08-24T10:46:16.000Z,3,desktop,0,0,33.76,false,38.75,ORD-11938,completed,2025-08-21T10:46:16.000Z,debit_card,Home,PRD-3102,Air Fryer,2,1,marketplace,4.99,standard,AZ,16.88,WH-CA-02,on_time
Back to School,Seattle,WELCOME10,USD,CUST-2280,new,2025-08-21T09:11:39.000Z,7,desktop,13.07,0.1,130.74,true,125.66,ORD-11939,completed,2025-08-14T09:11:39.000Z,debit_card,Electronics,PRD-3080,Bluetooth Speaker,2,3,mobile_app,7.99,standard,WA,65.37,WH-TX-03,late
UNKNOWN,Houston,NO_COUPON,USD,CUST-2291,returning,2025-08-13T03:40:23.000Z,1,tablet,76.8,0.15,512,false,440.19,ORD-11940,completed,2025-08-12T03:40:23.000Z,digital_wallet,Fashion,PRD-3134,Backpack,2,5,mobile_app,4.99,express,TX,256,WH-CA-02,on_time
AI Promo,Houston,DATA20,USD,CUST-2352,vip,2025-09-17T05:18:48.000Z,4,mobile,442.63,0.15,2950.84,false,2513.2,ORD-11941,completed,2025-09-13T05:18:48.000Z,debit_card,Sports,PRD-3225,Yoga Mat,4,1,mobile_app,4.99,express,TX,737.71,WH-CA-02,on_time
AI Promo,Seattle,SUMMER15,USD,CUST-2108,vip,2025-10-06T05:52:00.000Z,6,tablet,0,0,2449.9,true,2459.89,ORD-11942,shipped,2025-09-30T05:52:00.000Z,credit_card,Books,PRD-3082,Data Engineering Basics,5,5,web,9.99,same_day,WA,489.98,WH-CA-02,late
Weekend Flash,Boston,FREESHIP,USD,CUST-2436,new,2025-09-05T13:24:24.000Z,5,mobile,0,0,2527.32,true,2542.31,ORD-11943,returned,2025-08-31T13:24:24.000Z,debit_card,Home,PRD-3168,LED Lamp,4,null,mobile_app,14.99,express,MA,631.83,WH-TX-03,late
Back to School,Phoenix,FREESHIP,USD,CUST-2124,returning,null,null,desktop,76.83,0.2,384.13,null,315.29,ORD-11944,cancelled,2025-08-30T13:12:49.000Z,digital_wallet,Books,PRD-3221,SQL Fundamentals,1,null,marketplace,7.99,standard,AZ,384.13,WH-CA-02,on_time
Weekend Flash,Los Angeles,DATA20,USD,CUST-2483,vip,2025-08-31T13:32:52.000Z,5,desktop,7.87,0.1,78.68,true,85.8,ORD-11945,completed,2025-08-26T13:32:52.000Z,bank_transfer,Fashion,PRD-3129,T-Shirt,1,1,mobile_app,14.99,standard,CA,78.68,WH-TX-03,late
Back to School,Boston,NO_COUPON,USD,CUST-2436,vip,2025-08-30T10:14:42.000Z,3,mobile,252.55,0.15,1683.64,false,1439.08,ORD-11946,completed,2025-08-27T10:14:42.000Z,debit_card,Fashion,PRD-3121,Sneakers,4,3,marketplace,7.99,same_day,MA,420.91,WH-NY-01,on_time
Weekend Flash,Seattle,NO_COUPON,USD,CUST-2495,returning,2025-09-28T12:41:53.000Z,7,mobile,132.97,0.15,886.44,true,753.47,ORD-11947,completed,2025-09-21T12:41:53.000Z,credit_card,Sports,PRD-3283,Dumbbell Set,4,1,marketplace,0,same_day,WA,221.61,WH-NY-01,late
Weekend Flash,New York,WELCOME10,USD,CUST-2187,new,2025-08-04T08:40:09.000Z,2,mobile,44.98,0.05,899.5,false,859.51,ORD-11948,shipped,2025-08-02T08:40:09.000Z,digital_wallet,Electronics,PRD-3100,Tablet Stand,5,4,mobile_app,4.99,same_day,NY,179.9,WH-TX-03,on_time
Back to School,Los Angeles,DATA20,USD,CUST-2248,new,2025-09-02T09:11:15.000Z,1,mobile,0,0,957.96,false,962.95,ORD-11949,shipped,2025-09-01T09:11:15.000Z,bank_transfer,Fashion,PRD-3094,Sneakers,2,2,mobile_app,4.99,same_day,CA,478.98,WH-NY-01,on_time
Weekend Flash,Los Angeles,FREESHIP,USD,CUST-2298,vip,null,null,mobile,307.28,0.15,2048.52,null,1741.24,ORD-11950,cancelled,2025-08-02T06:00:44.000Z,bank_transfer,Books,PRD-3238,Data Engineering Basics,4,null,marketplace,0,standard,CA,512.13,WH-CA-02,on_time
UNKNOWN,Phoenix,FREESHIP,USD,CUST-2156,returning,2025-08-11T19:58:04.000Z,3,mobile,63.95,0.15,426.34,false,372.38,ORD-11951,completed,2025-08-08T19:58:04.000Z,credit_card,Sports,PRD-3059,Dumbbell Set,2,1,marketplace,9.99,same_day,AZ,213.17,WH-CA-02,on_time
Weekend Flash,New York,SUMMER15,USD,CUST-2369,vip,null,null,tablet,0,0,242.2,null,250.19,ORD-11952,cancelled,2025-08-04T09:39:15.000Z,credit_card,Home,PRD-3104,Coffee Machine,2,null,mobile_app,7.99,standard,NY,121.1,WH-NY-01,on_time
Weekend Flash,Los Angeles,FREESHIP,USD,CUST-2350,vip,2025-08-17T16:44:04.000Z,5,mobile,29.76,0.2,148.8,true,124.03,ORD-11953,completed,2025-08-12T16:44:04.000Z,debit_card,Books,PRD-3231,Python for Data,5,4,web,4.99,express,CA,29.76,WH-TX-03,late
Summer Deals,New York,NO_COUPON,USD,CUST-2086,returning,2025-09-08T19:46:18.000Z,2,tablet,18.4,0.1,183.99,false,175.58,ORD-11954,shipped,2025-09-06T19:46:18.000Z,credit_card,Home,PRD-3014,Air Fryer,1,5,web,9.99,express,NY,183.99,WH-TX-03,on_time
Summer Deals,Los Angeles,SUMMER15,USD,CUST-2050,returning,2025-08-29T07:08:38.000Z,1,tablet,631.92,0.2,3159.6,false,2542.67,ORD-11955,completed,2025-08-28T07:08:38.000Z,debit_card,Electronics,PRD-3204,Tablet Stand,4,5,mobile_app,14.99,express,CA,789.9,WH-NY-01,on_time
Back to School,New York,NO_COUPON,USD,CUST-2145,vip,2025-09-04T05:51:59.000Z,3,desktop,10.56,0.05,211.15,false,200.59,ORD-11956,completed,2025-09-01T05:51:59.000Z,bank_transfer,Home,PRD-3102,Vacuum Cleaner,5,3,mobile_app,0,standard,NY,42.23,WH-TX-03,on_time
Summer Deals,San Francisco,FREESHIP,USD,CUST-2476,returning,2025-08-23T00:20:10.000Z,5,mobile,0,0,793.98,true,808.97,ORD-11957,completed,2025-08-18T00:20:10.000Z,bank_transfer,Electronics,PRD-3120,Tablet Stand,3,2,web,14.99,express,CA,264.66,WH-TX-03,late
Weekend Flash,Miami,NO_COUPON,USD,CUST-2479,vip,2025-09-02T16:42:18.000Z,7,desktop,0,0,903.42,true,913.41,ORD-11958,completed,2025-08-26T16:42:18.000Z,credit_card,Electronics,PRD-3168,Wireless Earbuds,2,5,mobile_app,9.99,express,FL,451.71,WH-CA-02,late
AI Promo,Chicago,WELCOME10,USD,CUST-2067,new,2025-09-12T08:07:54.000Z,6,mobile,60.44,0.15,402.96,true,347.51,ORD-11959,shipped,2025-09-06T08:07:54.000Z,credit_card,Books,PRD-3047,Data Engineering Basics,2,5,web,4.99,standard,IL,201.48,WH-NY-01,late
Back to School,Seattle,SUMMER15,USD,CUST-2162,new,2025-08-06T19:01:11.000Z,3,tablet,64.8,0.15,431.99,false,382.18,ORD-11960,completed,2025-08-03T19:01:11.000Z,digital_wallet,Home,PRD-3241,Coffee Machine,1,2,mobile_app,14.99,standard,WA,431.99,WH-CA-02,on_time
AI Promo,New York,FREESHIP,USD,CUST-2337,new,null,null,desktop,262.33,0.15,1748.84,null,1496.5,ORD-11961,cancelled,2025-09-29T00:35:25.000Z,credit_card,Books,PRD-3029,AI for Everyone,4,null,mobile_app,9.99,express,NY,437.21,WH-TX-03,on_time
AI Promo,Los Angeles,NO_COUPON,USD,CUST-2356,returning,2025-09-26T18:44:26.000Z,4,desktop,0,0,466.26,false,474.25,ORD-11962,returned,2025-09-22T18:44:26.000Z,bank_transfer,Home,PRD-3214,Air Fryer,1,null,web,7.99,standard,CA,466.26,WH-TX-03,on_time
AI Promo,Seattle,DATA20,USD,CUST-2389,new,2025-08-30T21:19:21.000Z,1,mobile,0,0,1961.55,false,1961.55,ORD-11963,completed,2025-08-29T21:19:21.000Z,credit_card,Electronics,PRD-3106,Wireless Earbuds,5,1,mobile_app,0,express,WA,392.31,WH-NY-01,on_time
AI Promo,Phoenix,SUMMER15,USD,CUST-2302,vip,null,null,mobile,35.79,0.05,715.88,null,685.08,ORD-11964,cancelled,2025-09-16T12:03:39.000Z,digital_wallet,Books,PRD-3273,SQL Fundamentals,2,null,marketplace,4.99,standard,AZ,357.94,WH-TX-03,on_time
Weekend Flash,Dallas,SUMMER15,USD,CUST-2457,vip,2025-10-02T14:13:40.000Z,6,mobile,234.9,0.15,1565.98,true,1346.07,ORD-11965,completed,2025-09-26T14:13:40.000Z,credit_card,Books,PRD-3084,SQL Fundamentals,2,1,marketplace,14.99,same_day,TX,782.99,WH-TX-03,late
Summer Deals,Dallas,WELCOME10,USD,CUST-2347,returning,2025-09-22T20:18:34.000Z,3,tablet,123.3,0.15,822,false,706.69,ORD-11966,completed,2025-09-19T20:18:34.000Z,bank_transfer,Books,PRD-3286,Data Engineering Basics,5,4,mobile_app,7.99,same_day,TX,164.4,WH-TX-03,on_time
Back to School,San Francisco,WELCOME10,USD,CUST-2498,new,2025-08-30T05:29:25.000Z,2,mobile,486.22,0.2,2431.1,false,1959.87,ORD-11967,returned,2025-08-28T05:29:25.000Z,debit_card,Home,PRD-3171,Vacuum Cleaner,5,null,web,14.99,express,CA,486.22,WH-CA-02,on_time
Weekend Flash,Chicago,SUMMER15,USD,CUST-2192,returning,2025-09-25T09:07:16.000Z,6,mobile,0,0,669.4,true,677.39,ORD-11968,completed,2025-09-19T09:07:16.000Z,debit_card,Electronics,PRD-3131,Wireless Earbuds,2,4,marketplace,7.99,express,IL,334.7,WH-CA-02,late
Weekend Flash,Chicago,WELCOME10,USD,CUST-2410,vip,2025-09-02T09:18:17.000Z,3,tablet,0,0,307.48,false,315.47,ORD-11969,completed,2025-08-30T09:18:17.000Z,bank_transfer,Sports,PRD-3157,Resistance Bands,2,5,mobile_app,7.99,express,IL,153.74,WH-NY-01,on_time
Weekend Flash,Los Angeles,WELCOME10,USD,CUST-2324,vip,2025-09-09T18:30:41.000Z,3,tablet,69.56,0.05,1391.15,false,1329.58,ORD-11970,completed,2025-09-06T18:30:41.000Z,bank_transfer,Electronics,PRD-3154,Tablet Stand,5,4,marketplace,7.99,express,CA,278.23,WH-TX-03,on_time
Summer Deals,Los Angeles,FREESHIP,USD,CUST-2148,new,2025-08-20T23:41:39.000Z,2,tablet,0,0,137.52,false,147.51,ORD-11971,completed,2025-08-18T23:41:39.000Z,debit_card,Fashion,PRD-3257,Sneakers,1,2,marketplace,9.99,express,CA,137.52,WH-TX-03,on_time
AI Promo,Houston,SUMMER15,USD,CUST-2185,new,2025-10-02T23:23:48.000Z,6,mobile,393.7,0.15,2624.65,true,2245.94,ORD-11972,shipped,2025-09-26T23:23:48.000Z,credit_card,Fashion,PRD-3238,Backpack,5,4,mobile_app,14.99,express,TX,524.93,WH-TX-03,late
UNKNOWN,Los Angeles,WELCOME10,USD,CUST-2417,vip,2025-09-30T05:57:15.000Z,1,desktop,412.04,0.15,2746.96,false,2339.91,ORD-11973,completed,2025-09-29T05:57:15.000Z,credit_card,Sports,PRD-3167,Dumbbell Set,4,1,mobile_app,4.99,standard,CA,686.74,WH-NY-01,on_time
Summer Deals,Chicago,SUMMER15,USD,CUST-2106,vip,2025-09-09T04:43:52.000Z,4,tablet,313.58,0.2,1567.92,false,1264.33,ORD-11974,completed,2025-09-05T04:43:52.000Z,digital_wallet,Fashion,PRD-3037,T-Shirt,2,5,mobile_app,9.99,standard,IL,783.96,WH-CA-02,on_time
AI Promo,Boston,DATA20,USD,CUST-2452,new,2025-08-20T07:28:58.000Z,3,tablet,349.84,0.15,2332.24,false,1992.39,ORD-11975,shipped,2025-08-17T07:28:58.000Z,credit_card,Books,PRD-3252,Python for Data,4,4,mobile_app,9.99,express,MA,583.06,WH-NY-01,on_time
Weekend Flash,Seattle,NO_COUPON,USD,CUST-2373,new,2025-08-10T11:57:10.000Z,3,desktop,160.13,0.15,1067.52,false,907.39,ORD-11976,completed,2025-08-07T11:57:10.000Z,bank_transfer,Electronics,PRD-3023,Bluetooth Speaker,3,4,mobile_app,0,standard,WA,355.84,WH-CA-02,on_time
Summer Deals,Chicago,WELCOME10,USD,CUST-2383,vip,2025-08-12T13:03:35.000Z,4,tablet,0,0,3167.35,false,3172.34,ORD-11977,completed,2025-08-08T13:03:35.000Z,bank_transfer,Sports,PRD-3152,Resistance Bands,5,5,marketplace,4.99,standard,IL,633.47,WH-TX-03,on_time
Summer Deals,Seattle,NO_COUPON,USD,CUST-2430,returning,2025-10-02T09:41:04.000Z,3,desktop,0,0,1227.45,false,1227.45,ORD-11978,completed,2025-09-29T09:41:04.000Z,digital_wallet,Books,PRD-3201,Data Engineering Basics,3,5,mobile_app,0,standard,WA,409.15,WH-NY-01,on_time
UNKNOWN,Houston,WELCOME10,USD,CUST-2234,returning,2025-08-19T00:45:59.000Z,7,desktop,28.58,0.15,190.53,true,169.94,ORD-11979,completed,2025-08-12T00:45:59.000Z,digital_wallet,Sports,PRD-3224,Resistance Bands,3,5,marketplace,7.99,same_day,TX,63.51,WH-TX-03,late
Back to School,Chicago,NO_COUPON,USD,CUST-2274,new,null,null,desktop,9.8,0.1,98.04,null,98.23,ORD-11980,cancelled,2025-09-06T23:42:52.000Z,digital_wallet,Sports,PRD-3223,Dumbbell Set,3,null,web,9.99,express,IL,32.68,WH-NY-01,on_time
Summer Deals,San Francisco,WELCOME10,USD,CUST-2500,new,2025-08-03T16:52:54.000Z,2,desktop,0,0,2440.7,false,2448.69,ORD-11981,shipped,2025-08-01T16:52:54.000Z,bank_transfer,Sports,PRD-3014,Dumbbell Set,5,3,web,7.99,same_day,CA,488.14,WH-TX-03,on_time
Summer Deals,Seattle,NO_COUPON,USD,CUST-2168,new,2025-08-25T05:29:58.000Z,4,mobile,0,0,2740.52,false,2748.51,ORD-11982,completed,2025-08-21T05:29:58.000Z,bank_transfer,Books,PRD-3030,Python for Data,4,1,mobile_app,7.99,standard,WA,685.13,WH-NY-01,on_time
Weekend Flash,Chicago,SUMMER15,USD,CUST-2032,vip,2025-08-05T12:54:17.000Z,3,tablet,0,0,2017.14,false,2032.13,ORD-11983,shipped,2025-08-02T12:54:17.000Z,digital_wallet,Books,PRD-3120,AI for Everyone,3,5,web,14.99,express,IL,672.38,WH-CA-02,on_time
Weekend Flash,Chicago,SUMMER15,USD,CUST-2397,returning,2025-08-28T09:52:28.000Z,6,mobile,305.44,0.2,1527.2,true,1236.75,ORD-11984,completed,2025-08-22T09:52:28.000Z,bank_transfer,Fashion,PRD-3249,Backpack,4,5,web,14.99,same_day,IL,381.8,WH-CA-02,late
AI Promo,Los Angeles,DATA20,USD,CUST-2413,returning,2025-09-01T02:54:40.000Z,1,mobile,188.78,0.05,3775.5,false,3596.71,ORD-11985,completed,2025-08-31T02:54:40.000Z,debit_card,Home,PRD-3246,Vacuum Cleaner,5,1,mobile_app,9.99,same_day,CA,755.1,WH-TX-03,on_time
Summer Deals,Seattle,SUMMER15,USD,CUST-2073,new,2025-08-23T05:55:37.000Z,5,tablet,87.56,0.1,875.65,true,798.08,ORD-11986,shipped,2025-08-18T05:55:37.000Z,bank_transfer,Fashion,PRD-3265,Backpack,5,3,mobile_app,9.99,standard,WA,175.13,WH-NY-01,late
Weekend Flash,New York,SUMMER15,USD,CUST-2241,returning,2025-10-04T12:18:09.000Z,4,tablet,274.54,0.15,1830.27,false,1555.73,ORD-11987,shipped,2025-09-30T12:18:09.000Z,credit_card,Sports,PRD-3279,Cycling Helmet,3,5,mobile_app,0,same_day,NY,610.09,WH-TX-03,on_time
Back to School,Boston,NO_COUPON,USD,CUST-2223,vip,null,null,mobile,0,0,1701.87,null,1716.86,ORD-11988,cancelled,2025-08-19T21:04:19.000Z,bank_transfer,Books,PRD-3139,Data Engineering Basics,3,null,mobile_app,14.99,standard,MA,567.29,WH-CA-02,on_time
Weekend Flash,Houston,DATA20,USD,CUST-2267,new,2025-09-10T23:33:31.000Z,2,desktop,0,0,709.26,false,724.25,ORD-11989,completed,2025-09-08T23:33:31.000Z,debit_card,Home,PRD-3179,LED Lamp,1,4,marketplace,14.99,same_day,TX,709.26,WH-TX-03,on_time
Back to School,Dallas,SUMMER15,USD,CUST-2378,vip,2025-08-08T20:03:15.000Z,2,mobile,0,0,454.5,false,464.49,ORD-11990,returned,2025-08-06T20:03:15.000Z,bank_transfer,Electronics,PRD-3259,Bluetooth Speaker,5,null,mobile_app,9.99,express,TX,90.9,WH-TX-03,on_time
Weekend Flash,Phoenix,NO_COUPON,USD,CUST-2242,vip,2025-09-15T08:40:38.000Z,2,mobile,0,0,2102.52,false,2107.51,ORD-11991,completed,2025-09-13T08:40:38.000Z,credit_card,Home,PRD-3082,Coffee Machine,4,5,marketplace,4.99,same_day,AZ,525.63,WH-CA-02,on_time
Back to School,Miami,WELCOME10,USD,CUST-2183,returning,2025-09-28T21:21:48.000Z,4,desktop,300.9,0.1,3008.96,false,2713.05,ORD-11992,completed,2025-09-24T21:21:48.000Z,bank_transfer,Books,PRD-3030,Data Engineering Basics,4,5,web,4.99,same_day,FL,752.24,WH-TX-03,on_time
Back to School,San Francisco,WELCOME10,USD,CUST-2106,new,2025-08-14T20:39:13.000Z,5,tablet,0,0,293,true,293,ORD-11993,completed,2025-08-09T20:39:13.000Z,debit_card,Fashion,PRD-3070,Backpack,1,5,mobile_app,0,standard,CA,293,WH-NY-01,late
Back to School,San Francisco,FREESHIP,USD,CUST-2009,returning,2025-09-19T08:29:01.000Z,2,desktop,194.83,0.05,3896.55,false,3709.71,ORD-11994,completed,2025-09-17T08:29:01.000Z,digital_wallet,Electronics,PRD-3008,Bluetooth Speaker,5,5,mobile_app,7.99,express,CA,779.31,WH-CA-02,on_time
Weekend Flash,Los Angeles,FREESHIP,USD,CUST-2131,vip,null,null,desktop,261.53,0.1,2615.28,null,2358.74,ORD-11995,cancelled,2025-08-07T21:18:35.000Z,debit_card,Fashion,PRD-3297,Jacket,4,null,mobile_app,4.99,standard,CA,653.82,WH-TX-03,on_time
Weekend Flash,Phoenix,FREESHIP,USD,CUST-2409,returning,null,null,tablet,0,0,1831.04,null,1839.03,ORD-11996,cancelled,2025-08-12T05:02:10.000Z,digital_wallet,Electronics,PRD-3106,Tablet Stand,4,null,marketplace,7.99,standard,AZ,457.76,WH-CA-02,on_time
UNKNOWN,Dallas,SUMMER15,USD,CUST-2426,vip,2025-09-14T05:56:52.000Z,6,mobile,321.95,0.15,2146.35,true,1824.4,ORD-11997,shipped,2025-09-08T05:56:52.000Z,credit_card,Home,PRD-3197,LED Lamp,5,5,web,0,same_day,TX,429.27,WH-CA-02,late
UNKNOWN,San Francisco,DATA20,USD,CUST-2038,returning,2025-08-11T15:52:37.000Z,1,desktop,159.75,0.05,3195.08,false,3043.32,ORD-11998,completed,2025-08-10T15:52:37.000Z,digital_wallet,Books,PRD-3080,AI for Everyone,4,5,mobile_app,7.99,express,CA,798.77,WH-CA-02,on_time
UNKNOWN,San Francisco,FREESHIP,USD,CUST-2024,new,2025-09-03T23:38:43.000Z,3,desktop,107.03,0.15,713.56,false,621.52,ORD-11999,returned,2025-08-31T23:38:43.000Z,credit_card,Fashion,PRD-3193,T-Shirt,1,null,marketplace,14.99,same_day,CA,713.56,WH-TX-03,on_time
Summer Deals,Houston,FREESHIP,USD,CUST-2354,returning,2025-09-30T00:44:01.000Z,1,mobile,0,0,369.51,false,374.5,ORD-12000,returned,2025-09-29T00:44:01.000Z,credit_card,Books,PRD-3237,Data Engineering Basics,3,null,marketplace,4.99,same_day,TX,123.17,WH-NY-01,on_time
AI Promo,San Francisco,DATA20,USD,CUST-3001,loyal,2025-10-02T10:15:00.000Z,2,mobile,40,0.1,400,false,360,ORD-20001,completed,2025-09-30T10:15:00.000Z,credit_card,Books,PRD-4001,Python for Data,2,5,web,9.99,standard,CA,200,WH-CA-02,on_time
Weekend Flash,Dallas,FREESHIP,USD,CUST-3002,loyal,2025-10-03T12:20:00.000Z,3,desktop,0,0,850,false,850,ORD-20002,completed,2025-09-30T12:20:00.000Z,debit_card,Electronics,PRD-4002,Wireless Earbuds,5,4,mobile_app,0,express,TX,170,WH-TX-03,on_time
Back to School,Seattle,WELCOME10,USD,CUST-3003,loyal,2025-10-05T08:45:00.000Z,4,tablet,75,0.1,750,false,675,ORD-20003,completed,2025-10-01T08:45:00.000Z,digital_wallet,Home,PRD-4003,LED Lamp,3,5,marketplace,7.99,standard,WA,250,WH-NY-01,on_time
Summer Deals,Boston,NO_COUPON,USD,CUST-3004,loyal,2025-10-06T14:10:00.000Z,5,mobile,0,0,560,true,560,ORD-20004,shipped,2025-10-01T14:10:00.000Z,bank_transfer,Fashion,PRD-4004,Jacket,2,4,web,14.99,express,MA,280,WH-CA-02,late
AI Promo,New York,DATA20,USD,CUST-3005,corporate,2025-10-04T09:00:00.000Z,2,desktop,220,0.1,2200,false,1980,ORD-20005,completed,2025-10-02T09:00:00.000Z,bank_transfer,Electronics,PRD-4005,Tablet Stand,10,5,web,0,same_day,NY,220,WH-NY-01,on_time
Back to School,Chicago,WELCOME10,USD,CUST-3006,corporate,2025-10-05T11:35:00.000Z,3,desktop,310,0.1,3100,false,2790,ORD-20006,completed,2025-10-02T11:35:00.000Z,credit_card,Books,PRD-4006,SQL Fundamentals,10,5,marketplace,14.99,standard,IL,310,WH-TX-03,on_time
Weekend Flash,Houston,FREESHIP,USD,CUST-3007,corporate,2025-10-07T16:40:00.000Z,4,mobile,0,0,1800,false,1800,ORD-20007,completed,2025-10-03T16:40:00.000Z,debit_card,Sports,PRD-4007,Resistance Bands,12,4,mobile_app,0,express,TX,150,WH-TX-03,on_time
Summer Deals,Miami,DATA20,USD,CUST-3008,corporate,2025-10-08T18:00:00.000Z,5,tablet,260,0.1,2600,true,2340,ORD-20008,shipped,2025-10-03T18:00:00.000Z,digital_wallet,Home,PRD-4008,Air Fryer,8,4,web,9.99,standard,FL,325,WH-CA-02,late
